episode,steps,global_step_end,episode_time_s,elapsed_run_time_s,total_reward,total_reward_raw,total_reward_benefit,total_reward_chemical_cost,total_reward_ph_cost,total_stage1_vfa_produced_kgCOD,total_stage2_vfa_removed_kgCOD,total_stage2_ch4_m3,total_chemical_kmol,total_ph_violation_pH_d,final_stage1_pH,final_stage2_pH,mean_stage1_pH,mean_stage2_pH
0,56,56,4.937049388885498,6.715285062789917,43.77193700111671,4377.193700111671,7822.637778600152,277.416,3168.028078488481,5157.438200340147,4993.379762378101,2285.4194435890213,1387.08,6.336056156976962,5.204118145100498,8.733711928210656,6.587697509457562,8.277051184065803
1,56,112,4.663073778152466,11.669895887374878,-21.319076611650008,-2131.9076611650007,6767.432442622892,260.96250000000003,8638.377603787892,5215.586332955272,4792.158741417641,1515.4866296857253,1304.8125,17.276755207575782,5.112834194768352,12.314200564459616,6.455531803553763,9.945176791693482
2,56,168,4.785263776779175,16.77835774421692,36.72848651730341,3672.848651730341,7673.544268126434,263.0245,3737.6711163960927,5090.659018724768,4838.588098477985,2058.989379578622,1315.1225,7.475342232792185,5.200825085970937,9.327565571789277,6.5897590261109285,8.366163946963525
3,56,224,4.866064786911011,21.982661485671997,-0.014318098586010741,-1.4318098586011843,7219.621444182435,268.6205,6952.432754041036,5067.86430717891,4663.187799801242,1557.0604876316388,1343.1025,13.904865508082072,5.2046558333879,12.178720916929633,6.607791873304671,9.38918112915609
4,56,280,4.911760330200195,27.368663549423218,69.98605091292383,6998.605091292383,8596.322521900718,213.04500000000002,1384.672430608336,5185.056216422878,5150.211018230681,3237.98317387859,1065.225,2.7693448612166724,5.107265262030568,6.980602394294912,6.509806098143201,7.36531062043092
5,56,336,4.646249532699585,32.42285919189453,20.307618231848082,2030.7618231848082,6906.821881782634,261.3635,4614.696558597825,5460.721248886663,5088.001375405826,2034.4400543159961,1306.8174999999999,9.229393117195652,5.060752096467787,8.448593447832684,6.379226455139821,8.775621490225445
6,56,392,4.710716962814331,37.521064043045044,-30.379064545948616,-3037.9064545948613,6704.322532509264,307.8415,9434.387487104126,5168.045972732718,4699.203316598476,1342.1918282921301,1539.2075,18.86877497420825,5.131819968611803,11.734670293698285,6.497765051645844,10.111757376366276
7,56,448,4.780090570449829,42.83474564552307,49.40152666880212,4940.152666880213,7704.048849606452,307.3095,2456.5866827262394,5168.453015422132,5040.9881894807295,2360.6954627456657,1536.5475000000001,4.913173365452479,5.094650387057729,8.748331073658546,6.498185358251518,7.691601018922768
8,56,504,4.75587272644043,47.95217847824097,49.61449146032599,4961.449146032599,8030.948945213944,303.2505,2766.249299181344,5188.694068515947,5042.953231012943,2601.8823955992802,1516.2525,5.5324985983626895,5.164879391888641,7.839917820568919,6.538768342865615,8.10719006395345
9,56,560,4.836455821990967,53.16546273231506,49.057064877320116,4905.706487732012,7640.632819084235,281.8555,2453.070831352223,5272.673600608908,5140.640000355943,2413.4912774301583,1409.2775000000001,4.906141662704447,5.0840124536662925,8.14152702666622,6.4815365125826485,7.923553495421983
10,56,616,4.677525997161865,58.24899435043335,51.61543531000888,5161.543531000888,8026.260312313797,254.2435,2610.4732813129085,5032.562479895398,4927.983143200162,2342.1434999491253,1271.2175,5.220946562625818,5.167294882202237,8.39420556030888,6.607686834017954,7.409037058220641
11,56,672,4.58479380607605,63.21925902366638,65.84775173766515,6584.775173766515,7966.939886887945,228.311,1153.8537131214312,5497.533910357096,5470.407381462024,3292.1685275613777,1141.5549999999998,2.307707426242862,5.017505910286418,6.679898319969158,6.29258249767921,7.073603338733645
12,56,728,4.7242937088012695,68.53049731254578,66.30222245766006,6630.2222457660055,8159.807338982393,256.933,1272.6520932163874,5290.777493497637,5264.1407729118455,3161.368165942281,1284.665,2.545304186432775,5.064116385017761,6.65424168512374,6.372293446370484,6.950760486971729
13,56,784,4.893688678741455,73.88250756263733,60.625992995653746,6062.599299565374,8247.139237260213,253.49550000000002,1931.0444376948383,5197.140530923872,5142.036854821035,3132.4428118563596,1267.4775,3.8620888753896763,5.025560752554994,6.360579481168834,6.391918124468838,6.622922604820838
14,56,840,5.328629732131958,79.6455135345459,22.54731892532288,2254.7318925322884,7995.474934724989,277.4085,5463.3345421927,5021.012997339886,4901.0451806550855,2291.8941865824386,1387.0425,10.9266690843854,5.2194151326934115,1.8607819573938507,6.602619288354049,5.631315605171971
15,56,896,4.862290382385254,85.05928039550781,63.85894452813565,6385.894452813565,8485.050096648712,302.7914999999999,1796.3641438351465,5274.056399939858,5231.547413382405,3251.342823332777,1513.9575,3.592728287670293,5.117995665295534,6.635614958025826,6.482674022114616,7.44859534774208
16,56,952,4.596513271331787,90.19894742965698,-29.778916374607018,-2977.891637460702,7378.975198120427,233.42999999999998,10123.43683558113,4946.133928529414,4677.736680312662,1603.30602708083,1167.15,20.24687367116226,5.2380513544006755,1.6170778253679878,6.601587867501792,4.211287907685304
17,56,1008,4.724010705947876,95.56480407714844,61.74086080742527,6174.086080742527,8078.08143938373,278.1195,1625.875858641203,5254.698761947815,5214.0612196705915,2944.927304039248,1390.5974999999999,3.251751717282406,5.060079213603121,4.754273030863261,6.427430122379497,7.0225173206571725
18,56,1064,4.673570871353149,100.71841883659363,66.22169475700917,6622.169475700917,8477.677648293298,301.727,1553.7811725923798,5121.8066436721765,5089.422577829972,3010.0761633697375,1508.6349999999998,3.107562345184759,5.166511784874426,5.539752765906532,6.528331010365534,6.919875450248058
19,56,1120,4.7018866539001465,105.94651079177856,30.44229705523016,3044.2297055230156,8128.844630287493,243.48249999999996,4841.132424764479,5093.182148656436,4865.316819794913,2517.4115534106177,1217.4125,9.682264849528956,5.172958088626157,5.075087244319674,6.598143670352583,5.723456789935843
20,56,1176,4.785572528839111,111.27613592147827,42.31457074819148,4231.457074819147,7980.152697910719,234.18349999999995,3514.512123091572,5429.613969644897,5280.978247042457,3197.6957795306525,1170.9175,7.029024246183144,5.0188034922224976,7.741786375763043,6.33505280311172,6.355736148054985
21,56,1232,4.686618089675903,116.5791563987732,42.55108657112746,4255.108657112745,7301.086259459789,215.6345,2830.3431023470434,5233.791232211754,5030.225752553312,2100.60163367446,1078.1725,5.660686204694088,5.062949461992096,5.6873084010356685,6.463927255743678,6.354253404881869
22,56,1288,4.667691946029663,121.7578558921814,65.57447088338836,6557.447088338837,8081.325516844408,248.61149999999998,1275.2669285055713,5311.620792072333,5281.868146049346,3117.888100304511,1243.0575,2.5505338570111427,5.047787215614944,6.9929783844711135,6.368655734575823,7.035630971431853
23,56,1344,4.584520578384399,126.9509494304657,72.37391370007131,7237.391370007132,8758.517446510923,188.66400000000002,1332.4620765037926,5039.187990362689,5013.576628655688,3168.6833806358723,943.3199999999999,2.6649241530075853,5.1714321453677154,6.9223761793775465,6.547864305745946,7.009033727440282
24,56,1400,4.762883186340332,132.2909767627716,67.93555305730581,6793.555305730581,8222.219410840695,144.1415,1284.5226051101147,5360.95305061975,5329.993689685567,3221.0447398486685,720.7075,2.5690452102202292,5.095503695686495,6.8730529697347045,6.375615900591394,7.032597559853985
25,56,1456,4.619031667709351,137.62165331840515,68.83946767702412,6883.946767702413,8315.941362328515,234.05150000000003,1197.9430946261004,5389.918418190803,5362.366339380591,3317.10516550416,1170.2575000000002,2.3958861892522005,5.10203045119975,6.765611406917291,6.3736628262194,7.041504509320587
26,56,1512,4.64983868598938,142.90581488609314,74.60085335417749,7460.085335417748,9150.956671947399,128.974,1561.897336529651,4973.580839478427,4944.703466028992,3154.818316256869,644.8699999999999,3.123794673059302,5.50189652144819,7.2983148840782155,6.74010300874393,7.124605088576857
27,56,1568,4.51957631111145,148.0352680683136,62.25493885382474,6225.493885382475,8878.775361227377,134.8585,2518.422975844901,4984.211817223515,4922.137135350333,3034.2017846334597,674.2925,5.036845951689802,5.427939518819992,6.941021480086792,6.669507680664113,6.394002609931663
28,56,1624,4.6049394607543945,153.25859451293945,72.8699522197195,7286.995221971949,8786.677141021995,185.19100000000003,1314.4909190500452,4986.157300551873,4964.145115102821,3036.9751866850347,925.9549999999999,2.6289818381000902,5.326083887391216,7.313577817040725,6.609782809141996,7.003693869049876
29,56,1680,4.705435514450073,158.73051238059998,72.20346041171095,7220.346041171096,9306.23795919087,117.81050000000002,1968.0814180197742,4882.242375504932,4844.067710590843,2985.719020092938,589.0525,3.9361628360395486,5.926397632934884,7.571128895660139,6.80502660761078,6.896739056753305
30,56,1736,4.635074138641357,164.34999060630798,73.56359330940504,7356.359330940504,9007.352629630648,85.1695,1565.8237986901463,5190.515866434853,5169.505556981146,3317.11142062622,425.8475,3.1316475973802924,5.316956240884626,6.817553212427394,6.693921171868941,6.88475972791653
31,56,1792,4.660106420516968,169.88432049751282,59.42706194896375,5942.706194896375,8766.132716152006,128.644,2694.7825212556327,4966.924141540821,4883.2367791662155,2872.8279489539154,643.22,5.389565042511265,5.430487791599452,5.940158868557204,6.678429459196429,6.340092786304526
32,56,1848,4.524591684341431,175.061674118042,73.10114971222953,7310.114971222953,9546.769168145414,156.519,2080.1351969224634,4849.309841828505,4814.65661659563,3118.038211410252,782.595,4.160270393844926,6.0858874608567675,6.451929181244885,6.83961187609984,6.6012921277493115
33,56,1904,4.700551271438599,180.42332005500793,66.95318677227925,6695.318677227926,9035.433366723431,130.15800000000002,2209.956689495505,5136.871260965108,5105.203357581016,3245.852584437843,650.79,4.419913378991011,5.479470632372844,6.235563547723567,6.725543786319499,6.5133623542714645
34,56,1960,4.542073011398315,185.68857145309448,71.92262237496597,7192.262237496598,8377.031546128981,72.358,1112.4113086323846,5363.496696584514,5341.192441574762,3419.309097049602,361.79,2.2248226172647687,5.142686318461743,6.6728677080741825,6.343625563277594,6.822631303705974
35,56,2016,4.625125169754028,191.3420078754425,65.86348806819657,6586.348806819658,8725.35477571302,128.208,2010.7979688933615,5337.885428299185,5305.851231351389,3326.205611715275,641.04,4.0215959377867225,5.21981602774777,6.50430154056116,6.592910835040601,6.534086294577849
36,56,2072,4.487117290496826,196.51563811302185,72.34758415388085,7234.758415388085,9441.897366387038,98.8605,2108.278450998955,4762.034145317586,4726.453809982087,3091.6685951629515,494.30249999999995,4.21655690199791,5.8216656510727445,6.479393944495267,6.768913264527841,6.525114561911407
37,56,2128,4.5293450355529785,201.7305326461792,69.39330837033052,6939.330837033052,8909.681997195332,155.472,1814.8791601622797,5057.424453652553,5028.047696142405,3161.1753139532807,777.36,3.6297583203245596,5.302401025713197,6.465871126280938,6.667047418976209,6.670283520843587
38,56,2184,4.348789691925049,207.1151237487793,69.46100353180559,6946.100353180558,8996.739856089445,97.7715,1952.8680029088873,5269.725117118736,5243.596658540858,3229.300372768007,488.85749999999996,3.905736005817775,5.579164538628545,6.800238412889909,6.7883867150024315,6.66346219608382
39,56,2240,4.356166362762451,212.2236053943634,58.90249152538958,5890.249152538958,8057.509512914537,158.26000000000005,2009.0003603755797,5551.22763218165,5504.187351186796,3345.660438341224,791.3,4.018000720751159,4.9696226217278445,6.728615142613465,6.364227466390785,6.510541265598853
40,56,2296,4.385996580123901,217.29980492591858,60.68916948994831,6068.916948994831,8341.115895511244,148.50400000000002,2123.694946516413,5329.786481826322,5288.700711009575,3240.2340846075895,742.52,4.2473898930328255,5.007134048027116,6.127940745401763,6.460716876365176,6.523776400308946
41,56,2352,4.492434501647949,222.74026441574097,63.110745346769164,6311.074534676916,8737.677098113774,175.74300000000002,2250.8595634368576,5132.592267330066,5089.72051956651,3059.502617967186,878.715,4.5017191268737164,5.218307908496743,6.036995584855435,6.642821721867078,6.482134555083131
42,56,2408,4.494871377944946,227.97270607948303,66.601097382843,6660.109738284299,9431.676632552604,173.18550000000002,2598.3813942683055,4936.9309294885825,4887.789759161486,3149.789200940362,865.9275,5.196762788536611,5.882818483579785,6.5093417726008,6.83127060310224,6.450120897297517
43,56,2464,4.592136859893799,233.31352877616882,68.98955021393681,6898.955021393682,9040.833272873777,152.368,1989.5102514800967,4963.8356884426885,4933.6118797751815,3123.9797424617714,761.8399999999999,3.9790205029601937,5.310738503216029,6.181994525103655,6.691111785960687,6.574083155208223
44,56,2520,4.364654779434204,238.54597926139832,71.83982349345239,7183.982349345239,9351.364580256753,104.68299999999999,2062.6992309115158,4834.071358972777,4805.781664079457,3147.355375676324,523.415,4.125398461823031,5.554692553136586,6.489740020936515,6.775216940471992,6.571237631294977
45,56,2576,4.415297746658325,243.74632120132446,69.22339790294942,6922.339790294942,8984.619946838458,133.31650000000002,1928.963656543517,5239.118540492378,5211.213314030923,3244.2887120253617,666.5825,3.857927313087034,5.45838135982231,6.295693288481687,6.738204387164659,6.677445728133855
46,56,2632,4.490575551986694,249.03389596939087,75.21814810102134,7521.814810102134,9611.336072434446,109.23349999999999,1980.287762332312,4959.279462166969,4934.22579935914,3231.6968799445126,546.1675,3.9605755246646237,6.023308484818811,6.461774139391935,6.856709863784873,6.651699262164522
47,56,2688,4.332642078399658,254.22876811027527,82.04889587578988,8204.889587578988,9839.537930459821,68.957,1565.6913428808334,4730.806752678032,4706.9037117597145,3187.703132681052,344.785,3.131382685761667,6.34805969970154,6.92885002743743,6.837842134812585,6.978921259328127
48,56,2744,4.430441379547119,259.45815658569336,73.94593681134252,7394.593681134253,9460.764110863116,111.315,1954.8554297288651,5047.80029768482,5022.222521618416,3289.3266880541605,556.5749999999999,3.9097108594577303,5.70381151344609,6.064604824314941,6.816106189919345,6.660837479327539
49,56,2800,4.47648024559021,264.82516407966614,78.47250635131246,7847.250635131246,9655.446051373012,126.18350000000001,1682.0119162417664,4770.871572793178,4750.20090479455,3041.139817929512,630.9175,3.3640238324835328,6.320889783935969,6.953495473482409,6.856561337685824,6.939875047046992
50,56,2856,4.38006067276001,270.1207375526428,73.59399957707865,7359.399957707863,9110.504922680673,98.458,1652.6469649728092,5047.9493236543385,5023.3890627854025,3255.6566591580045,492.28999999999996,3.305293929945618,5.293090070594802,6.672567800193465,6.699308249543549,6.7757819051506045
51,56,2912,4.390669584274292,275.377236366272,75.35195659833879,7535.195659833878,9515.742284289383,121.128,1859.418624455504,5027.294049500724,5003.139015242674,3267.7540306598903,605.64,3.718837248911008,5.810927072254574,6.006152274620206,6.853150850498223,6.875380088770676
52,56,2968,4.378184080123901,280.9752676486969,75.77042906763907,7577.042906763907,9704.308503820737,74.225,2053.040597056831,5069.023031490639,5046.57249025626,3239.2832439211197,371.125,4.106081194113662,6.5030255964497234,6.627831621243606,6.92584358342024,6.676041289599179
53,56,3024,5.010967254638672,286.84653639793396,74.43635355366239,7443.635355366238,9625.88027135333,89.3315,2092.9134159870905,5170.345245616099,5146.761004614358,3304.7625037723597,446.6575,4.185826831974181,6.415558895502983,6.360807469404236,6.923890817619137,6.656644471530046
54,56,3080,4.586355447769165,292.2697720527649,76.73198801101664,7673.198801101664,9615.983279923235,49.425,1893.3594788215719,5126.431154654543,5105.369380578339,3191.278541195134,247.125,3.786718957643144,6.546124359020952,7.124803289134569,6.9314483271585585,6.896082717681738
55,56,3136,4.492384672164917,297.659784078598,72.21840920656467,7221.840920656468,9369.60519814778,132.602,2015.1622774913121,4942.335402730617,4912.460309238728,3152.1903784782107,663.01,4.030324554982624,5.863618606023571,6.660044832526696,6.808318460570539,6.590852748354059
56,56,3192,4.484761476516724,303.2870578765869,79.24560231178961,7924.560231178961,9742.893746353964,39.283500000000004,1779.0500151750036,4992.538490478164,4970.977118057492,3209.2214868858027,196.4175,3.5581000303500074,6.510474335758568,7.225903282874609,6.902969602617975,7.034308796955058
57,56,3248,4.559227705001831,308.782607793808,74.86961389975461,7486.96138997546,9577.674584476848,157.33300000000003,1933.3801945013868,4940.036966973574,4915.20809835196,3037.6725933979546,786.665,3.8667603890027733,6.45719910923278,7.234003310015185,6.890201024603551,6.890778301384101
58,56,3304,4.47196364402771,314.5380551815033,77.19193417403511,7719.1934174035105,9593.573320212387,84.46900000000001,1789.9109028088749,5023.66882275262,4998.892735049797,3127.222662585299,422.345,3.57982180561775,6.458177610420228,7.3672099508293565,6.903428160951465,7.072401404096603
59,56,3360,4.536670207977295,320.0114200115204,77.58910647263383,7758.910647263383,9694.722288790033,53.587500000000006,1882.2241415266494,5071.252604570895,5049.914053109636,3226.556133396401,267.9375,3.764448283053299,6.557382460140089,7.238516597524813,6.928399784337072,6.887310265863568
60,56,3416,4.491346120834351,325.74592208862305,78.34384538761957,7834.384538761957,9738.333511641005,81.984,1821.9649728790498,5001.889258675439,4980.138571991962,3224.2002165137565,409.92,3.6439299457580994,6.432020508707999,6.991957178005107,6.914598229160901,6.994823339634592
61,56,3472,4.5353920459747314,331.3156361579895,73.14775126547869,7314.775126547869,9016.90377755757,82.80349999999999,1619.3251510097011,5273.959796834368,5252.195090244691,3405.7550280197643,414.0175,3.2386503020194017,5.352122067066465,6.5969571194307655,6.704028275287582,6.846804315798358
62,56,3528,4.4360268115997314,337.24531054496765,78.91988921472324,7891.9889214723225,9689.17429786075,44.569500000000005,1752.6158763884266,4978.923988868475,4957.176749995815,3154.2582258812354,222.8475,3.5052317527768535,6.48626631180839,7.479236119210001,6.8952079443781935,7.06656128917495
63,56,3584,4.37615966796875,342.6278078556061,80.19291237814913,8019.291237814912,9873.299927142918,53.57500000000001,1800.4336893280042,4972.485388773992,4951.737785118411,3325.5386539977453,267.875,3.600867378656009,6.534800046148933,6.715095277973469,6.908600143901755,6.93136353206161
64,56,3640,4.458536386489868,348.1826333999634,76.21026089265762,7621.0260892657625,9685.432438979147,94.438,1969.9683497133844,5017.096573091088,4990.000644540302,3173.24538280482,472.19,3.939936699426769,6.562718038739042,6.870486184201347,6.92352739346727,7.124822415834379
65,56,3696,4.5559399127960205,353.82072949409485,70.43847909515642,7043.847909515643,9479.357650810907,112.876,2322.6337412952635,5070.621004773882,5029.703564496851,3010.7096808158717,564.38,4.645267482590527,6.55918063113521,6.137944109029821,6.929114759222303,6.652817660431126
66,56,3752,4.526507139205933,359.4099717140198,75.84008799228083,7584.008799228082,9784.206582197488,93.31450000000001,2106.8832829694056,4837.015895730421,4807.905397809987,3123.0800008901224,466.57250000000005,4.213766565938811,6.560200561827931,5.979917021974786,6.898709322941115,6.6902771736942475
67,56,3808,4.446131229400635,365.08136010169983,76.92152569480751,7692.1525694807515,9764.628335364725,114.183,1958.2927658839726,4980.33572849992,4954.961109463604,3234.8107331095844,570.9150000000001,3.916585531767945,6.526766184439067,6.2550628061334645,6.911272451106505,6.955105702738176
68,56,3864,4.600078821182251,370.7154266834259,72.97899996432517,7297.899996432517,9705.469537308432,171.06900000000002,2236.500540875915,4867.976308447066,4832.515015586873,3090.755599221976,855.345,4.47300108175183,6.518399265862172,5.712753366237731,6.896480120419469,6.743315872466153
69,56,3920,4.416194438934326,376.3957896232605,76.3493012496361,7634.93012496361,9769.477123415803,139.26550000000003,1995.2814984521947,4982.467193274335,4956.429106648089,3235.265559949252,696.3275000000001,3.99056299690439,6.52619909773203,5.853460376421352,6.908118416717767,6.7948487297836255
70,56,3976,4.515733003616333,382.011741399765,70.18227357183929,7018.227357183929,9525.296668613828,150.0695,2356.9998114298987,4949.063011497408,4901.751514586259,2978.256909362936,750.3475,4.713999622859797,6.437975945669114,6.868116951748128,6.897931485493092,6.6417553361513475
71,56,4032,4.978578090667725,388.27944231033325,73.12309477760958,7312.3094777609585,9512.1167793511,87.6945,2112.1128015901418,5073.523136161424,5046.030209715649,3261.451596686015,438.4725,4.224225603180283,6.0827063749256345,6.309974847626821,6.875282529271986,6.7419641922228255
72,56,4088,4.711657285690308,394.06451869010925,79.84762976185709,7984.76297618571,9662.440196826541,78.233,1599.4442206408314,4953.356735935298,4931.992028353738,3294.427220682157,391.165,3.1988884412816625,6.132313832147519,6.75758358846157,6.841767048106535,7.007998737413976
73,56,4144,4.6319334506988525,399.95331382751465,78.80462448449273,7880.462448449273,9783.08884592325,77.35849999999999,1825.267897473977,5038.172961071834,5016.284222372074,3364.7852227764433,386.7925,3.6505357949479538,6.377671182762971,6.4936576540361814,6.889879070575678,6.81960157692261
74,56,4200,4.632205963134766,405.79583382606506,78.55764528986198,7855.764528986198,9784.925111336805,69.2885,1859.8720823506042,5121.369265955756,5099.844401619201,3407.2490161238984,346.4425,3.719744164701208,6.396565547335651,6.527136386383,6.918030480579598,6.95561231972894
75,56,4256,4.866851091384888,411.90649580955505,81.10400306408192,8110.400306408193,9991.164984313473,95.36350000000002,1785.4011779052794,4869.941910810709,4840.306888714948,3365.5280556306766,476.8175,3.5708023558105593,6.530175938542523,6.781163106336757,6.8964297182445575,7.258906457084267
76,56,4312,4.78019642829895,418.62567472457886,79.24768514682029,7924.768514682029,9883.693401537894,125.02650000000001,1833.8983868558653,4961.328338677559,4936.714758658436,3341.4780517042377,625.1325,3.6677967737117303,6.526237272337505,6.590489964132859,6.910220659366841,6.969330719166379
77,56,4368,4.691948652267456,425.50591135025024,77.36301976847373,7736.301976847373,9782.608106470925,135.663,1910.6431296235532,5072.121769322102,5045.8572002560995,3357.7849637255144,678.315,3.8212862592471066,6.427952663317138,6.93359873794183,6.917221162934128,6.872518118778663
78,56,4424,4.422859191894531,431.4637622833252,78.573003744351,7857.300374435101,9729.561328063364,66.9565,1805.3044536282637,5079.264444732988,5058.279641609679,3392.8994010594142,334.7825,3.610608907256527,6.282091194712763,6.638607751490525,6.904489758101773,6.885178515406486
79,56,4480,4.5772693157196045,437.2404112815857,80.298847149045,8029.884714904501,9846.026803507555,59.3465,1756.7955886030545,4923.599159330569,4902.578431531801,3371.801202551739,296.73249999999996,3.5135911772061093,6.293623488234598,6.6182865926690075,6.888744951923671,6.916301993459458
80,56,4536,4.599554061889648,443.1679198741913,74.1796808280408,7417.96808280408,9333.65449702218,75.96950000000001,1839.716914218102,5222.584980469905,5199.906586950585,3381.006626170537,379.84749999999997,3.6794338284362036,5.693587904221916,6.425409403726547,6.8400183470773595,6.734037711374559
81,56,4592,4.443359375,448.8350455760956,80.62975200760852,8062.975200760853,9760.451658196993,95.4515,1602.02495743614,4806.112719966035,4785.264900913268,3304.058637942966,477.25750000000005,3.2040499148722796,5.974143937426609,6.690570093228604,6.836297640179052,6.938595211639133
82,56,4648,4.341812610626221,454.42270612716675,81.45841664694834,8145.8416646948335,9918.30392859066,63.77949999999999,1708.6827638958268,4823.387387523508,4802.969765762573,3337.610588476664,318.8975,3.4173655277916537,6.319339729785311,6.668003210109551,6.879767340812315,6.894184202659092
83,56,4704,4.387714862823486,460.33530020713806,79.8294924881267,7982.949248812671,9854.784570647606,59.34400000000001,1812.4913218349345,4971.234138966982,4950.622363503109,3304.4084865162013,296.72,3.6249826436698687,6.5190014023982314,6.694985502878243,6.912538321371168,6.8529846264946945
84,56,4760,4.5022172927856445,466.0939464569092,79.22124042467696,7922.124042467696,9794.122843022382,95.1255,1776.873300554685,4872.591854864365,4850.262864534401,3187.9985545623276,475.62750000000005,3.5537466011093706,6.509536445736368,6.967760956325564,6.896280573215583,7.074983937782854
85,56,4816,4.545024633407593,472.1033926010132,78.80291258465164,7880.291258465164,9793.767908962878,65.726,1847.7506504977146,5045.1720694376245,5024.53912631471,3329.815718564306,328.63,3.6955013009954287,6.465835663835706,6.652732498578116,6.914971629950045,6.797178792081614
86,56,4872,4.390496492385864,477.76107263565063,81.28578859531046,8128.578859531048,9924.156128969473,65.15,1730.4272694384254,4865.81674840206,4845.229325036184,3318.0278504109165,325.75,3.46085453887685,6.426024013686471,6.58513726157268,6.88741799521148,6.892485405098804
87,56,4928,4.401708364486694,483.62486147880554,80.83087480176687,8083.087480176687,9868.828661120733,40.1955,1745.5456809440461,4779.625137399302,4759.318107561225,3160.4532933158334,200.9775,3.4910913618880923,6.569157047214764,7.082628659716305,6.89388296506072,6.966145365960498
88,56,4984,4.431483745574951,489.33774161338806,80.28772875317603,8028.772875317602,9839.683145111547,40.044,1770.8662697939467,4854.177047462774,4832.98785891576,3199.5013265078323,200.22,3.541732539587893,6.534822167872381,7.040947208916556,6.900837057903585,7.00220324944254
89,56,5040,4.3618974685668945,495.1225504875183,81.58841012448727,8158.841012448726,9998.860552134216,98.50999999999999,1741.5095396854917,4769.832939363861,4748.6281243158965,3282.3022445162055,492.55,3.483019079370984,6.568363882383821,6.761368579870268,6.892725606407262,7.011285303102363
90,56,5096,4.393761396408081,500.8429844379425,82.96577741507667,8296.577741507668,10025.106453709652,116.9555,1611.5732122019838,4556.43109809966,4534.317292820545,3149.845427913817,584.7774999999999,3.223146424403968,6.5452977114442294,6.856570594029387,6.855331162844365,7.12648203355589
91,56,5152,4.269364595413208,506.6274917125702,82.81782754114403,8281.782754114403,9976.46940816451,66.006,1628.6806540501077,4661.483342355599,4641.872252650569,3219.881371372143,330.03,3.257361308100215,6.42822007016644,6.6248541143420105,6.856522897074894,6.8457185374637195
92,56,5208,4.334257364273071,512.2796757221222,79.38346800859927,7938.346800859927,9978.86725376706,95.50999999999999,1945.0104529071355,4719.560519304605,4695.088610954679,3223.7351917419446,477.54999999999995,3.890020905814271,6.519115934998289,6.976870279097448,6.883975252057925,6.733832290629644
93,56,5264,4.354377031326294,518.189954996109,79.72423844547401,7972.423844547403,9799.716582664834,69.352,1757.9407381174306,4906.800025610226,4885.354402588888,3278.3250702045398,346.76,3.5158814762348616,6.328492233454461,6.782792441080921,6.888512035634128,6.865960330338696
94,56,5320,4.5080246925354,524.061271905899,78.26533764209938,7826.533764209939,9771.254163143038,135.0065,1809.7138989330979,4973.487452441701,4946.7387154762055,3222.2318774687888,675.0325,3.6194277978661957,6.514618976596901,7.079863827523967,6.910688638370168,7.18115308393905
95,56,5376,4.452224254608154,529.9835803508759,80.59186675000784,8059.186675000784,9860.898518940605,48.288,1753.4238439398205,4811.429252394541,4791.155413962819,3193.8767422808332,241.44,3.506847687879641,6.548569595321993,7.017253195745809,6.895959107638881,6.893646589315712
96,56,5432,4.445235967636108,535.8555715084076,81.39483601547144,8139.483601547146,9942.322177685746,56.3455,1746.4930761386017,4836.380704353493,4814.903588356738,3277.7977963803196,281.72749999999996,3.4929861522772034,6.548344525176332,6.795586319951739,6.893984034171782,6.9585377600360285
97,56,5488,4.5716469287872314,541.8532984256744,80.17522362665737,8017.522362665737,9847.02046863264,51.739000000000004,1777.759105966902,4892.683647475784,4870.144602767969,3233.376169441911,258.695,3.555518211933804,6.547169757084146,7.022519466351274,6.902909638998059,7.094117410586553
98,56,5544,4.481875419616699,547.9129514694214,80.04656030226286,8004.656030226284,9718.33626354886,65.89450000000001,1647.785733322573,4847.307791894068,4824.446602230873,3171.548331898689,329.47249999999997,3.295571466645146,6.252379692450605,7.127823378109303,6.861385147745651,7.066910161231947
99,56,5600,4.7251012325286865,554.8104531764984,79.81789154724103,7981.789154724103,9733.13930333118,68.276,1683.0741486070779,4833.575123086947,4809.74318225362,3176.4077511953674,341.38,3.3661482972141554,6.29754087291061,7.130200914176729,6.872892280792164,7.171336219984255
100,56,5656,4.692328453063965,560.9964728355408,77.14471170652382,7714.471170652383,9643.711051133318,137.93900000000002,1791.3008804809347,4974.197687746932,4952.09217661987,3120.1761873873597,689.6949999999999,3.5826017609618694,6.476187619617249,7.080611611644412,6.904439648162198,7.046778993961995
101,56,5712,4.496149063110352,566.9897582530975,77.87182879565414,7787.182879565415,9584.250618279064,169.20350000000002,1627.8642387136515,4730.164400803575,4708.934077705915,2926.6831575386523,846.0175,3.2557284774273025,6.377911639353725,7.3996503253411,6.858111431636341,7.017471045570948
102,56,5768,4.549127578735352,573.3694605827332,77.57057587677826,7757.057587677826,9615.700217924681,130.74450000000002,1727.898130246855,4850.641966190253,4827.559670109142,3020.5859876949894,653.7225000000001,3.4557962604937105,6.437745841870155,7.323037873249318,6.88580629950756,7.115216896455761
103,56,5824,4.536172389984131,579.3633227348328,77.92026058403705,7792.026058403704,9728.833213496326,199.538,1737.2691550926204,4825.324428147713,4804.834822994181,3061.915724621508,997.69,3.474538310185242,6.539275905444775,7.0148670457332765,6.890782805507249,6.888349397261964
104,56,5880,4.625981569290161,585.7477414608002,79.01836853420623,7901.836853420624,9854.610594518103,207.95800000000003,1744.8157410974788,4784.509274813705,4757.9064746088625,3156.6779984006225,1039.79,3.4896314821949574,6.503831835804601,6.901727337426458,6.891457772550298,7.215449477101726
105,56,5936,4.717902660369873,592.0761692523956,79.80700358189148,7980.700358189146,9887.419484887068,138.46250000000003,1768.2566266979202,4902.682265914235,4880.5657975185,3304.281083834998,692.3125,3.536513253395841,6.441131402119809,6.673339775785272,6.898959621761998,6.950828148382433
106,56,5992,4.472628593444824,598.0275735855103,81.61665793156332,8161.665793156331,9847.024827933934,99.799,1585.5600347776003,4592.897138075745,4571.8465310498905,3116.049986653381,498.99499999999995,3.171120069555201,6.234200710558417,7.060665341388974,6.842937509638365,7.02516782223747
107,56,6048,4.7264792919158936,604.6000511646271,76.37200753707074,7637.200753707073,9570.78022331862,217.9195,1715.6599696115454,4883.213509227178,4858.528966745274,3045.3799053919283,1089.5974999999999,3.431319939223091,6.332904819059243,7.200871335993716,6.876810391251053,7.12934603161104
108,56,6104,4.506858587265015,610.6281309127808,80.11607210782586,8011.607210782586,9905.537615927504,95.26299999999999,1798.6674051449188,4895.101454538888,4873.163999187065,3298.2338451954583,476.315,3.597334810289837,6.5391192076799065,6.88831774694637,6.908819239204498,7.014594634893775
109,56,6160,4.53318452835083,616.7178521156311,74.63294284504195,7463.294284504194,9469.155069894645,215.502,1790.3587853904517,4818.47417353876,4791.690165471908,2852.1660038911623,1077.5099999999998,3.5807175707809034,6.443453935967692,8.112549080182179,6.882937343716476,7.011113076640028
110,56,6216,4.523944139480591,623.1543278694153,77.48171001308302,7748.1710013083,9615.927065256908,109.3895,1758.366563948609,4913.485768258881,4890.690740694499,3036.7404466586286,546.9475,3.516733127897217,6.440319118674918,7.486527697710707,6.89451222216145,7.007302177675463
111,56,6272,4.485337495803833,629.2066597938538,76.94124109051167,7694.124109051167,9658.71472842147,205.05650000000003,1759.5341193703023,4888.875409844767,4867.087693593283,3066.1560565761256,1025.2825,3.519068238740605,6.5032981506733165,7.293679997161281,6.89709598210564,7.02777385881178
112,56,6328,4.429555177688599,635.4293036460876,78.67502622826544,7867.502622826544,9800.43203520135,170.34400000000002,1762.5854123748043,4918.146429937515,4894.74884144811,3253.0489802649486,851.72,3.5251708247496087,6.397454631116762,6.829770896993446,6.8970103229298445,7.079554316472914
113,56,6384,4.514976739883423,641.5834484100342,77.99078318921364,7799.078318921365,9746.360758184706,163.5825,1783.6999392633409,4866.5171691215355,4844.819463848183,3110.013316753466,817.9124999999999,3.5673998785266816,6.535944030605294,6.981161500827386,6.904521510357656,7.003621448920266
114,56,6440,4.4580512046813965,647.784955739975,77.1745247490248,7717.45247490248,9740.371869650658,210.76950000000002,1812.1498947481773,4904.667251535927,4880.857275735731,3137.773152405325,1053.8474999999999,3.6242997894963547,6.494943948105723,6.973511270208321,6.905239206554116,7.019562149126921
115,56,6496,4.489670276641846,654.1907062530518,79.15849116402676,7915.849116402675,9824.100933866022,132.6455,1775.6063174633455,4837.60467548139,4815.492194683052,3164.606916616147,663.2275,3.551212634926691,6.53272904733129,7.235633918454972,6.899757826835879,7.013592230389312
116,56,6552,4.460359573364258,660.3395464420319,78.95802764642819,7895.802764642819,9787.611732125712,169.24350000000004,1722.5654674828916,4715.539778406552,4694.5550283170405,3030.1301329857724,846.2175,3.4451309349657833,6.542218843389942,7.3595512645319054,6.8870092466114885,6.972982935572472
117,56,6608,4.423675537109375,666.4658210277557,76.14602297022644,7614.602297022644,9579.476972093655,142.7945,1822.0801750710102,4973.567361637572,4950.500623134932,3041.980977269107,713.9725,3.64416035014202,6.5378571914899775,7.839976437796849,6.913671747374089,7.053039545586814
118,56,6664,4.488378047943115,674.0762715339661,78.05270940779602,7805.270940779602,9713.785637260877,169.133,1739.3816964812722,4765.594503933438,4743.052418066132,3000.6768058241296,845.665,3.4787633929625446,6.552495595870587,7.511561015344452,6.8880091288318726,7.002958377450355
119,56,6720,4.564356803894043,680.3257234096527,78.76470950553579,7876.470950553578,9693.946918581985,95.38900000000001,1722.0869680284072,4834.139808643426,4810.770501163792,3071.146068624438,476.945,3.4441739360568144,6.401985853533748,7.690100308117932,6.885786578631597,7.063176216652819
120,56,6776,4.433757066726685,686.925208568573,79.07708470559677,7907.708470559677,9768.736497803795,105.1945,1755.8335272441172,4803.985231435981,4773.42396875188,3087.5601263453386,525.9725,3.5116670544882345,6.5198015605862985,7.94175556016821,6.889811106860307,7.31420786383639
121,56,6832,4.520462989807129,693.1348321437836,78.07377794832679,7807.377794832679,9745.950293591133,108.0815,1830.4909987584533,4984.133773256154,4959.37458867112,3229.548797296461,540.4075,3.660981997516906,6.4727703051532135,7.11610133306372,6.9103186892475845,7.171315437530452
122,56,6888,4.331490516662598,699.2036190032959,82.07179276057346,8207.179276057346,9979.369029544108,60.475500000000004,1711.7142534867612,4697.301296258538,4676.31636273035,3213.169932540557,302.3775,3.4234285069735226,6.5124814869846075,6.827708178985486,6.883752955416591,6.9778420634858875
123,56,6944,4.409238338470459,705.5665476322174,79.89972576494768,7989.972576494767,9892.068191908576,104.621,1797.4746154138088,4940.015161080144,4918.267170963392,3338.848074428599,523.105,3.594949230827618,6.402366554929109,6.796350608660891,6.907349653697748,6.987782869028962
124,56,7000,4.553441524505615,711.8657145500183,78.97068099357476,7897.068099357475,9651.556437779771,163.226,1591.2623384222952,4689.326279890297,4666.698670405026,3042.3768957993243,816.1299999999999,3.18252467684459,5.982806804217148,7.107383182716085,6.835800112794656,7.109981992769322
125,56,7056,4.457204818725586,718.2526075839996,80.2051449823221,8020.514498232209,9787.280991841748,79.80199999999999,1686.96449360954,4685.432981507396,4663.079829344607,3022.9928393724413,399.01,3.3739289872190805,6.4534479670784695,7.752311894093533,6.876196823107819,7.097967791346287
126,56,7112,4.47170090675354,724.7289164066315,77.07448767335177,7707.448767335178,9581.093765066935,108.60400000000001,1765.0409977317572,4936.290360201965,4912.654097759155,3098.647647605331,543.02,3.5300819954635143,6.170537427838396,7.364839402487757,6.892716833418228,7.141347269374619
127,56,7168,4.463719606399536,730.9074726104736,78.41467302306555,7841.4673023065525,9721.216272254744,97.43299999999999,1782.3159699481903,4920.675833353405,4898.49453249432,3141.2147695632325,487.16499999999996,3.5646319398963806,6.414554443080969,7.227235592441187,6.903122782055683,7.0466547113376965
128,56,7224,4.3974525928497314,738.2236728668213,81.14694498688839,8114.694498688838,9943.240815182311,73.957,1754.589316493474,4844.928371492694,4823.177759259033,3301.5440232657375,369.78499999999997,3.5091786329869477,6.489419431699749,6.871050359301351,6.895813868280549,7.001639517985867
129,56,7280,4.485995769500732,744.6985790729523,79.87437787117375,7987.437787117374,9848.486190218602,112.41299999999998,1748.6354031012281,4840.215424948526,4817.10388862361,3200.429528827751,562.0649999999999,3.4972708062024562,6.444650485930606,6.850282513758764,6.893743370028438,7.126265215766836
130,56,7336,4.535146474838257,751.3167946338654,77.32784761343468,7732.78476134347,9698.101580606344,171.60700000000003,1793.7098192628737,4891.02405941052,4866.048229831164,3082.49997945244,858.0349999999999,3.5874196385257475,6.496549142036855,7.644378902378872,6.903482233474455,7.107260130794289
131,56,7392,4.4789721965789795,757.5868937969208,79.51924393537458,7951.924393537458,9849.870123598244,113.1625,1784.7832300607856,4871.056007363159,4848.611607476506,3218.11882640579,565.8125,3.569566460121572,6.520029321945384,7.230511871407382,6.904600258722995,7.072895238087738
132,56,7448,4.3766770362854,763.9793229103088,80.81555330640359,8081.555330640359,9923.767753249507,126.41950000000001,1715.7929226091483,4751.376168041112,4729.051814415329,3203.4313414537705,632.0975000000001,3.4315858452182963,6.514387041984438,6.828858072130847,6.8839939794089275,7.074517329515577
133,56,7504,4.768387079238892,770.8697593212128,79.05292785781569,7905.29278578157,9757.118108787065,174.03650000000002,1677.788823005495,4812.552908563988,4786.869089065205,3170.393670267699,870.1824999999999,3.35557764601099,6.222513464449593,6.731485052736928,6.864630355726928,7.166975879521535
134,56,7560,4.457688570022583,777.2414155006409,81.41964867109435,8141.964867109434,9942.720355184469,97.9005,1702.854988075035,4644.386033654149,4622.950095143197,3138.631705251735,489.5025,3.40570997615007,6.518918055528568,6.711706572107399,6.873316512936162,6.870549984546709
135,56,7616,4.441543340682983,783.5023493766785,82.72115120447914,8272.115120447914,9939.941372755104,81.4765,1586.3497523071883,4622.770066413159,4600.662724877191,3217.16025008229,407.3825,3.1726995046143767,6.284368628162668,6.6566574197803074,6.844747207988838,7.055433186585054
136,56,7672,4.636560440063477,790.259286403656,78.21694454581157,7821.694454581157,9767.466661594548,132.0435,1813.7287070133907,4815.733993183893,4793.270561508012,3167.777659184716,660.2175,3.627457414026781,6.330411635696091,6.607029411990503,6.876243314580482,6.800157824486013
137,56,7728,4.462840795516968,796.967437505722,80.63356662025961,8063.356662025962,9862.878212169446,158.096,1641.4255501434832,4678.6642072281475,4657.093687516511,3133.523727119411,790.48,3.2828511002869663,6.355272351338906,6.677804054001757,6.862045594305272,7.013117971997171
138,56,7784,4.383899450302124,803.5235033035278,79.86015677071927,7986.015677071928,9795.931231969598,111.1545,1698.7610548976722,4672.604265069789,4649.346017883228,3021.8384514023073,555.7725,3.3975221097953443,6.440098835632646,7.376951022283398,6.86571990733997,7.02652791066415
139,56,7840,4.50182580947876,809.9489521980286,78.43212623213043,7843.212623213043,9820.044537059282,129.2095,1847.622413846238,4848.1021335056685,4826.5084051327285,3179.511936913923,646.0474999999999,3.695244827692476,6.477516035983559,6.825562456516565,6.9015955967945155,6.831846770953006
140,56,7896,4.435539722442627,816.4683966636658,76.21134967643877,7621.134967643877,9578.950086682398,157.64450000000002,1800.1706190385216,5034.113790805528,5011.781449008636,3196.2169367252673,788.2225,3.6003412380770428,6.1789876664978145,7.047175806440188,6.90259509927984,6.9935456877273126
141,56,7952,4.565606594085693,823.1610238552094,76.87619823861706,7687.619823861707,9565.869536289189,167.51850000000002,1710.7312124274808,4906.424000583033,4883.6157370062465,3150.446598094091,837.5925000000001,3.4214624248549623,5.966355513014149,7.058509787774461,6.868004971265634,7.077157396549441
142,56,8008,4.574260950088501,830.3133127689362,77.24757826828203,7724.757826828203,9765.321869801606,124.969,1915.5950429734016,4897.055327173579,4874.325710226194,3169.757221203945,624.845,3.8311900859468033,6.444635126943798,6.860241641831889,6.902206301422956,6.809556593314651
143,56,8064,4.58360481262207,836.833057641983,76.53279483075116,7653.279483075115,9720.809545050932,195.50750000000002,1872.0225619758176,4975.192820049948,4952.167560570165,3209.5003462243703,977.5375,3.7440451239516346,6.348566881192554,6.6570400200974635,6.911546308866231,6.916279132686244
144,56,8120,4.579891681671143,843.5074462890625,76.99583758188102,7699.583758188102,9656.406009484257,218.59050000000002,1738.2317512961545,4851.910489095343,4820.736109253604,3116.7603992148483,1092.9524999999999,3.476463502592309,6.166181634770898,6.935288721508883,6.869259049857969,7.401657898010675
145,56,8176,4.6524338722229,850.3381984233856,81.20821584179893,8120.821584179894,9850.003465378326,142.7165,1586.4653811984322,4626.038130507066,4605.158786900484,3151.5169351561194,713.5825,3.172930762396865,6.1393339540581655,6.637191731095758,6.8400704065158715,6.976431260716622
146,56,8232,4.613711357116699,857.1611576080322,78.65935387287561,7865.93538728756,9746.116645583996,144.1415,1736.0397582964367,4883.744306526079,4861.1063611790305,3243.0849048675764,720.7075,3.4720795165928737,6.173756383704095,6.7179287665129195,6.884011232805008,7.050769927458587
147,56,8288,4.561957120895386,863.8019914627075,79.78129918770765,7978.129918770763,9817.582956125283,186.23850000000002,1653.2145373545213,4617.143443558679,4593.911603368375,3022.663935541147,931.1924999999999,3.306429074709042,6.358422547078388,7.065093658661238,6.860652494530514,7.190000942309865
148,56,8344,5.031633615493774,871.0174939632416,81.15388252221624,8115.3882522216245,9869.433242111638,112.40099999999998,1641.6439898900148,4652.043924493296,4630.661058598546,3172.0813925132907,562.005,3.283287979780029,6.1951856698284855,6.818161932816736,6.854731474786157,6.96898292595516
149,56,8400,5.294090747833252,878.8431656360626,76.79936324663403,7679.936324663403,9693.903805978201,166.913,1847.0544813147974,4979.9345324430415,4955.043908367992,3175.551024429843,834.565,3.6941089626295947,6.411807196209423,7.126809836951124,6.914813966584522,7.111283920213326
150,56,8456,4.8014514446258545,886.0688195228577,77.30003544962977,7730.003544962979,9682.976101265365,185.85950000000003,1767.1130563023876,4763.8214646758315,4741.081367138961,2964.9159209769396,929.2974999999999,3.534226112604775,6.530428759629297,7.5077137094964534,6.889031751998628,6.989141188511894
151,56,8512,4.85040545463562,893.4849650859833,79.17700176159099,7917.700176159098,9807.231545441602,120.68650000000001,1768.8448692825032,4737.0641110639135,4716.174539110144,3074.879920850663,603.4324999999999,3.537689738565006,6.485099488771501,7.054897286299416,6.889413811914951,6.859733800585788
152,56,8568,4.781438589096069,900.6838796138763,77.0851512447488,7708.51512447488,9606.143554802762,188.64300000000003,1708.985430327883,4888.244566056995,4866.3772205519035,3160.7613354085156,943.2149999999999,3.4179708606557657,5.990112939884606,6.927288362018941,6.865876323183587,6.932551012357657
153,56,8624,4.979153633117676,907.8009340763092,78.59773949692423,7859.773949692422,9835.495992395772,220.92950000000002,1754.7925427033479,4742.753639579171,4720.050371941302,3115.182871278884,1104.6475,3.509585085406696,6.41747356890292,6.811118970653169,6.885569515909446,7.0130081560021935
154,56,8680,4.743530750274658,914.6720016002655,78.4504168467902,7845.041684679019,9794.012316302593,170.73750000000004,1778.2331316235725,4840.831114246015,4818.935547876654,3159.9544807446955,853.6875,3.556466263247145,6.394995534455553,6.910960349624268,6.89986394013227,6.968850252052222
155,56,8736,4.83850622177124,922.7031710147858,78.7130121598275,7871.301215982749,9720.92543859897,143.3015,1706.3227226162219,4842.410531718543,4818.718808698596,3149.365029921544,716.5074999999999,3.4126454452324433,6.23130139802114,6.990711176281266,6.8781094324090635,7.084902162195618
156,56,8792,4.706133127212524,930.2231540679932,78.05596452665516,7805.596452665514,9831.29995232886,220.22950000000003,1805.4739996633434,4841.645205816544,4819.934413890101,3226.3247952182937,1101.1475,3.6109479993266866,6.318899527100387,6.264599713072728,6.8884414386685195,6.838341632105675
157,56,8848,4.488930940628052,937.4078478813171,79.56469784080679,7956.469784080678,9867.537025845988,163.8205,1747.246741765308,4886.166758761931,4864.387938271414,3280.886663386732,819.1025,3.494493483530616,6.330708859652233,6.53254459939732,6.889639011566197,6.992350089007788
158,56,8904,4.470335245132446,944.260977268219,79.50225420892825,7950.225420892824,9923.119867886633,120.571,1852.3234469938086,4928.4161035882935,4903.637447690251,3360.2670304363423,602.855,3.704646893987617,6.379002967419931,6.577828643673318,6.90606026996363,7.166411247774144
159,56,8960,4.5141918659210205,951.1700024604797,80.7244838330946,8072.44838330946,9920.165401779886,84.0055,1763.7115184704276,4761.538501275798,4740.21564446386,3202.7310797415694,420.02750000000003,3.5274230369408546,6.512579381210946,6.828758888019509,6.892852408980638,6.946422766951874
160,56,9016,4.504809617996216,957.7726047039032,80.81921227120237,8081.921227120238,9890.229463796019,117.68,1690.6282366757823,4772.41371525975,4749.937603981932,3289.546959859172,588.4,3.3812564733515647,6.170627716046288,6.416871335608423,6.863836462668707,7.055721865361861
161,56,9072,4.465526580810547,964.5735952854156,80.31528348185435,8031.528348185437,9909.931532614068,157.168,1721.2351844286318,4770.708153036488,4745.691054548746,3205.0894570717546,785.84,3.4424703688572635,6.459781974034543,6.783670143334324,6.886046202111551,7.212445594964726
162,56,9128,4.425029516220093,971.4243972301483,79.5502634798708,7955.026347987079,9867.903427505025,134.90900000000002,1777.9680795179452,4850.5453277516945,4828.2807744935235,3246.2442389942585,674.545,3.55593615903589,6.388037498176756,6.670584457433872,6.898714450879861,7.007754061504452
163,56,9184,4.524317264556885,982.124000787735,81.6170059441983,8161.700594419829,10015.407785186715,90.414,1763.293190766884,4746.642775785758,4725.027011699566,3295.2863116868352,452.06999999999994,3.526586381533768,6.472594447072454,6.641548629459476,6.891702499191422,6.949274560654632
164,56,9240,4.43044900894165,989.0291221141815,80.19858371706475,8019.858371706476,9848.616698484862,119.73700000000001,1709.0213267783877,4819.606152661582,4794.158726422774,3267.2936292453633,598.685,3.4180426535567756,6.200438489914142,6.953038915158157,6.876513854500443,7.101171522608583
165,56,9296,4.996766090393066,996.292151927948,80.84934202984033,8084.934202984034,9924.540095941711,120.61449999999999,1718.9913929576778,4754.8102282023065,4732.3207873365845,3201.735031588916,603.0725,3.4379827859153558,6.488542868683989,6.780616763304607,6.88267992770689,6.975966655235117
166,56,9352,4.774211645126343,1003.4938294887543,77.29144234463715,7729.144234463714,9611.382500472691,132.21800000000002,1750.0202660089772,4874.25539092375,4852.997600003974,3114.0638270644668,661.0899999999999,3.5000405320179544,6.116871860508406,6.875158118772932,6.870086556991471,6.904291134814093
167,56,9408,4.794893503189087,1010.8421175479889,76.36280019609981,7636.280019609981,9610.392347249252,154.67200000000003,1819.4403276392704,5012.342947008736,4990.313942390385,3199.1892801321583,773.36,3.638880655278541,6.144914445885637,6.787803519605911,6.899364057537964,6.853385932565923
168,56,9464,4.5173094272613525,1017.972775220871,79.10619110179965,7910.619110179967,9682.930978062139,99.52450000000002,1672.787367882172,4663.354478503352,4638.246897882964,2909.861839242428,497.6225,3.3455747357643437,6.471933014247697,7.647146395821781,6.872175520345004,7.181581014615628
169,56,9520,4.523348808288574,1024.79026055336,80.48234740377127,8048.234740377127,9937.338197663721,178.031,1711.0724572865934,4752.567577119757,4731.489105875608,3244.3061527862187,890.155,3.4221449145731864,6.348931094664796,6.5359779577228485,6.879789753228283,6.971347709052847
170,56,9576,4.437206745147705,1031.635269165039,80.36878433478311,8036.878433478311,9828.829997041203,119.6625,1672.289063562892,4760.40090850787,4738.74786491715,3178.8595763215044,598.3125,3.344578127125784,6.2974047023710025,7.334106481744056,6.868769100183677,6.998000910165996
171,56,9632,4.512531518936157,1038.7357416152954,79.7184227833592,7971.842278335921,9927.132034742814,175.81050000000005,1779.4792564068932,4840.96993198696,4818.683777682618,3274.004506538992,879.0525,3.5589585128137866,6.4818855514604685,6.575088653723057,6.9016379168173865,7.049049078748695
172,56,9688,4.507676601409912,1046.77419090271,79.27079785246066,7927.0797852460655,9890.715224250682,214.70700000000002,1748.9284390046164,4743.908962421944,4721.8086034279995,3160.4588537862737,1073.5349999999999,3.4978568780092325,6.4841992695758375,6.6425407737108735,6.889924352740313,7.000823919332849
173,56,9744,4.4371209144592285,1053.4970996379852,79.75327027158822,7975.327027158822,9732.032402339564,75.49350000000001,1681.211875180742,4810.674989780096,4788.095869236298,3236.168913652229,377.4675,3.3624237503614838,5.914855879405539,6.856829069700323,6.857397508321371,7.0082583401786875
174,56,9800,4.376887559890747,1060.3593130111694,80.17205440666422,8017.205440666422,9949.628853427943,109.0075,1823.415912761521,4863.640670644023,4841.601770175454,3310.5730662269593,545.0374999999999,3.646831825523042,6.526907813943137,6.569188026059744,6.900983254605765,6.867140916176287
175,56,9856,4.323341369628906,1067.449381351471,82.75854723439139,8275.85472343914,10031.688738717172,94.36449999999999,1661.4695152780323,4669.897492076782,4648.150571103249,3259.9454958281317,471.8225,3.322939030556065,6.411176812441947,6.743378500138308,6.868555190448733,7.0198739973853534
176,56,9912,4.480999231338501,1074.6303951740265,81.79312576447556,8179.312576447557,10009.746314009528,79.717,1750.7167375619697,4763.742149679245,4740.822837884169,3292.366809174077,398.58500000000004,3.5014334751239393,6.52801469086233,6.7497724928438005,6.893863320503592,7.1252926686578615
177,56,9968,4.48058819770813,1081.8314237594604,77.41587223723303,7741.587223723303,9703.012814333231,202.133,1759.2925906099292,4835.183971938271,4812.842164735627,3056.4134179464263,1010.665,3.5185851812198585,6.422938148712667,7.4585086016400295,6.893317100405836,7.0528421237640515
178,56,10024,4.4675514698028564,1088.9431586265564,77.44339987086212,7744.339987086212,9710.415320691747,123.8265,1842.2488336055371,5010.927081663765,4986.510579544305,3201.6244398256413,619.1324999999999,3.6844976672110743,6.439406731762328,7.397603835560929,6.918315227635686,7.164389397700353
179,56,10080,4.47335410118103,1096.0235481262207,75.9423619729863,7594.236197298629,9546.986504592955,211.84200000000004,1740.9083072943242,4814.932180790507,4792.116812377075,2943.0882176974737,1059.21,3.4818166145886487,6.3972168016737285,7.849929626654545,6.876475755396746,7.015378989383786
180,56,10136,4.715492486953735,1103.1399705410004,78.93033598547684,7893.033598547685,9839.783933120645,184.834,1761.9163345729603,4852.617851151983,4824.619186442632,3265.554150628068,924.17,3.523832669145921,6.280175740822342,6.571481263008903,6.880718275905956,7.205653246651577
181,56,10192,4.476793050765991,1110.0400521755219,78.65032333659752,7865.032333659753,9832.556967152304,158.45450000000002,1809.070133492552,4700.196041782887,4674.635979024822,3068.842189727542,792.2725,3.618140266985104,6.516904389749177,7.98094374737124,6.8855754344518525,7.143326617002185
182,56,10248,4.468528747558594,1117.1035754680634,79.07793345062797,7907.793345062797,9756.808877965268,179.80700000000002,1669.208532902472,4689.595378184593,4662.412744077498,3032.3090169067764,899.035,3.3384170658049435,6.3792428060133695,7.726189024423827,6.86650556460168,7.164772593854865
183,56,10304,4.485530614852905,1124.2085886001587,78.70248095448399,7870.248095448399,9781.904428541131,159.90949999999998,1751.7468330927318,4799.445725978278,4778.496213679153,3091.919056585226,799.5474999999999,3.503493666185464,6.5340636054691945,7.59559094511009,6.895162786471266,6.947821177212297
184,56,10360,4.458352565765381,1131.2827551364899,80.15401561703102,8015.401561703102,9852.744993640303,106.92949999999999,1730.4139319372011,4747.820515102678,4726.527077452476,3124.7137821102638,534.6475,3.4608278638744023,6.504556860373034,8.118825064654507,6.887296086445136,6.973061559909026
185,56,10416,4.40938925743103,1138.3374466896057,78.3514546209825,7835.1454620982495,9710.25454912049,164.7405,1710.3685870222407,4753.834388609887,4731.822801392857,3008.1996221040517,823.7025,3.420737174044481,6.416581143606389,7.8996149554378325,6.876448456337475,6.960316088768374
186,56,10472,4.47225022315979,1145.4633922576904,77.55891106462605,7755.891106462606,9583.60041365638,147.072,1680.6373071937758,4812.729105545988,4790.783173255252,2992.3423886781934,735.36,3.3612746143875514,6.27728807892384,7.584190484360363,6.8700006146897294,6.986271751136184
187,56,10528,4.536645889282227,1152.4623913764954,77.53098369602439,7753.09836960244,9697.040083446365,147.3255,1796.6162138439263,4890.871296954832,4867.916701433931,3091.379090747708,736.6275,3.5932324276878527,6.460569591951546,7.6053608582304895,6.905668242980078,7.0584654573857994
188,56,10584,4.597545385360718,1159.5592560768127,79.11661526509526,7911.661526509526,9809.322174712686,183.50150000000002,1714.1591482031602,4838.988596895775,4816.47191341342,3194.518135985423,917.5075,3.42831829640632,6.40938768047155,6.819903408189229,6.883578721601607,7.039272289094479
189,56,10640,4.425676345825195,1167.5836188793182,80.15081493721195,8015.0814937211935,9892.020583819602,94.17750000000001,1782.7615900984072,4839.788252856659,4818.209362223892,3238.119586902646,470.8875,3.5655231801968146,6.529082012732546,7.23186802995412,6.900074503124712,6.950009833897213
190,56,10696,4.3737194538116455,1174.6922800540924,81.94192028159733,8194.192028159734,10006.834376219205,111.92099999999999,1700.7213480594712,4659.913275780607,4637.822228473738,3276.0835270048583,559.605,3.401442696118943,6.268713170868754,6.257269563387537,6.853788819309789,6.8562767932544855
191,56,10752,4.539569854736328,1182.1202869415283,82.07435297748601,8207.435297748601,10077.768063756697,72.9805,1797.3522660080964,4739.039799918449,4717.522930114176,3339.94413627023,364.9025,3.594704532016193,6.576484787993641,6.528322963751618,6.8920038437194036,6.848180451185383
192,56,10808,4.702351808547974,1189.5067942142487,79.81018283530342,7981.018283530342,9868.871897902458,127.917,1759.9366143721156,4774.80252217554,4746.497517861373,3164.521052622842,639.585,3.519873228744231,6.5264938851922025,7.02789006430115,6.89050173336454,7.275425042961147
193,56,10864,4.6792824268341064,1196.7280008792877,78.37457998595787,7837.457998595788,9836.435164895714,146.28550000000004,1852.6916662999265,4877.074580611312,4849.615776035696,3217.836611325495,731.4275,3.705383332599853,6.5103628071963175,7.057296587295605,6.906792519627918,7.21581989850179
194,56,10920,4.616867780685425,1204.0156710147858,78.73280808099457,7873.280808099456,9810.000640492704,124.93750000000003,1811.7823323932485,4953.880151373016,4926.597358163379,3244.1319215876188,624.6875,3.623564664786497,6.521721470173052,7.42996757560781,6.910994196639796,7.291033417728668
195,56,10976,4.627359390258789,1211.4071595668793,77.68987131349076,7768.987131349075,9766.307389443537,170.3965,1826.923758094461,4884.036000963544,4856.829218033397,3141.55978458564,851.9825,3.6538475161889217,6.55261712934424,8.0391044615242,6.901785407873018,7.250644243103729
196,56,11032,4.439233779907227,1218.6104636192322,82.97220063348527,8297.220063348526,10033.681056361489,66.82300000000001,1669.637993012962,4573.036441527446,4548.080163400398,3163.4916133996985,334.115,3.3392759860259242,6.583703533232882,6.987973230160816,6.87230663074827,7.2239667455666785
197,56,11088,4.499972343444824,1226.0205857753754,76.97811749133766,7697.811749133766,9703.703826128898,144.54049999999998,1861.351576995133,4845.796853365687,4823.2749382415095,3082.2571295931457,722.7025,3.722703153990266,6.34411824399747,6.852897526645743,6.887399339672854,6.764920234181164
198,56,11144,4.704216241836548,1233.7041721343994,76.63229901122608,7663.229901122608,9668.98555187833,225.6205,1780.1351507557224,4839.887216022218,4816.433343241629,3012.098193171805,1128.1025,3.5602703015114443,6.550120134470032,8.196849341390758,6.895905802135737,7.108783164661394
199,56,11200,4.784502744674683,1241.3532047271729,77.1473313195945,7714.7331319594505,9668.53122568634,180.69650000000001,1773.1015937268892,4752.722061453478,4729.853067263237,2939.0382804272786,903.4825000000001,3.5462031874537785,6.57074738727009,8.140284782928552,6.8910251361984916,7.051169610172636
200,56,11256,4.606619834899902,1248.9059312343597,78.1601231425658,7816.01231425658,9721.180154363503,198.13100000000003,1707.0368401069215,4732.396227887033,4710.9864798912695,2998.255768572237,990.6550000000001,3.414073680213843,6.39795812301446,7.136234791931541,6.878721439747316,7.011089090121891
201,56,11312,4.460888385772705,1256.3103022575378,78.05361109951608,7805.361109951606,9747.103029930193,202.71950000000004,1739.0224199785853,4720.178725435895,4697.920349010345,3029.808483677092,1013.5975000000001,3.478044839957171,6.394761867994713,7.579446982532279,6.872995070668806,6.91791623706576
202,56,11368,4.476428031921387,1263.7292926311493,78.05333259768359,7805.333259768358,9643.74921288956,147.83050000000003,1690.5854531212003,4801.644447727894,4778.193157646851,3070.942075295084,739.1524999999999,3.3811709062424007,6.201446770945992,7.200501569377931,6.867676872415066,7.091134282766623
203,56,11424,4.436575889587402,1271.1609613895416,78.07962019387269,7807.962019387268,9845.210053030993,180.70250000000001,1856.545533643724,4898.652248518519,4871.96284459233,3245.2668148686953,903.5125,3.7130910672874475,6.4584379584647245,6.525394584000873,6.903024088169242,6.926340446106916
204,56,11480,4.476129770278931,1278.5221164226532,79.65174231962041,7965.174231962039,9880.756566427013,95.917,1819.6653344649746,4881.576449066326,4857.437296330867,3264.3716229472984,479.58500000000004,3.6393306689299494,6.483502692112879,6.932890199761168,6.907804188661676,7.199318470133983
205,56,11536,4.5657267570495605,1286.624627828598,80.22447009493249,8022.447009493247,9882.723635013863,64.6945,1795.5821255206165,4922.179053288815,4898.420881100614,3295.2253850118414,323.47249999999997,3.591164251041233,6.468300163407755,6.905788337663142,6.907366025275602,7.154904975617913
206,56,11592,4.514278173446655,1293.9301109313965,79.72385616278376,7972.385616278376,9832.578267152323,110.09049999999999,1750.1021508739475,4801.202650227568,4774.220201444734,3169.878914673853,550.4525,3.500204301747895,6.367959608978378,7.084894333483548,6.887307365919509,7.131336107301929
207,56,11648,4.495596885681152,1301.244099855423,76.23122987006774,7623.122987006774,9748.48339805796,130.4795,1994.8809110511881,4861.362553366957,4828.479444715256,3110.6516382822783,652.3975,3.989761822102376,6.572418439738554,8.243513461953823,6.907029090511025,7.457670310646838
208,56,11704,4.503237247467041,1308.6518647670746,76.03072270398617,7603.072270398618,9399.679060344755,178.78900000000002,1617.8177899461384,4728.6656577700705,4700.878215366602,2905.233209861281,893.9449999999999,3.2356355798922767,5.855066568666213,7.437754828155214,6.817889816586488,7.237214862710671
209,56,11760,4.5477330684661865,1316.1539988517761,77.88496623942719,7788.496623942719,9636.621607298026,150.2885,1697.8364833553087,4784.266863572936,4756.526755696932,3065.2214092169343,751.4424999999999,3.395672966710617,6.0685556464304975,7.254560250257334,6.863842972152296,7.318326927434462
210,56,11816,4.470360279083252,1323.6439473628998,75.64483876028883,7564.483876028883,9571.229352249087,175.6325,1831.112976220204,4942.3390117271065,4914.273311433682,3015.286881992114,878.1625,3.662225952440408,6.398823660575977,8.055147850094196,6.906281689580935,7.284523551153463
211,56,11872,4.496094703674316,1331.1905417442322,66.20399948796076,6620.3999487960755,8567.755366787089,195.22700000000003,1752.1284179910126,4785.975578224043,4743.987274196454,2561.320803831547,976.135,3.5042568359820248,5.262692088486491,9.474129142089284,6.642878086932439,7.409374618732818
212,56,11928,4.630293369293213,1338.8567757606506,67.03089843065254,6703.089843065254,9439.4913427549,248.68550000000002,2487.715999689647,4913.908221404052,4866.8565528630725,2954.4772767190725,1243.4274999999998,4.975431999379294,6.14679175774291,7.655699157921372,6.884129175754628,7.613741769158522
213,56,11984,4.480459213256836,1346.468248128891,77.90664708608648,7790.664708608647,9765.977253613519,191.42100000000002,1783.891545004871,4669.929200713725,4642.52078290339,3001.133169952719,957.1050000000001,3.567783090009742,6.374936244858602,8.106942216535064,6.873370434681606,7.328408078040402
214,56,12040,4.543197393417358,1354.0807130336761,72.97242353628052,7297.242353628051,9180.291799404356,184.43050000000002,1698.618945776306,4916.732198604377,4885.865122096231,2928.392525866672,922.1525,3.3972378915526114,5.816635554835775,7.669406235736251,6.82176735892368,7.320676434780769
215,56,12096,4.448638200759888,1361.4568638801575,79.7645201603932,7976.45201603932,9786.985273820974,151.17399999999998,1659.359257781652,4650.843414013491,4624.653609141018,2985.7287423205025,755.8699999999999,3.3187185155633045,6.459595408656333,7.796131526670763,6.868360000577774,7.24620382998376
216,56,12152,4.538439512252808,1369.1287121772766,79.19429862735004,7919.429862735004,9723.076985526459,144.71550000000002,1658.931622791455,4664.646100654243,4628.183481015025,3040.086753368076,723.5775000000001,3.3178632455829105,6.13455608971929,7.323645502731152,6.854923545593918,7.472861005160595
217,56,12208,4.513224840164185,1376.7832534313202,78.58907519904815,7858.907519904815,9938.239056986931,141.791,1937.540537082114,4779.527321899865,4741.161977223605,3264.7029360213774,708.9549999999999,3.8750810741642283,6.414556781741704,6.862508878722982,6.883752265897748,7.448535029999945
218,56,12264,4.478947877883911,1384.2540755271912,78.78315750202158,7878.3157502021595,9608.443218666765,128.8945,1601.2329684646074,4705.1560160701665,4681.225521301466,3018.0350479468107,644.4725,3.202465936929215,6.209114944817805,7.209530351473768,6.845438752094319,7.159751422804129
219,56,12320,4.482136011123657,1391.7986216545105,79.86303879342158,7986.303879342157,9885.292923750729,138.601,1760.388044408571,4721.234026060172,4692.516241867437,3154.172650302187,693.005,3.5207760888171418,6.474556829964939,7.005255448947314,6.876088436611864,7.260067565112471
220,56,12376,4.456320285797119,1399.3497958183289,78.36509128008076,7836.509128008076,9746.291141436399,165.6165,1744.1655134283228,4649.044813147564,4614.408925820677,2985.1852937282265,828.0825,3.4883310268566454,6.325549936361716,7.153171650826616,6.857334574809257,7.26337514209309
221,56,12432,4.441729784011841,1407.8813307285309,75.56339594431557,7556.339594431557,9581.570289906405,148.831,1876.3996954748477,4706.331708756636,4663.858648298043,2828.149286524593,744.155,3.752799390949695,6.544131007412708,8.328657393606246,6.881205858631833,7.454992575499567
222,56,12488,4.635210752487183,1415.5803971290588,79.01618517751453,7901.618517751453,9773.177657906046,183.5865,1687.9726401545954,4703.118182381669,4674.80104967335,3024.1352655101828,917.9325,3.3759452803091903,6.4394896057645585,7.2090142719445796,6.874188954414559,7.2556610428635695
223,56,12544,4.398409366607666,1423.1609709262848,82.16125602419072,8216.125602419073,9930.693664229824,99.2125,1615.355561810752,4636.123428287511,4613.171121649013,3174.181343303864,496.0625,3.2307111236215036,6.279593253578136,6.882175923684132,6.853306596897378,7.096098947094591
224,56,12600,4.682255744934082,1430.9786837100983,70.33080176872616,7033.080176872616,9518.996138838116,163.6715,2322.2444619655,4803.543998141042,4741.724826315413,2831.1964022253733,818.3575000000001,4.644488923931,6.5679412111254925,8.152654066855137,6.897074916789031,7.902520262370765
225,56,12656,4.619377374649048,1438.7389788627625,67.75555431143256,6775.555431143256,9358.216484186007,222.34199999999998,2360.319053042751,4768.83013489317,4690.85774669543,2663.21420202384,1111.71,4.720638106085502,6.389803637928185,7.983007833248707,6.887993641022608,7.740262149750232
226,56,12712,4.443784475326538,1446.388154745102,72.0974733895765,7209.747338957652,9748.067633095088,196.2615,2342.058794137438,4719.77509318164,4632.349138329953,3102.792235074726,981.3075,4.6841175882748765,6.124707124642183,7.009902482217826,6.858258674011138,7.643981008756997
227,56,12768,4.552264451980591,1454.0509510040283,78.28768096955075,7828.768096955074,9782.690532501481,221.27000000000004,1732.6524355464078,4744.146832771542,4710.00923173726,3149.1247390871486,1106.35,3.4653048710928154,6.202734523630641,6.9004189013261,6.861196602265999,7.445569865596612
228,56,12824,4.540348052978516,1461.733685016632,76.54061914225029,7654.061914225028,9687.620288433867,153.579,1879.9793742088405,4675.774039895368,4633.404410020076,2898.6510402674485,767.895,3.759958748417681,6.558189408881436,7.985451857784951,6.875914985401947,7.572767366189638
229,56,12880,4.46332573890686,1469.4565675258636,74.05761033282606,7405.761033282605,9556.074527938126,171.065,1979.2484946555214,4552.672864950586,4498.200842735812,2724.2975871904164,855.3249999999999,3.958496989311043,6.431103379836817,8.407690339667004,6.840155733146983,7.743746435522424
230,56,12936,4.476289510726929,1477.1797232627869,74.02264842828586,7402.264842828587,9997.855181904313,223.341,2372.249339075727,4842.377608894406,4786.682621325148,3350.2653382138033,1116.705,4.744498678151455,6.43378881785132,6.6665352391605435,6.894186979321981,7.562037011398195
231,56,12992,4.474560260772705,1484.8440098762512,78.93405760048232,7893.405760048232,9861.349396906986,202.04150000000004,1765.9021368587546,4718.56238868986,4692.94838159903,3106.95221332671,1010.2075,3.5318042737175093,6.560752269984776,6.818133400167632,6.883423133565521,7.172358127956132
232,56,13048,4.599648952484131,1492.5423471927643,79.95852373792101,7995.8523737921005,9816.534959322807,163.77650000000003,1656.906085530707,4654.69965886534,4620.325203536193,3035.959286615399,818.8825,3.3138121710614143,6.424808144670031,7.195933976520046,6.86327228594371,7.429863657674867
233,56,13104,4.522665739059448,1500.2577068805695,71.65516983839156,7165.516983839154,9633.703418957306,302.75550000000004,2165.430935118153,4754.107305973786,4713.899250335722,2995.441250779726,1513.7775,4.330861870236307,6.244112307794029,8.08951404349171,6.86603782922695,7.480828343855791
234,56,13160,4.467438220977783,1507.8231239318848,73.86342931439461,7386.342931439462,9611.786022714268,140.2085,2085.234591274806,4837.421825466986,4777.67316006172,2957.0741574827844,701.0425,4.170469182549612,6.541060992480435,7.789444827161949,6.893110086558396,7.537452889695402
235,56,13216,4.546094179153442,1515.5126938819885,78.93293373500246,7893.293373500246,9861.993151504565,152.16649999999998,1816.5332780043173,4780.165698023715,4752.365394554513,3161.128967784983,760.8325,3.6330665560086346,6.492340287031469,7.1934398783304845,6.888526990313001,7.144232002970085
236,56,13272,4.858811140060425,1523.6971986293793,74.4096226523405,7440.96226523405,9666.279646212606,215.2335,2010.0838809785569,4864.027085613016,4824.077528118532,3064.6285132359058,1076.1675,4.020167761957113,6.388629444767563,7.702516762666283,6.89077138174602,7.425148903564789
237,56,13328,4.745940923690796,1531.7060115337372,78.31937789363302,7831.937789363302,9705.326978429506,159.7255,1713.6636890662048,4767.846107332625,4736.2695715754835,3040.9466736575564,798.6274999999999,3.4273273781324094,6.33654342488907,7.530577942661658,6.86647063270846,7.39679421628743
238,56,13384,4.4767866134643555,1539.6003894805908,81.73130850289843,8173.130850289841,9947.737801332554,86.98849999999999,1687.6184510427133,4657.290826082991,4625.139197007414,3256.11574035935,434.9425,3.3752369020854265,6.296297496317791,6.883513439182621,6.847265318459106,7.398612064796623
239,56,13440,4.496278285980225,1547.3729319572449,82.71545418240717,8271.545418240717,10053.128564276489,83.3135,1698.2696460357706,4602.14000327354,4571.6100985054,3207.0179427401763,416.5675,3.396539292071541,6.549986202011389,6.893556433589257,6.874511765529599,7.3272630096691955
240,56,13496,4.652158737182617,1555.40371966362,69.48983472105789,6948.9834721057905,9398.53062457059,169.21050000000002,2280.336652464801,4727.880868642536,4661.529048745637,2666.051497236751,846.0525,4.560673304929603,6.473533427802983,8.265610819040486,6.882480179482814,7.735786110529183
241,56,13552,4.580887794494629,1563.366955280304,59.09653949902564,5909.653949902564,9004.728654801902,148.9805,2946.0942048993393,4664.7310198368505,4524.386096351711,2320.442556050742,744.9025,5.892188409798678,6.204230185117089,8.377983409682194,6.850146862410191,7.827829517632038
242,56,13608,4.644330024719238,1571.338950395584,29.873346428129043,2987.3346428129034,8116.772686223244,178.216,4951.22204341034,4730.197460884132,4456.05669950383,1776.7572514809067,891.0799999999999,9.90244408682068,5.595722457703753,10.223247024605271,6.752026946102347,8.642638604050886
243,56,13664,4.669986963272095,1579.1775670051575,52.695721109886875,5269.572110988687,8950.977676180946,212.20350000000002,3469.2020651922585,4568.868591091881,4406.673253477195,2077.044771034252,1061.0175,6.938404130384517,6.580025695196956,9.024451372179497,6.870014780355305,8.060062953353263
244,56,13720,4.800376653671265,1587.2376863956451,29.973052040187707,2997.3052040187704,8305.16796240789,196.80450000000002,5111.05825838912,4821.490747966757,4534.588753433953,1809.7122061714754,984.0225,10.22211651677824,6.0607352390138445,9.266018922547326,6.863322761587705,8.654782067583373
245,56,13776,4.689418792724609,1595.4387814998627,49.1632276676351,4916.322766763509,8733.210865258978,158.8745,3658.0135984954695,4695.005323725834,4529.6663070020095,2084.3097663331246,794.3725,7.316027196990938,6.18283967459681,9.28630762018566,6.858468401471484,8.037247244884023
246,56,13832,4.53549861907959,1603.4238607883453,73.30101938667754,7330.101938667753,9694.289160069598,64.756,2299.4312214018473,4630.7066727684,4554.758212160648,2914.0333067032707,323.78,4.598862442803695,6.4008075167559735,7.96183164615006,6.858286485766251,7.930946831287563
247,56,13888,4.540297746658325,1611.4688396453857,79.19087631400724,7919.087631400725,9681.422144558404,114.5635,1647.771013157679,4697.22167974657,4666.487277719732,3107.0827534904465,572.8175,3.295542026315358,5.8994307637052374,7.23027341123766,6.829587102367592,7.243728698584364
248,56,13944,4.388056755065918,1619.2784638404846,80.43961037831146,8043.961037831147,9894.27875489034,140.49150000000003,1709.8262170591918,4529.678483751468,4500.329579007739,2989.9863741485897,702.4575,3.4196524341183836,6.581515951610277,7.206032359125043,6.864788533474104,7.243927656255855
249,56,14000,4.4583423137664795,1627.2437291145325,79.79198048163357,7979.198048163356,9901.609519763271,122.54700000000001,1799.8644715999149,4792.265369086455,4763.564706020468,3208.3085032760987,612.735,3.59972894319983,6.4991429409199215,6.901250239270342,6.891787340208391,7.2697571097686575
250,56,14056,4.409090280532837,1635.1143870353699,81.47172235970987,8147.1722359709875,9832.749919609767,104.8895,1580.6881836387822,4614.748051844033,4593.265636820115,3167.234168499581,524.4475,3.161376367277564,6.083177707744184,6.699866820179029,6.836331552602017,7.009008012892124
251,56,14112,4.830373525619507,1643.5911965370178,80.83231690688594,8083.2316906885935,9870.36717566345,105.16700000000002,1681.9684849748578,4511.65165938578,4490.442342592445,2956.5287625842566,525.835,3.363936969949715,6.5607653932251155,7.1265458887611945,6.854737745797682,6.931886397901624
252,56,14168,4.821563005447388,1654.0360567569733,73.96576674207324,7396.576674207324,9662.3273517078,215.06600000000003,2050.684677500476,4779.059320012869,4747.340426174736,2963.054880337827,1075.33,4.101369355000952,6.47537379594066,7.925556938581215,6.891136637939553,6.830235896058611
253,56,14224,4.415219068527222,1662.610619544983,81.11863412781332,8111.863412781332,9922.927998977568,104.0495,1707.015086196237,4730.9361808570175,4709.811528071913,3201.3422273934493,520.2475,3.4140301723924735,6.424538264701115,6.751844834796162,6.879726080342912,6.945461359549105
254,56,14280,4.530412673950195,1670.6306810379028,79.56989299673822,7956.989299673822,9822.008503578621,95.355,1769.664203904801,4587.1322715669785,4564.8962277074315,3051.352190496498,476.77500000000003,3.5393284078096023,6.241203842867628,6.884548311353739,6.853877538438034,6.737051260439474
255,56,14336,4.44259238243103,1678.588399887085,82.37560949710908,8237.560949710907,10036.264268350604,93.152,1705.5513186396952,4636.917515502736,4614.969700034741,3215.7973943043285,465.76,3.4111026372793907,6.5762037101083495,6.703322120553641,6.878050094089594,6.970984387004745
256,56,14392,4.392414808273315,1686.6184151172638,54.64148026462161,5464.148026462162,9237.984539596482,122.7855,3651.05101313432,4744.658047599634,4588.859327558663,2762.954420752601,613.9275,7.302102026268639,5.804311089312361,8.16843617551477,6.814231107370345,8.382953675264721
257,56,14448,4.441893577575684,1694.5927352905273,71.7463332865451,7174.63332865451,9505.410496812689,153.89300000000003,2176.884168158178,4642.681616664859,4588.036772507837,2688.7336278633984,769.4649999999999,4.353768336316357,6.573385071073553,8.957771540755445,6.876913850056517,7.5752242570929775
258,56,14504,4.6275482177734375,1702.7835369110107,45.39745776380962,4539.745776380962,8796.540787357379,305.499,3951.2960109764153,4743.219639937061,4640.602855330879,2154.0173725453965,1527.495,7.902592021952831,6.327137047557393,11.991522404018644,6.872426484575385,7.808510800756863
259,56,14560,4.500250577926636,1710.8244321346283,73.18073891399541,7318.073891399541,9333.913990693822,169.7665,1846.0735992942805,4610.850031065913,4573.692119964682,2647.0825946224168,848.8325000000001,3.692147198588561,6.038127427989823,8.271486513124351,6.827039217540668,7.455392608729724
260,56,14616,4.491277456283569,1718.9053936004639,55.49382594735167,5549.382594735167,8854.405021763992,296.974,3008.0484270288257,4826.006227477888,4743.143629321434,2298.5415230022927,1484.8700000000001,6.016096854057651,6.147072709068761,8.93864911492935,6.881337754328799,7.532084261686568
261,56,14672,4.386202573776245,1726.9377708435059,78.94313402355178,7894.313402355178,9714.929815186746,138.522,1682.0944128315687,4722.527223574734,4694.079262737367,3089.3072633522625,692.61,3.364188825663138,6.1320288526575935,7.1491014117060505,6.858087484530663,7.157926582579377
262,56,14728,4.665318489074707,1735.2754168510437,60.84073096549605,6084.073096549605,9296.634309335106,295.0185,2917.5427127855,4839.272516567718,4721.244188081515,2863.6319342437882,1475.0925,5.835085425571,5.881647561225362,8.126919308685968,6.851403724516071,7.823920531003678
263,56,14784,4.461772441864014,1743.3211765289307,78.9823245806801,7898.232458068009,9846.528922464495,166.16850000000002,1782.1279643964858,4781.957702387272,4746.397035247577,3304.025844035513,830.8425,3.5642559287929716,6.093684037958331,6.585512133185041,6.851821267170641,7.286426851973415
264,56,14840,4.463891267776489,1751.5824620723724,77.96235443510753,7796.235443510754,9720.15343383162,165.63350000000003,1758.2844903208654,4820.57970857888,4793.247236742469,3045.2379044121462,828.1675,3.5165689806417304,6.557578777871171,7.468202666967975,6.895451654738314,7.127712101280719
265,56,14896,4.439471483230591,1759.603229045868,82.19273118772756,8219.273118772755,9977.486891482502,82.7765,1675.4372727097461,4645.960390440752,4624.330502824867,3174.00397945647,413.88249999999994,3.350874545419493,6.508312380614645,6.786848941617927,6.873350403620227,7.018115997818628
266,56,14952,4.334258317947388,1767.6250114440918,81.72425735236823,8172.425735236822,9965.025157842243,86.8975,1705.7019226054215,4650.287851582347,4628.970957986916,3154.8093613339806,434.48749999999995,3.4114038452108426,6.570030776442843,7.0798627007707555,6.876477376315448,6.863925499567161
267,56,15008,4.790435075759888,1776.0636231899261,67.23465454112454,6723.465454112455,9366.17978517347,159.959,2482.7553310610156,4791.735367303409,4701.209242300103,3158.665696442835,799.7950000000001,4.965510662122032,5.423622560970245,7.053908108623448,6.735301123523672,7.823694548625693
268,56,15064,4.355224370956421,1784.1213054656982,78.99954316995677,7899.954316995678,9659.435597147147,133.15550000000002,1626.3257801514696,4523.564567833699,4500.474937006929,3106.5530178291474,665.7774999999999,3.2526515603029393,5.691557260435983,6.7453722408949135,6.764779531625557,6.825617203275878
269,56,15120,4.575646638870239,1792.43048787117,80.3459766512726,8034.59766512726,9856.229354779905,153.68900000000002,1667.942689652646,4653.442325385371,4624.371931200818,3164.115066423051,768.445,3.3358853793052923,6.215510206215024,6.48925086021167,6.847507261385904,7.109746447557322
270,56,15176,4.478188514709473,1800.6559965610504,79.24209337750801,7924.209337750801,9849.737231486448,101.29950000000001,1824.2283937356467,4683.960278061664,4643.247109845119,3174.3031996783743,506.49749999999995,3.6484567874712934,6.214623386680985,6.930768031875983,6.852816430480752,7.486568135610035
271,56,15232,4.524069309234619,1809.009458065033,73.49850271458925,7349.850271458925,9572.365367401768,173.90050000000002,2048.6145959428427,4714.596467105795,4659.030688164142,3202.1227390343556,869.5024999999999,4.097229191885685,5.645522616231561,6.642119669639346,6.787878911519185,7.651338652254346
272,56,15288,4.533154487609863,1817.3003256320953,75.15775676543174,7515.775676543174,9532.422734572574,146.7615,1869.8855580294014,4712.123876859951,4660.379917409708,3187.0244942326126,733.8075,3.7397711160588027,5.6042703715203235,6.61480802399285,6.764922106508775,7.323180439318954
273,56,15344,4.337210655212402,1825.7140650749207,68.89519671702172,6889.519671702172,9125.33670059959,148.70800000000003,2087.109028897416,4597.818147801625,4538.344829948549,2636.97418367279,743.54,4.174218057794832,5.681127995956942,7.58542090028889,6.783610949280366,7.243779605359248
274,56,15400,4.351826190948486,1833.792922258377,80.3864221083868,8038.64221083868,9733.124020932635,89.075,1605.4068100939553,4619.225271277659,4593.498585462263,3004.2518797099237,445.375,3.2108136201879107,6.221132180832777,7.4494844664763304,6.8472750913658915,7.1164291542129074
275,56,15456,4.4065704345703125,1841.840215921402,74.97791361510573,7497.791361510574,9577.25282201438,95.59450000000001,1983.866960503804,4616.804230816133,4555.687061509916,3180.044779264816,477.97249999999997,3.9677339210076075,5.503160646523821,6.911891139868748,6.733799756452029,7.702759144933269
276,56,15512,4.495711326599121,1850.0242283344269,80.60568981398463,8060.568981398462,9819.249857100853,147.4395,1611.2413757023915,4588.570058545786,4564.223166890357,3042.6924029330585,737.1975,3.222482751404783,6.2280319010795795,7.502838931685234,6.84684196333354,7.18132657095294
277,56,15568,4.500093698501587,1858.2786347866058,76.96727437791834,7696.727437791835,9838.495822591532,120.54350000000002,2021.2248847996984,4715.634551629735,4681.7985019119915,3091.836873358423,602.7175,4.042449769599397,6.457182937158722,7.213133091787645,6.876827784112172,7.153251017245983
278,56,15624,4.356667518615723,1866.5956480503082,78.17609066270134,7817.609066270134,9749.904197471942,175.40500000000003,1756.890131201808,4529.8045304389625,4506.432437689567,2921.0430389745484,877.025,3.513780262403616,6.361925032874775,6.854000815214004,6.846385144001346,6.862112064199053
279,56,15680,4.29237174987793,1874.5459513664246,76.69324954006385,7669.324954006385,9830.63337437309,95.83949999999999,2065.468920366706,4733.812322756785,4705.563130321547,3103.560789055972,479.1975,4.130937840733411,6.428839949515447,7.006994507936118,6.87888130258916,6.732769934543106
280,56,15736,4.4822492599487305,1882.8106260299683,81.49633853684081,8149.633853684081,9902.694638232506,102.15450000000001,1650.9062845484254,4680.907570340174,4659.58277652188,3185.946090074412,510.77250000000004,3.3018125690968505,6.290674470508072,6.706518943602453,6.8568900755727435,6.839748079900305
281,56,15792,4.373335838317871,1891.0875253677368,81.39022004806304,8139.022004806304,9900.318833271813,56.761,1704.5358284655088,4774.4255461672155,4753.260393904664,3242.1181553377573,283.805,3.409071656931017,6.34732390971502,6.894319567345744,6.880053910782999,6.963109078328522
282,56,15848,4.429437637329102,1900.3444850444794,80.02272493703265,8002.272493703266,9965.792389774426,149.925,1813.5948960711612,4598.698288206024,4575.289147727996,3136.9166782574266,749.625,3.6271897921423224,6.462019102563184,6.544175897101609,6.862855211878043,6.848894177444679
283,56,15904,6.6084818840026855,1911.252346754074,63.89609671809721,6389.6096718097215,9396.106266608134,153.88800000000003,2852.6085947984116,4665.597969706774,4555.447868669005,2805.0252998152955,769.44,5.705217189596824,6.0361206447473945,7.846143735626392,6.818484976224876,6.435625037198237
284,56,15960,6.100863695144653,1922.3047325611115,74.79844668335353,7479.844668335352,9792.972327894935,165.28350000000003,2147.844159559581,4549.226297811066,4514.550213220499,2916.232408508189,826.4175,4.2956883191191615,6.470398621583737,6.8558893064304485,6.859361142868805,6.741964374254642
285,56,16016,5.416237831115723,1932.8990280628204,77.71630417821262,7771.630417821262,9950.070310319406,149.872,2028.5678924981448,4496.096640512762,4469.027603642498,3037.002397789329,749.3599999999999,4.057135784996291,6.476100942980179,6.346332456828155,6.846492785401485,6.6216602531550794
286,56,16072,4.933605194091797,1942.0287854671478,77.16164038614733,7716.164038614732,9791.071164225472,127.87750000000001,1947.029625610739,4713.467957656252,4682.427846187139,3096.480847984571,639.3875,3.894059251221478,6.33908215241521,6.7813179274443005,6.869004240851607,6.703943048665407
287,56,16128,4.674655914306641,1951.1998269557953,74.7564724780546,7475.647247805462,9795.766423471212,107.49600000000001,2212.6231756657508,4771.174161673965,4729.704452171147,3142.2541022893447,537.48,4.425246351331501,6.316329568821285,6.824191032030815,6.876528102110059,6.734493599892238
288,56,16184,4.747638463973999,1959.8745198249817,74.74631821346803,7474.631821346802,9684.697965165333,136.296,2073.7701438185304,4772.659271659961,4734.645288425965,3122.69033724417,681.4799999999999,4.147540287637061,6.159743260018799,6.268395782527035,6.861700410652891,6.8826041694558295
289,56,16240,4.520642042160034,1968.5015280246735,79.95977661049757,7995.977661049757,9879.730852667652,117.96000000000001,1765.793191617895,4841.788665242343,4815.608661547907,3274.558379896247,589.8,3.53158638323579,6.300660318323661,6.690429838757587,6.876630115693374,6.896901071724694
290,56,16296,4.679090261459351,1977.1074974536896,79.2840611169918,7928.406111699179,9976.565994389159,104.327,1943.8328826899808,4651.040360920614,4625.6035083306015,3176.321432441723,521.635,3.8876657653799622,6.528598001670452,6.953558059668245,6.875566248917159,6.7067321264079345
291,56,16352,4.742088556289673,1985.7218289375305,72.12986639227162,7212.986639227163,9686.463443894445,176.11950000000002,2297.357304667281,4723.675780932739,4686.417858001987,3090.13530899374,880.5975,4.594714609334562,6.06278689397679,6.498244264799185,6.84939548562712,6.5759504705792065
292,56,16408,4.738677024841309,1994.4401333332062,72.0212669972167,7202.12669972167,9814.111377837444,215.97350000000003,2396.011178115775,4672.530620257427,4630.374762038951,3046.369898998294,1079.8675,4.79202235623155,6.418640040974601,6.644690263806333,6.869622040796183,6.625381300027402
293,56,16464,4.477540731430054,2002.9632470607758,75.0556335693039,7505.56335693039,9776.491996412198,117.74799999999999,2153.180639481808,4640.6117582124225,4612.3304981985475,3003.643218829561,588.74,4.3063612789636165,6.365407663049002,7.075529158284875,6.8540842023408475,6.609319802117524
294,56,16520,4.792479038238525,2011.781301021576,71.08309761024684,7108.309761024684,9651.154886015553,195.17350000000002,2347.67162499087,4712.198262321659,4675.844573263452,3043.33970909664,975.8675000000001,4.6953432499817405,6.042484935844086,6.056311426810398,6.841155157446063,6.568354923903444
295,56,16576,4.46440577507019,2022.4876794815063,79.91986237697769,7991.98623769777,9904.86167533723,150.195,1762.680437639461,4400.699072019577,4376.051254817623,2925.214029083976,750.975,3.5253608752789223,6.451987755992356,7.055193245678491,6.821951871326648,6.7397537935501
296,56,16632,4.562572717666626,2031.319708108902,77.85528129997999,7785.528129997998,9696.313276305726,157.30700000000002,1753.4781463077268,4588.238532013036,4564.560053215297,2848.034508893269,786.535,3.506956292615454,6.480736433067581,7.725114738436176,6.857880025976163,6.9226862902174195
297,56,16688,4.64258599281311,2039.9536485671997,77.998867584497,7799.886758449702,9801.470449793767,178.56850000000003,1823.0151913440677,4789.929285807217,4758.9518994972095,3175.7991918945704,892.8425000000002,3.646030382688136,6.255599278419828,6.742501110399207,6.872329831438179,7.19819059463397
298,56,16744,4.691809415817261,2048.931182861328,76.04686011795137,7604.686011795136,9857.707824172865,211.02550000000002,2041.9963123777277,4619.198760062187,4589.9146601371285,3037.728608072855,1055.1275,4.083992624755455,6.480176992950905,6.732127465769134,6.865853337109611,6.6880578747385275
299,56,16800,4.5317418575286865,2057.5525801181793,70.0244247484136,7002.442474841359,9772.431351581647,174.0275,2595.961376740287,4834.111431075073,4788.396101372673,3114.7239123112377,870.1375,5.191922753480575,6.5597202484372,6.748826747814452,6.899889048460122,6.515450135600252
300,56,16856,4.501663684844971,2066.1085505485535,81.39411609365598,8139.411609365597,10049.921793092446,104.35300000000001,1806.1571837268484,4501.499525769438,4479.5187474256145,3138.9389486384766,521.765,3.6123143674536973,6.50690279487047,6.504959879735365,6.848008332506752,6.700862083341398
301,56,16912,4.337082147598267,2074.5359184741974,78.91406739398339,7891.406739398338,9841.713744669223,91.1295,1859.177505270886,4676.055949668167,4654.277357054121,3055.49864426688,455.64750000000004,3.718355010541772,6.501865698114321,7.024652022180177,6.877076467897724,6.739589992580309
302,56,16968,4.286051511764526,2082.9770109653473,78.91672627602316,7891.6726276023155,9633.723838210872,94.5115,1647.5397106085575,4524.231964727405,4499.184865951798,2819.381538583147,472.55749999999995,3.2950794212171153,6.221865318203086,7.942935548943017,6.835019835338554,6.917171981631607
303,56,17024,4.282545804977417,2091.277323246002,47.02448550173739,4702.448550173739,9667.467037487282,277.5585,4687.459987313542,4678.966776324805,4531.314437446609,2981.3977765285895,1387.7925,9.374919974627085,6.221092292817942,7.436892013710345,6.844885610291123,8.552123695292444
304,56,17080,5.054216146469116,2100.6930696964264,80.41275444962875,8041.275444962876,9882.712072557453,123.3075,1718.1291275945764,4669.886984446877,4643.324433409945,3088.772942152358,616.5375,3.436258255189153,6.580287831515578,7.9798637648669795,6.88449663235592,7.261828206923352
305,56,17136,4.387626647949219,2109.2068090438843,75.2265801284129,7522.658012841291,9564.217183303976,292.12050000000005,1749.4386704626854,4535.249112543428,4509.375198278876,2804.304785185389,1460.6025,3.49887734092537,6.242237819061585,7.0376041847938975,6.81312270304941,6.920525435779423
306,56,17192,4.0896947383880615,2117.247258424759,83.4758847439436,8347.58847439436,10001.819469858887,72.38250000000001,1581.8484954645264,4507.979608952353,4487.486550829458,3093.2632553584594,361.9125,3.163696990929053,6.480412910700299,6.890117894286441,6.846369315234112,7.013720303754111
307,56,17248,4.7085182666778564,2126.5765874385834,78.06833836002048,7806.833836002046,9813.351674739231,158.36950000000002,1848.1483387371848,4588.308818753314,4565.601124007292,2958.673372583569,791.8475,3.6962966774743693,6.509664313900856,7.092240505978237,6.867532414144705,6.828051206806364
308,56,17304,4.559713840484619,2135.415288209915,70.23697331711502,7023.697331711503,9128.036489567101,202.7735,1901.5656578555984,4671.779710698769,4640.500770581636,2807.410455504383,1013.8675000000001,3.8031313157111972,5.4396999998133095,7.82334741201255,6.735213710915329,6.8507618659045
309,56,17360,4.817473649978638,2144.6106469631195,74.8493247582847,7484.932475828471,9733.778363237045,173.647,2075.1988874085732,4636.1011129711005,4608.35516217425,2949.053592827449,868.235,4.150397774817147,6.38808719087821,6.953879821219542,6.851563912420853,6.687084733522296
310,56,17416,5.058012247085571,2153.9088950157166,78.5696372313104,7856.963723131039,9879.92452192659,129.23199999999997,1893.728798795551,4565.973942410868,4541.2469194083615,3020.3762639738147,646.16,3.7874575975911022,6.441297143737237,6.843483396723885,6.860105301962725,6.764039091403659
311,56,17472,4.826025485992432,2163.033876180649,73.48196738647837,7348.196738647837,9293.080310284528,135.9135,1808.970071636691,4524.0355582858465,4496.783407790019,2718.1140561926804,679.5675,3.617940143273382,5.7160215627281055,8.481777880589952,6.779941177946087,6.901394620676702
312,56,17528,4.46294093132019,2171.897602558136,72.66981250638844,7266.981250638843,9563.001430010454,185.478,2110.54217937161,4734.705784295091,4699.488705385011,2884.520838242893,927.3900000000001,4.221084358743219,6.2589658611720616,8.126895501512108,6.864292378911556,6.896945788854418
313,56,17584,4.426747560501099,2180.498072862625,79.70120248511333,7970.120248511333,9887.859342002885,156.40300000000002,1761.3360934915515,4539.730452267917,4506.946529663182,3012.754741565089,782.0150000000001,3.5226721869831032,6.446615696669029,6.8740991398556215,6.852638332362823,7.2329255182330074
314,56,17640,4.183734178543091,2188.8446023464203,79.88897947026727,7988.897947026728,9703.686390908577,89.1535,1625.6349438818486,4721.253511546065,4699.324690186504,3094.6250333754538,445.7675,3.251269887763697,6.202667453648692,7.027537160579125,6.8427007245089095,7.007637820236687
315,56,17696,4.0889482498168945,2197.4645533561707,80.85137165816921,8085.137165816923,9691.615903508286,122.71750000000002,1483.7612376913628,4449.500577781462,4421.214847389256,3046.836989136171,613.5875000000001,2.9675224753827254,5.6677897202610525,6.91764843905283,6.761502734564339,7.131792603524297
316,56,17752,4.202199459075928,2205.8873538970947,81.08840261643458,8108.840261643458,9846.942586349982,123.533,1614.5693247065233,4530.780716942241,4500.926516539641,2960.399504622942,617.665,3.2291386494130467,6.466549484210137,6.983977179875803,6.851183520848723,7.2530655251495135
317,56,17808,4.083484649658203,2214.160619497299,73.8765977369234,7387.659773692341,9512.436094684,191.19550000000004,1933.5808209916602,4402.285308727069,4366.2745132081745,2581.1541898848373,955.9775,3.8671616419833206,6.321217985610349,7.961843932231803,6.816506042793557,7.067534334539928
318,56,17864,4.150990962982178,2222.557254076004,80.52512460452138,8052.512460452137,9758.43742362309,110.4675,1595.457463170952,4627.625892802429,4600.196390125057,3150.2806525652854,552.3375,3.190914926341904,6.047641736889119,6.669787264403497,6.816982239776173,7.017968150353539
319,56,17920,4.117005109786987,2230.729005098343,82.78389849826877,8278.389849826877,9944.762068280123,122.90650000000002,1543.4657184532457,4437.7896822291195,4414.060322454125,3067.4502531939474,614.5325,3.0869314369064913,6.280532922709626,6.628138903013955,6.8104381859623695,6.949726395800833
320,56,17976,4.233386754989624,2239.004098892212,72.49897684120114,7249.897684120115,9378.081483754668,188.3315,1939.852299634551,4648.287656037964,4612.352232304085,2930.608514753043,941.6575,3.8797045992691013,5.668978637312301,7.4289882527858255,6.770656597177522,6.8876160737707215
321,56,18032,4.227200746536255,2247.4014945030212,80.60241781621448,8060.241781621448,9814.345313391674,127.3395,1626.7640317702271,4526.400537850356,4504.650840978819,2937.022719291521,636.6975,3.253528063540454,6.423572910220451,7.187466020091061,6.844397787889988,6.925977471233684
322,56,18088,4.239434719085693,2255.9165048599243,74.98054522688705,7498.054522688706,9669.487520110904,207.9165,1963.5164974221998,4629.767733385438,4598.032297139458,2912.8660817747377,1039.5825,3.9270329948443994,6.301110590033424,6.899227549531293,6.843827569939877,6.926006776654576
323,56,18144,4.098755836486816,2264.3405055999756,80.18993903495692,8018.993903495692,9727.870912511928,151.284,1557.5930090162344,4413.130155059893,4377.5036585669595,3042.419976263448,756.4200000000001,3.115186018032469,5.7764369982092445,6.928354808348054,6.752448493662252,7.195407397988441
324,56,18200,4.2408952713012695,2273.2454426288605,78.64753472702594,7864.753472702594,9960.958510325978,129.07600000000002,1967.1290376233842,4581.738861164737,4533.364401742017,3141.2203998687205,645.38,3.9342580752467673,6.378284218883006,6.766707649341378,6.858515569438532,7.387362473999949
325,56,18256,4.234848260879517,2281.6557791233063,77.72359041386395,7772.359041386395,9664.017891677395,187.235,1704.4238502910016,4697.843172498135,4670.223985062801,2969.639171893431,936.175,3.4088477005820037,6.28321524464566,7.124388513042275,6.854695435749342,7.06851203257064
326,56,18312,4.093094348907471,2290.0877163410187,74.80447409565026,7480.447409565026,9570.126631498675,174.145,1915.5342219336508,4635.108980769959,4593.180360138476,2777.9236801982634,870.725,3.8310684438673017,6.428132140816158,7.964632470101726,6.870289172716679,7.391839919126489
327,56,18368,4.74371075630188,2299.1756665706635,64.27140840188986,6427.140840188987,9202.68799516739,264.605,2510.9421549784056,4631.620068814725,4559.734374237287,2660.656686586284,1323.025,5.0218843099568105,5.849533783505757,7.7577974782292705,6.806902294724783,7.304984507915823
328,56,18424,4.30212664604187,2308.119593858719,80.21151624995643,8021.151624995643,9720.836331221843,145.9445,1553.7402062261992,4587.552432911507,4558.73707625482,3176.99720850028,729.7225,3.1074804124523987,5.73124151089137,6.226557239640588,6.774596756045297,6.985002839043636
329,56,18480,4.758317232131958,2317.247943878174,56.491080532712175,5649.1080532712185,8999.49701184468,274.144,3076.2449585734603,4781.921459771435,4650.864519970924,2857.5615838761387,1370.7199999999998,6.152489917146921,5.421978103051967,7.3460302296574485,6.7133020726776795,7.445627627367071
330,56,18536,4.199292898178101,2325.855609893799,26.158036311418382,2615.8036311418387,8107.304253257445,327.83799999999997,5163.6626221156075,4813.125197272136,4671.860211445841,2024.6636619979845,1639.19,10.327325244231213,5.411695439994742,12.693212141342476,6.711845899246242,8.33970325631513
331,56,18592,4.250760316848755,2334.6630375385284,68.1707148565986,6817.071485659859,9558.803804079575,311.54650000000004,2430.1858184197145,4579.312427022749,4522.877622553864,2951.225854810934,1557.7325,4.860371636839428,5.782095997555792,6.427982329574516,6.796744083140538,7.114141410011426
332,56,18648,4.331474542617798,2343.3825039863586,62.17854668617561,6217.8546686175605,9051.49067546632,282.51099999999997,2551.125006848759,4635.012457475101,4555.660004151045,2721.6828805516016,1412.555,5.102250013697518,5.423488109136413,7.7865101503148075,6.7234165493380065,7.17181245998503
333,56,18704,4.146677255630493,2352.064133167267,77.50843603616161,7750.84360361616,9667.201498909839,162.24850000000004,1754.1093952936758,4578.4145804120435,4554.178649220797,2872.7769575395646,811.2425000000001,3.5082187905873514,6.300532223715132,7.1112067793164435,6.838012038036515,6.841786278132312
334,56,18760,4.199416160583496,2360.6828310489655,78.33476705391504,7833.476705391504,9795.579590235448,151.554,1810.5488848439438,4481.91375446096,4456.79491898224,2868.0040561585047,757.77,3.6210977696878874,6.539881096935636,7.191530403695431,6.846342551963394,6.8804025947245675
335,56,18816,4.349071741104126,2369.37411570549,68.06990561973038,6806.990561973039,9216.424358744935,225.88250000000005,2183.5512967718964,4807.548372293411,4773.078013941722,2928.923481806596,1129.4125,4.367102593543792,5.546563673767922,7.330911811085044,6.77381599809735,6.590369232558871
336,56,18872,4.218834161758423,2378.05504488945,82.0954248729924,8209.54248729924,9999.074464606605,87.1355,1702.3964773073649,4628.00757488589,4604.8250100276455,3188.841781511579,435.67749999999995,3.40479295461473,6.455661133103788,6.612809170198711,6.8604589884557425,6.911972485099018
337,56,18928,4.557616710662842,2387.155791282654,62.744526103984,6274.4526103984,9084.916208976596,234.9925,2575.471098578195,4583.088533070056,4476.786443451951,2678.037833802263,1174.9625,5.1509421971563905,5.555719797520603,8.102581710197502,6.738776454456376,7.605892868154752
338,56,18984,4.201564311981201,2395.7684695720673,77.94168037429466,7794.1680374294665,9477.305090396403,187.32250000000005,1495.8145529669366,4627.542281321638,4594.935594102139,3154.287343240056,936.6125000000001,2.991629105933873,5.450438239919861,6.797736311516043,6.710263491782847,7.133809176292554
339,56,19040,4.188218116760254,2404.6061968803406,76.89064580510735,7689.064580510735,9945.033725589175,153.454,2102.5151450784406,4738.5408987829815,4689.719585056883,3250.0964123972144,767.27,4.205030290156882,6.3715855749606565,6.578187883105075,6.868524600383397,7.345666836029618
340,56,19096,4.142374515533447,2413.234315633774,76.91502410177597,7691.502410177596,9787.853993141056,192.485,1903.8665829634597,4463.5894621686375,4430.232753351154,2980.859194505334,962.425,3.807733165926919,6.114237355358369,4.940283423527386,6.808988038980026,6.820408018716762
341,56,19152,4.006134510040283,2421.9137239456177,81.07897980614642,8107.897980614643,9865.934813423355,138.7485,1619.2883328087114,4529.466766160497,4505.694898769719,3037.7597144489873,693.7425000000001,3.2385766656174226,6.2488213270227195,8.068277833856623,6.830121823416493,6.866067581466487
342,56,19208,4.201194763183594,2430.567453145981,70.84286278857118,7084.286278857119,9467.694984816037,270.821,2112.5877059589175,4533.972527452363,4495.304979615816,2718.090947404885,1354.105,4.225175411917833,6.072601200691091,7.608235518138191,6.817151607756392,6.791386830312758
343,56,19264,4.060484409332275,2439.09015417099,80.64844373696099,8064.844373696098,10002.626575357008,145.18550000000002,1792.5967016609088,4645.392356211917,4620.233285297441,3192.0719244217344,725.9275,3.585193403321818,6.529866906898839,6.459450926910261,6.872572972460764,6.83440203191755
344,56,19320,4.155270338058472,2447.85653424263,73.10429685763889,7310.429685763889,9586.143317392174,206.52150000000006,2069.192131628284,4699.444286209044,4665.952830664011,2905.933220744404,1032.6075,4.138384263256567,6.200903998010998,7.858685247388463,6.846614904606591,6.827130144724948
345,56,19376,4.130323648452759,2456.39036488533,78.92640153569843,7892.640153569842,9652.810683330184,166.044,1594.1265297603406,4565.949837860326,4535.798010107785,3120.002041631333,830.22,3.1882530595206813,5.713575236902943,6.0575796985468005,6.776144913477178,7.019597201498875
346,56,19432,4.0529866218566895,2465.2492702007294,81.48594841240134,8148.594841240135,9984.862859922152,151.74350000000004,1684.5245186820164,4643.887378177817,4617.792035390656,3177.7783187097934,758.7175,3.369049037364033,6.467308468759463,7.229852281969314,6.870408305819844,7.030484056215893
347,56,19488,4.166398525238037,2473.7942972183228,54.34576467812271,5434.576467812271,8715.096857042572,243.4105,3037.1098892303016,4606.018510107063,4456.634904164168,2223.177130528764,1217.0525,6.074219778460604,5.668805805588083,7.9327763993333456,6.789644571465848,7.988883944761776
348,56,19544,4.124205589294434,2482.77805018425,79.5242139936334,7952.42139936334,9889.82758227718,149.6445,1787.7616829138383,4771.837684713587,4745.093590702621,3186.466879945927,748.2225000000001,3.575523365827677,6.418230899114736,7.216403012456384,6.880077904759433,6.959820903108226
349,56,19600,4.099820137023926,2491.352084875107,77.62965477327975,7762.965477327975,9750.28707355283,150.075,1837.2465962248543,4626.039730852337,4601.672816646866,3021.994267378588,750.375,3.6744931924497086,6.244328660071034,7.949627229717441,6.827344255625243,6.778559245533452
350,56,19656,4.125967264175415,2500.664026737213,83.0642536299298,8306.425362992979,9958.925034519769,92.48500000000001,1560.0146715267897,4546.652409833975,4524.7678514864765,3194.900976306859,462.425,3.12002934305358,6.20843469631718,6.33358655887301,6.824871751777648,6.987473297885431
351,56,19712,4.036741733551025,2509.502012014389,79.08532415601378,7908.5324156013785,9656.187946646574,113.313,1634.3425310451953,4443.709368609588,4420.715637033877,2890.42277348284,566.565,3.2686850620903902,5.964049528610395,7.2197397539803685,6.780480503268275,6.741464304543947
352,56,19768,4.05441951751709,2518.194683074951,78.91526809513445,7891.526809513447,9757.785191008375,122.424,1743.8343814949305,4534.677979153822,4511.5521336821075,2966.119774928524,612.12,3.487668762989861,6.179361941440344,8.162312935012114,6.826622469186199,6.819822044763212
353,56,19824,4.157726764678955,2527.2456409931183,75.37151886809204,7537.151886809204,9337.11254996467,155.55400000000003,1644.406663155466,4602.024788696341,4574.161168321691,2827.513926517252,777.77,3.2888133263109323,5.648788469127843,7.552166942900697,6.756797967459771,6.870892812138215
354,56,19880,4.09442663192749,2535.769556045532,74.22876482560326,7422.876482560325,9381.557236975677,147.937,1810.7437544153518,4698.677788907404,4665.406450123288,3096.5930166652206,739.6850000000001,3.621487508830704,5.456703775059112,6.911992349273645,6.72375381852935,6.706490728371627
355,56,19936,4.058554410934448,2544.766825199127,76.39750172487956,7639.750172487956,9445.034133428819,187.35500000000002,1617.9289609408636,4610.788408127872,4586.427096885684,2808.2980092056023,936.7750000000001,3.2358579218817276,5.902126417140994,8.470453889657634,6.814875271631583,7.0827291690178305
356,56,19992,4.132094144821167,2553.441521167755,77.64808615183736,7764.808615183736,9556.974143071076,127.7365,1664.4290278873405,4730.6793257142335,4708.612741828714,2995.8024411238757,638.6825,3.328858055774681,6.004343847153786,8.36461690910735,6.835864946494081,6.947425374495402
357,56,20048,4.060551404953003,2562.337289094925,74.39309711307061,7439.30971130706,9639.512068927741,138.3735,2061.8288576206805,4701.3526394955625,4674.279295375192,2974.2662463724373,691.8675000000001,4.123657715241361,6.127939212598918,8.541536671550933,6.840854970979537,6.690494489910902
358,56,20104,4.216233015060425,2571.1711337566376,67.70195419696144,6770.195419696145,9356.73152931226,247.4665,2339.0696096161146,4763.984052277512,4727.997471627633,2831.4604963948004,1237.3325,4.678139219232229,5.9305034046623994,8.452672228481726,6.834235645009634,6.689158693380965
359,56,20160,4.190799236297607,2580.419128894806,69.89013249485866,6989.013249485865,9657.41996210844,174.423,2493.9837126225743,4676.79015997584,4633.454425625188,2920.9576563776536,872.115,4.987967425245149,6.283028854559785,8.041007195158898,6.856396909988056,6.56797361298038
360,56,20216,4.384293794631958,2589.523286819458,70.90017786152447,7090.017786152446,9711.349380559557,202.87800000000001,2418.45359440711,4819.631978255034,4779.470745851173,3047.157478465915,1014.39,4.836907188814219,6.442386038336856,7.504758870584381,6.895047277770778,7.102469826537449
361,56,20272,4.101060628890991,2598.6207559108734,77.94126014143868,7794.126014143867,9506.0110002722,135.3985,1576.4864861283318,4567.825332859888,4544.592084963236,2887.3230820895315,676.9925,3.1529729722566633,5.79624946940619,8.470692756426168,6.784755883170947,6.937707736657218
362,56,20328,4.122944355010986,2607.3029606342316,66.6406937604014,6664.069376040142,9275.485776212365,184.05050000000003,2427.3659001722244,4674.638069543011,4610.191502383006,2685.880877471124,920.2525,4.854731800344449,5.936967177649334,8.261598256084753,6.834214986688053,6.671594971641723
363,56,20384,4.076291799545288,2616.678038597107,59.5633954189304,5956.3395418930395,8923.856649417918,132.39550000000003,2835.1216075248785,4597.444029332201,4464.872836333962,2360.5818384486347,661.9775000000001,5.670243215049759,5.769399128083482,5.502227204309227,6.784056694276666,6.335695295240534
364,56,20440,4.084103584289551,2625.4681656360626,69.48289441729594,6948.289441729595,9537.629813269823,134.46800000000002,2454.872371540229,4771.371468710578,4728.404709051861,2897.6285993215197,672.34,4.9097447430804575,6.2251948141661755,8.363866236047016,6.85685177150812,6.551067791155447
365,56,20496,4.094412088394165,2634.2795276641846,79.51502333690374,7951.502333690374,9957.958855182062,145.21500000000003,1861.241521491687,4593.153904975103,4569.2080294447405,3120.067719889673,726.075,3.722483042983374,6.443989064559666,6.921295249292015,6.857507191522388,6.825616570744188
366,56,20552,4.0646820068359375,2643.3170721530914,75.32700402974392,7532.700402974393,9629.527333878868,131.9835,1964.8434309044765,4652.188843703131,4626.820940000363,2913.727151277614,659.9175,3.929686861808953,6.187842345584971,8.730407316544728,6.861174428408307,6.780893662304597
367,56,20608,4.047461748123169,2652.2166090011597,80.16663404948562,8016.663404948563,9867.22952338311,144.0415,1706.5246184345492,4517.422475313246,4495.495459387342,3006.8195559166866,720.2075,3.4130492368690986,6.298120932162175,8.092397431372676,6.830716207999345,6.802975790560613
368,56,20664,4.186922788619995,2661.2229087352753,71.62229068820317,7162.2290688203175,9643.839159830357,219.19850000000002,2262.41159101004,4705.564340694294,4662.524928603649,2960.096481338008,1095.9924999999998,4.5248231820200795,6.232149513906911,7.8449664197586575,6.84890700546935,6.634177650539391
369,56,20720,4.217437267303467,2670.0850360393524,68.51880049116431,6851.880049116431,9075.870565328503,222.64800000000002,2001.342516212072,4664.398713794203,4630.29930226129,2622.0029731405884,1113.24,4.002685032424144,5.620921732633171,8.713085589927259,6.7837438493476485,6.914620304094417
370,56,20776,4.1470606327056885,2679.058160305023,69.04015798541047,6904.015798541049,9435.217044980303,201.67400000000004,2329.5272464392556,4580.274569416448,4534.954139648135,2784.859003393951,1008.3700000000001,4.659054492878512,5.892346925909518,8.58430866863274,6.797495125919513,6.587679146446854
371,56,20832,4.631443500518799,2688.557042360306,68.11477118870349,6811.477118870349,9415.644285215656,180.21450000000002,2423.952666345307,4620.6366325493,4550.0051502021415,2751.387415210551,901.0725000000001,4.847905332690614,6.035658196924895,8.451293942012137,6.82719798025596,6.582802605225472
372,56,20888,4.47403359413147,2697.9644677639008,60.80288622870514,6080.288622870514,9410.286575524042,161.6105,3168.3874526535287,4648.610989804865,4551.2736701223985,2678.241300711976,808.0525,6.336774905307058,6.276386931253893,7.277915241115387,6.841085318181579,6.267065603928011
373,56,20944,4.535102844238281,2708.1315870285034,67.2942857652016,6729.4285765201585,9531.815043509177,199.13400000000004,2603.252466989018,4534.583350938545,4470.6916910618,2784.222373775511,995.6700000000001,5.206504933978037,6.025151102926661,8.661784856037714,6.807249654237163,6.506454928115102
374,56,21000,4.178773403167725,2717.3651711940765,81.53268676948983,8153.268676948981,9918.790233752274,98.217,1667.3045568032926,4450.5335476137825,4428.312924410599,2981.540379566901,491.085,3.334609113606585,6.49624757976684,7.60779320040218,6.827124110297288,6.838798028996304
375,56,21056,4.693903923034668,2727.063730955124,70.90299831535037,7090.299831535038,9504.244542236196,170.82000000000002,2243.1247107011577,4623.858168397635,4588.445837526468,2789.8772346047467,854.1,4.4862494214023165,6.122015727927193,8.85125801618584,6.837653332990839,6.708606792919625
376,56,21112,4.428391695022583,2736.6152164936066,68.12329771518456,6812.329771518456,9703.16592355801,213.54450000000003,2677.2916520395547,4796.0106906822075,4713.3645569796745,3055.738087911978,1067.7224999999999,5.354583304079109,6.415605748499444,6.6039211835134015,6.877326596249771,6.5087719310865495
377,56,21168,4.354372978210449,2745.9739215373993,66.45382610056427,6645.382610056427,9390.242595669342,253.543,2491.3169856129152,4602.302578291211,4523.6091391526825,2672.8420770020707,1267.7150000000001,4.98263397122583,6.06884913291316,8.750064509695287,6.823423452044845,6.754589474641338
378,56,21224,4.412996768951416,2755.578709602356,82.37679002595918,8237.679002595918,9918.731511134805,75.6995,1605.3530085388875,4617.192836423088,4593.140908780657,3154.137089029391,378.4975,3.2107060170777753,6.23616647207276,7.831447477443307,6.845992326781868,7.212258114997293
379,56,21280,4.279621362686157,2764.8980629444122,75.90656590917384,7590.656590917383,9593.584629938248,133.24099999999999,1869.6870390208662,4669.271448774685,4641.966272970485,2884.7941491133342,666.205,3.7393740780417324,6.242489551731809,8.850942926012607,6.848660936683154,6.935560853400625
380,56,21336,4.481978893280029,2774.6473817825317,77.05437072233035,7705.437072233035,9452.121264087316,149.95250000000004,1596.731691854281,4681.540302420461,4655.321882164157,2967.2694639309857,749.7625,3.193463383708562,5.702373250672516,8.660481779985515,6.7991302213330185,7.270587720873178
381,56,21392,4.11244797706604,2783.747241258621,83.89629036422808,8389.629036422808,9921.048406540349,76.7535,1454.6658701175425,4480.991451442393,4461.068443231706,3075.9131384706634,383.76750000000004,2.9093317402350847,6.334854834369857,7.005865984993974,6.807397705846151,6.884597228132229
382,56,21448,4.338353157043457,2793.218990802765,81.87894607373595,8187.894607373595,9885.642439828822,93.3105,1604.4373324552255,4522.616354023058,4501.483345578476,3088.758864109484,466.55249999999995,3.208874664910451,6.21116317734601,7.401805329473016,6.819528955512802,6.808984571635748
383,56,21504,4.2700653076171875,2802.476089477539,81.79486574834365,8179.486574834366,9853.981979567297,50.1905,1624.3049047329318,4649.91471491798,4628.758688161154,3059.6697370839847,250.9525,3.248609809465864,6.5145692259789385,7.522676966775783,6.858776895463407,7.035920161193429
384,56,21560,4.0541369915008545,2811.5485315322876,83.46816367886203,8346.8163678862,9992.037555389477,97.5025,1547.718687503276,4553.827901612198,4527.354130237438,3220.9184271739905,487.51250000000005,3.0954373750065516,6.199281122782922,7.084158473016556,6.817606861671122,7.022220330937983
385,56,21616,4.051642894744873,2820.7936158180237,76.46790845523367,7646.790845523366,9222.69782410132,111.2425,1464.6644785779545,4529.941434556224,4503.747801401592,2859.6895548463367,556.2125000000001,2.929328957155909,5.358696004814081,8.585064285119755,6.677115296450517,7.080330293880233
386,56,21672,4.003966331481934,2829.9034271240234,83.02458702021028,8302.458702021027,9832.767323218119,78.0395,1452.269121197093,4462.863585415116,4441.788356116359,3017.041851216326,390.1975,2.904538242394186,6.089715774958597,8.220250548261,6.797796468485681,7.021313990399461
387,56,21728,3.9645919799804688,2839.007648229599,81.50432454200404,8150.432454200404,9759.057575732233,69.6725,1538.9526215318292,4473.864280379072,4452.30819526604,2862.610641224776,348.36249999999995,3.0779052430636584,6.442859894556902,8.101161891649367,6.8280649826175965,7.023711671168262
388,56,21784,4.349367380142212,2850.0758171081543,79.55745936420413,7955.745936420412,9851.287065815462,109.47549999999998,1786.0656293950503,4592.478333800848,4570.815403452765,3018.9759323316002,547.3775,3.572131258790101,6.510295811239909,7.357775369201191,6.857422005059013,6.784477679263348
389,56,21840,4.111413955688477,2861.562900543213,73.0697789629625,7306.97789629625,9163.743738125258,133.322,1723.4438418290088,4566.988004717145,4537.032232874789,2776.4267425524645,666.61,3.4468876836580176,5.453639789777589,8.848798000675803,6.700982109129656,6.9097885592849355
390,56,21896,4.052180767059326,2870.6005568504333,84.40808607423028,8440.808607423029,10033.0709368862,57.574,1534.6883294631705,4584.42451481715,4562.560055521719,3272.1320558135412,287.87,3.0693766589263407,6.25150484811213,6.702693853140117,6.828550857415352,7.066698304324257
391,56,21952,4.174506902694702,2879.9805040359497,75.16363818869063,7516.363818869064,9816.97781902254,176.62100000000004,2123.993000153478,4525.268832920956,4489.386852534959,2967.82872501558,883.105,4.247986000306956,6.402354205992086,7.004907732630511,6.838261573313532,6.790796228852441
392,56,22008,4.161694526672363,2889.4065124988556,78.2258685282955,7822.5868528295505,9755.311409966991,181.05950000000004,1751.6650571374423,4518.109078170864,4494.533554574519,2960.6088410291104,905.2975000000001,3.5033301142748847,6.182360734090653,7.155870586105847,6.81748076382398,6.778037421856654
393,56,22064,4.147719144821167,2898.5903673171997,80.55467145452518,8055.467145452518,9933.184481528435,127.84500000000001,1749.8723360759177,4734.785686432158,4704.61063800074,3229.6471283722326,639.225,3.4997446721518353,6.46324453264678,6.785348773134288,6.864535955322912,7.188146228436336
394,56,22120,4.075243234634399,2908.0673265457153,78.20810055603211,7820.810055603211,9740.854952535557,117.87800000000001,1802.1668969323468,4866.617479956063,4838.929304369918,3226.233276520306,589.3900000000001,3.6043337938646935,6.08311152866248,7.978039346633055,6.854260789756162,6.930229330293991
395,56,22176,4.02562403678894,2917.301089286804,82.72708861680596,8272.708861680596,9992.840583797524,123.35000000000001,1596.7817221169275,4491.917804316044,4465.152703729078,3071.808498732229,616.75,3.193563444233855,6.514813621670583,6.843003817915361,6.844215077364113,7.037492738529878
396,56,22232,4.22568678855896,2926.570689678192,78.30997294186832,7830.997294186833,9675.972531058605,177.39300000000003,1667.582236871772,4651.406017445388,4624.06700010663,2936.2649404322524,886.9649999999999,3.3351644737435446,6.384058177052792,7.320239113418603,6.843098971613425,7.100915445538279
397,56,22288,4.049113035202026,2935.983847618103,81.55853344232928,8155.853344232928,9950.685201279102,87.2035,1707.628357046176,4685.7545002194565,4662.749152799509,3173.877357251632,436.0175,3.415256714092352,6.547130318376855,7.329922026896744,6.873778441984293,6.980815235958439
398,56,22344,4.1876139640808105,2945.4581315517426,67.25179092184592,6725.179092184592,9323.405731245315,165.25,2432.976639060721,4695.759299116691,4639.376837589865,2862.2097657081918,826.25,4.865953278121442,5.638802554357537,8.594685416287696,6.780118521999831,6.6329864924915825
399,56,22400,4.0047383308410645,2954.5464322566986,78.13788116290684,7813.788116290683,9679.890037921821,102.16250000000002,1763.9394216311364,4601.633872457658,4573.471035085842,3058.31310702227,510.81250000000006,3.5278788432622727,5.930788358238207,6.947769865783721,6.7930065368085195,6.673120687431015
400,56,22456,3.999046802520752,2963.9538350105286,84.0232053118458,8402.32053118458,9994.71553706106,61.64,1530.7550058764818,4563.9988841811855,4542.663399715795,3237.9072410093568,308.2,3.0615100117529637,6.27072650298823,6.575363958505601,6.821753442832211,6.998018818633899
401,56,22512,4.023890256881714,2974.1600058078766,81.11377845842043,8111.377845842042,9887.057799393102,102.8595,1672.8204535510595,4780.575169455187,4750.892626324929,3362.8507366775416,514.2975,3.345640907102119,6.082936626806587,6.4128290800177945,6.828801591229067,6.981939026128814
402,56,22568,4.104487180709839,2983.713123321533,78.28920017142043,7828.920017142043,9750.492705928315,136.49550000000002,1785.0771887862707,4668.45516985959,4645.0027852130115,3125.184233357361,682.4775,3.5701543775725413,6.115760532598332,6.407821617947018,6.823810946321012,6.71444117656371
403,56,22624,4.176347732543945,2993.1971266269684,82.17446318778714,8217.446318778715,9981.853900456626,94.542,1669.8655816779126,4685.02566544693,4661.630278301523,3218.6169209596537,472.71,3.3397311633558253,6.423536506444596,6.74054345111073,6.871050512083031,7.13518866015992
404,56,22680,4.062945127487183,3002.545670747757,79.51668213083384,7951.668213083384,9593.131808189264,130.1085,1511.355095105882,4640.739093083692,4619.1245674841975,3088.0094156997593,650.5425,3.0227101902117637,5.710489923194481,8.294303964358791,6.782593037615001,6.939471212330425
405,56,22736,4.1090264320373535,3012.046604156494,82.19788717151481,8219.78871715148,9809.709469221605,100.61000000000001,1489.3107520701265,4595.2774716776585,4573.619678786572,3164.326538335514,503.05,2.9786215041402535,5.973568419096593,7.084101751076043,6.798764333881415,6.989987416767848
406,56,22792,4.007437467575073,3021.425153493881,84.01295425150997,8401.295425150996,10087.730463194386,75.3125,1611.1225380433898,4563.722113605429,4541.581794049894,3241.472362873982,376.5625,3.2222450760867796,6.40580216191567,6.500010369830334,6.846593884856586,6.908957811896506
407,56,22848,4.067968130111694,3030.548992872238,82.7665180031434,8276.65180031434,10017.546137672896,102.61550000000001,1638.278837358555,4710.006417595399,4688.543122620464,3289.5025767010875,513.0775,3.2765576747171092,6.476559847967483,6.564280853908437,6.86081657181325,7.05628561313752
408,56,22904,4.034860849380493,3040.154410839081,80.73269876303945,8073.269876303944,9894.822879701122,79.321,1742.232003397177,4545.533762777568,4522.6490958210325,3159.6891245014117,396.605,3.4844640067943544,6.148151584532203,6.478225280710511,6.808450709317378,6.69910902650178
409,56,22960,4.0417585372924805,3049.510357618332,82.63511447434408,8263.511447434408,9905.470706196813,72.799,1569.1602587624059,4691.933770034657,4666.574774699012,3268.6738801721685,363.995,3.1383205175248117,6.109956319796619,6.67436923107212,6.832154866067222,7.043635030423439
410,56,23016,4.127267599105835,3058.911201238632,79.84347927550014,7984.347927550015,10103.65410194626,116.64700000000002,2002.6591743962454,4555.015374173856,4504.716410071128,3261.1964690032864,583.235,4.005318348792491,6.471228528838584,6.608228344633343,6.838682782125066,7.521308246515043
411,56,23072,4.034868955612183,3068.507762670517,81.86041973309767,8186.041973309768,9881.208307118142,56.5165,1638.6498338083748,4723.491700025692,4701.487811526616,3297.681038946182,282.5825,3.2772996676167496,6.132196816290066,6.660060048699603,6.851230926576249,7.052168674946677
412,56,23128,4.088274002075195,3077.95973610878,80.67179971915917,8067.179971915916,9751.45564724388,73.85499999999999,1610.4206753279634,4706.413151760107,4683.379695138562,3290.7581053587965,369.275,3.220841350655927,5.778423467200818,6.398559749495012,6.795991797799283,6.8648869263935
413,56,23184,4.134769439697266,3088.155229330063,68.30563024771699,6830.563024771699,8770.476239916105,173.81000000000003,1766.1032151444042,4670.987129384857,4610.531460270785,2834.853799896304,869.0500000000001,3.5322064302888085,5.190005988929992,8.510002214143976,6.539396015093414,7.601545979529358
414,56,23240,4.0315704345703125,3097.540847301483,81.8144196631518,8181.441966315179,9914.676327610949,88.2675,1644.9668612957669,4507.993160560536,4474.47570162722,3207.3417297772507,441.3375,3.2899337225915337,6.043791521219734,6.595287868838688,6.793066206712539,7.132592594943707
415,56,23296,4.138495922088623,3106.9153666496277,81.2862181690291,8128.621816902909,9850.678392293745,122.5455,1599.5110753908366,4696.061374583278,4670.769376004988,3146.1183808857654,612.7275,3.199022150781673,6.297703221897561,6.740418697327288,6.849003559908833,7.198472404665172
416,56,23352,4.30671763420105,3116.8734056949615,79.76940756256107,7976.940756256108,9355.659453151758,80.0335,1298.6851968956516,4677.561463269714,4650.610959799053,3172.4600441975585,400.1675,2.5973703937913037,5.325324354780858,7.320165454106612,6.654698995232173,7.214622418889041
417,56,23408,4.1569719314575195,3126.5540335178375,82.71815972396702,8271.815972396702,9871.416734803015,105.709,1493.8917624063122,4475.908740730769,4455.587045915983,3062.4812632906724,528.5450000000001,2.9877835248126248,6.175557641069468,7.2787137295935045,6.807096510118825,6.905741659117224
418,56,23464,4.130845546722412,3136.3798444271088,84.59682682917762,8459.68268291776,10038.668181130419,75.4485,1503.5369982126576,4490.637072791655,4461.966507842127,3254.149746353591,377.2425,3.007073996425315,6.1851621490473,6.657945306781621,6.813959504989937,7.169486282394861
419,56,23520,4.238539457321167,3145.8760437965393,77.70030010093097,7770.030010093098,9337.738251068029,96.228,1471.4802409749323,4798.766842338783,4772.738139461342,3090.345619288541,481.14,2.9429604819498643,5.449616739490194,7.185101961276361,6.7474596932869115,7.2338736997095845
420,56,23576,3.996150016784668,3155.39395403862,80.95017611815669,8095.017611815669,9810.814703383163,90.39099999999999,1625.4060915674954,4708.303008119087,4684.014272192871,3239.7016868793035,451.9549999999999,3.250812183134991,6.04715627947905,6.583366430483031,6.821661456404592,6.782769846757412
421,56,23632,4.227727174758911,3165.2626807689667,80.31474416020436,8031.4744160204355,9602.863073156637,98.822,1472.5666571362015,4665.722568325868,4639.055020322846,3174.7720930452406,494.11,2.945133314272403,5.543937988209553,6.856298001037375,6.757918713083809,6.962178229457087
422,56,23688,4.24087929725647,3175.169391155243,79.37655243586764,7937.655243586763,9913.614566352144,178.98450000000003,1796.9748227653802,4702.34039453317,4670.9653911724645,3194.2443453689107,894.9225,3.5939496455307602,6.347608256519862,6.584589680522909,6.86009803662749,7.068077083503484
423,56,23744,4.36848258972168,3184.969043970108,76.76587375970871,7676.58737597087,9792.544427537234,200.729,1915.2280515663624,4716.108393047392,4670.992163171055,3079.0134814639623,1003.645,3.8304561031327244,6.424929647928726,7.10921142408957,6.87670965320947,7.368931271944995
424,56,23800,4.489310026168823,3194.9176049232483,81.62149116757348,8162.149116757348,9973.952458735275,131.2825,1680.520841977927,4580.329742302539,4547.924242854086,3201.3042793750624,656.4125,3.361041683955854,6.279011475871425,6.667663031871112,6.841288223048704,7.104253224036164
425,56,23856,4.226827621459961,3204.5839178562164,79.47739583746416,7947.7395837464155,9825.956090842294,197.41350000000003,1680.8030070958762,4647.177076019254,4613.997845883822,3151.6505040836787,987.0675000000001,3.3616060141917523,6.229761542841306,6.869226892160287,6.838236077104801,7.200080321821602
426,56,23912,4.111334800720215,3214.3625297546387,83.14773878397469,8314.773878397467,9869.225334691266,87.7365,1466.7149562937984,4432.140639557581,4409.634176452861,3041.782477545342,438.6825,2.933429912587597,6.130099541427497,7.16651064623858,6.804249509925723,7.094852268934782
427,56,23968,4.149697542190552,3224.150126695633,78.92416450290118,7892.4164502901185,9681.841485503006,104.11949999999999,1685.3055352128872,4746.3988287236625,4724.366342727062,3209.6970923804984,520.5975,3.370611070425775,5.982151325866974,6.550625949249048,6.804728879810035,6.797489911946625
428,56,24024,4.2580015659332275,3234.1723511219025,80.97749231341024,8097.749231341025,9687.879232863648,100.44699999999999,1489.6830015226242,4577.481360959036,4550.990011792166,3210.1247651792355,502.235,2.9793660030452482,5.765862790006112,6.570776543859652,6.7534324457511,6.884077042129527
429,56,24080,4.419734001159668,3244.1230988502502,81.79250241931007,8179.2502419310085,9883.857332298168,109.017,1595.5900903671593,4646.125951267602,4625.291375798557,3182.6968916164033,545.085,3.1911801807343183,6.223165401436063,6.609525106028902,6.840050694684671,6.868953536351463
430,56,24136,4.189844608306885,3253.838079929352,78.36489511251008,7836.489511251009,9680.8455101652,139.7675,1704.588498914191,4603.854147251043,4568.932280580872,3142.3571243354913,698.8375000000001,3.4091769978283817,5.7372206350322825,7.8830440596222005,6.789231485610051,7.147981867056233
431,56,24192,4.065713167190552,3263.7328169345856,69.63662722615527,6963.662722615527,9525.896271465212,209.42550000000003,2352.8080488496867,4545.075570327341,4487.0110982858805,2964.4922975046306,1047.1275,4.705616097699373,5.629644714527209,8.75848482786955,6.763088244196742,7.453756851537145
432,56,24248,4.089224338531494,3273.4463381767273,82.61806406333832,8261.806406333832,9949.236056602083,125.024,1562.4056502682522,4460.382588031851,4438.970337682111,3095.113396037151,625.12,3.1248113005365044,6.289544798691647,6.526118402386863,6.801946041224867,6.768722228630963
433,56,24304,4.095814228057861,3283.2645857334137,78.22045008375169,7822.0450083751675,9409.971805413881,150.59750000000003,1437.3292970387129,4624.843104958407,4598.234522740831,2958.5750289032585,752.9875000000001,2.874658594077426,5.615651578986197,8.56063950106287,6.74725439340735,7.177209158538438
434,56,24360,4.065142869949341,3292.7640290260315,81.32029599964983,8132.0295999649825,9680.768282676554,96.726,1452.0126827115716,4636.956895166421,4616.6110042301325,3137.9165275138203,483.63,2.904025365423143,5.882467882304687,7.244670401820014,6.786609535715791,6.911766908543764
435,56,24416,4.072261810302734,3302.607402086258,78.04049592400602,7804.049592400603,9335.396139896806,132.39350000000002,1398.9530474962035,4565.329112493302,4533.560055857659,3006.441224568079,661.9675,2.797906094992407,5.353838267251192,8.554558230246124,6.662361597851466,7.097180819934122
436,56,24472,4.09418249130249,3313.532116174698,76.75292988742622,7675.292988742622,9302.74670632707,138.23100000000002,1489.2227175844494,4629.8672618441,4604.9188354389635,2944.302019821459,691.1550000000002,2.9784454351688985,5.444054268279988,8.597165827714763,6.728874311413797,6.9386893143339154
437,56,24528,4.059966325759888,3323.101519346237,81.34564531082825,8134.564531082827,9740.181324078323,100.72300000000001,1504.893792995496,4552.896718295692,4531.980070873209,3036.735925520349,503.61500000000007,3.0097875859909915,6.021286141955044,7.287733981166133,6.810579579868913,6.873481097460629
438,56,24584,4.06276273727417,3332.7674028873444,83.83286326413149,8383.286326413148,9896.207080453354,105.935,1406.9857540402058,4497.889000148796,4475.309860892421,3164.42870424453,529.675,2.813971508080412,6.051128483554727,6.723944523435684,6.784751211366691,7.095001377433671
439,56,24640,4.133478403091431,3342.8000009059906,77.6183921557966,7761.839215579661,9584.202098147802,162.257,1660.1058825681434,4652.5774467185565,4615.861813597803,3154.575145507316,811.2850000000001,3.320211765136287,5.70818702411847,6.6310489065479,6.765547127680457,7.107354643580733
440,56,24696,4.087182283401489,3352.7330935001373,84.00780687221766,8400.780687221766,9878.86708431394,105.323,1372.7633970921763,4535.013452320233,4509.442021556156,3207.7130551601845,526.615,2.745526794184353,6.109990236384404,6.749017854326043,6.774687771052336,7.097529720369118
441,56,24752,4.038555860519409,3362.4357826709747,82.25992869211413,8225.992869211412,9902.704164724517,110.07849999999999,1566.632795513105,4682.932634869399,4658.644028927094,3278.084763222473,550.3925,3.1332655910262104,6.163840028414957,6.572433331824888,6.824197978856084,6.898809265538963
442,56,24808,4.120830297470093,3372.255619287491,80.62716457929568,8062.716457929569,9737.669237801245,136.878,1538.0747798716775,4685.912835674874,4656.445953958018,3185.607256601892,684.39,3.0761495597433552,6.041908040950376,6.628666909966696,6.8104064856848145,7.210262926934625
443,56,24864,4.026557683944702,3382.144449710846,80.15854730148385,8015.854730148385,9477.12134050266,88.893,1372.3736103542738,4512.5684642513315,4487.417475115724,3047.537408918145,444.46500000000003,2.7447472207085477,5.40693928008374,7.069143854379556,6.69331713625064,6.978580583120375
444,56,24920,4.084177732467651,3392.1246774196625,52.17422612166548,5217.422612166548,7284.875782583146,138.223,1929.230170416598,5494.294640732552,5384.366915047008,2886.0579301230177,691.1149999999999,3.8584603408331963,4.9764366488384635,8.855338194929168,6.175993120839863,7.828213147986525
445,56,24976,4.085093975067139,3402.074454307556,83.07314088783366,8307.314088783369,10051.563283230069,163.93,1580.3191944467035,4496.360774322417,4472.385063128637,3130.243353066848,819.65,3.160638388893407,6.540371823482315,6.595898589917941,6.843659060193325,6.974225827111572
446,56,25032,4.042852401733398,3412.0207059383392,79.82223039243932,7982.223039243932,9637.503026166516,109.5985,1545.6814869225818,4605.275141758495,4574.923791397765,3184.6083264440495,547.9925000000001,3.091362973845164,5.576749005643316,6.774384928360606,6.755608726503044,6.939679293575401
447,56,25088,4.182253360748291,3423.560324192047,79.62466822925938,7962.466822925939,9845.908005168418,120.213,1763.2281822424802,4593.211387217119,4553.584548851928,3139.6353063723627,601.065,3.52645636448496,6.131147947402606,7.274810355062299,6.8278166941687415,7.340702150313227
448,56,25144,4.080395698547363,3433.446962118149,79.85849392162004,7985.849392162003,9681.548498432292,119.3445,1576.354606270288,4683.63984242534,4661.6814668986535,3196.884662053233,596.7225000000001,3.1527092125405765,5.879932231984522,6.480034918953695,6.785378218185327,6.785971457221527
449,56,25200,4.028505563735962,3443.4890129566193,79.12114195897249,7912.1141958972485,9719.350040857335,139.4455,1667.7903449600853,4641.314071900997,4611.574572556574,3175.55064070573,697.2275,3.335580689920171,5.946085152313606,6.604337086421681,6.805698175322995,6.867495753125338
450,56,25256,4.469828128814697,3454.0886490345,80.25042817979107,8025.042817979107,9463.845885239323,81.69650000000001,1357.1065672602158,4642.470882543631,4618.715862685724,3128.3345604926817,408.4825,2.7142131345204317,5.392059996297585,7.6218964437104315,6.702641655027259,6.971752746351151
451,56,25312,4.187654733657837,3464.4034831523895,81.7095276088533,8170.952760885331,9573.248475824099,107.16899999999998,1295.126714938768,4559.705637481632,4536.449248476423,3184.1941493865515,535.845,2.590253429877536,5.410545941695443,6.715953361193063,6.684384550296128,6.99957501358467
452,56,25368,4.199631214141846,3474.3884088993073,68.70982063618136,6870.982063618136,8287.84145167251,99.0155,1317.8438880543745,5007.067527573807,4972.793819004499,2879.9307623677432,495.0775,2.6356877761087483,5.050329803195583,8.841834639156467,6.451259669515816,7.304958550291372
453,56,25424,4.132329225540161,3484.1905341148376,74.55162470296551,7455.162470296551,8920.11302284515,102.771,1362.1795525485973,4798.503302350799,4765.783923437097,3013.688404117368,513.855,2.7243591050971947,5.141552149651483,7.997752370885257,6.587781504624554,7.266101068416221
454,56,25480,4.078082799911499,3494.3314142227173,81.31325984504653,8131.325984504654,9933.4341882478,161.1725,1640.935703743146,4626.129453863301,4596.211904566211,3165.6401217805396,805.8625,3.2818714074862916,6.429359861739875,6.65018712734813,6.839210570571459,7.013878086222056
455,56,25536,4.017134189605713,3504.3911678791046,82.06042219653746,8206.042219653747,9896.9218715416,129.3465,1561.533151887853,4494.001221614134,4463.500518407371,3103.689806229072,646.7325,3.1230663037757056,6.26734478105289,6.797511214291816,6.800739706536524,6.94335917575292
456,56,25592,4.057885408401489,3514.413459300995,81.5630234027499,8156.3023402749905,9662.632053376787,111.76950000000002,1394.5602131017947,4534.933596806156,4506.2638746020875,3229.8790187339373,558.8475000000001,2.7891204262035894,5.610125713971648,6.652250690135747,6.711639458330799,6.946905619654244
457,56,25648,4.138833999633789,3524.4642946720123,78.80432765351823,7880.432765351823,9714.938865823715,213.334,1621.172100471891,4642.867897205494,4617.273379915621,3063.8569949169987,1066.67,3.2423442009437817,6.228544547119358,6.684623747796018,6.81894194316307,6.860663056506561
458,56,25704,4.252456188201904,3536.0193541049957,69.06496983060802,6906.4969830608,8736.279124299594,169.769,1660.013141238793,4883.999013680968,4856.940678710697,2847.0890391995345,848.845,3.3200262824775857,5.17998404222762,8.187075275860522,6.624390336831405,6.779892746123068
459,56,25760,4.044123888015747,3545.944514989853,80.95315259460648,8095.315259460648,9733.29769526793,131.996,1505.9864358072814,4590.28336062802,4561.398050653983,3209.631650998158,659.98,3.011972871614563,5.8903363025859194,6.611480387181215,6.772708154398588,6.95457764779812
460,56,25816,4.037721872329712,3556.034474849701,81.3896087650296,8138.96087650296,9635.4814520806,148.65650000000005,1347.8640755776405,4474.269087909428,4443.119399139483,3156.9641263552,743.2825,2.695728151155281,5.655664382323871,6.666820903659718,6.700664651173595,7.132510951629543
461,56,25872,4.171117544174194,3566.369882583618,81.94017301040115,8194.017301040116,9920.030473751376,157.613,1568.4001727112604,4599.909271393717,4573.855764706954,3191.6794375869795,788.065,3.1368003454225213,6.235025989403689,6.617830320957722,6.831707056910879,7.095545787280061
462,56,25928,4.099979639053345,3576.5551311969757,78.71468309775662,7871.468309775662,9684.010838294811,168.7885,1643.7540285191487,4802.559204825855,4777.826251114378,3209.926782707013,843.9425000000001,3.2875080570382975,6.112650470636716,6.572154689867027,6.8167001289513385,6.767746533540637
463,56,25984,4.127654790878296,3586.881596803665,79.22808464055451,7922.808464055451,9674.039988253755,158.63,1592.601524198304,4508.000295662153,4470.61593458526,3109.2384928237684,793.1500000000001,3.185203048396608,5.851194556180873,6.402831852506316,6.746839335053047,7.1279226356988
464,56,26040,4.08415412902832,3597.216139793396,78.59315066657547,7859.315066657547,9716.457677917886,165.72550000000004,1691.4171112603403,4556.4894474612065,4518.301774248252,3171.205961451601,828.6275,3.382834222520681,5.848623383830042,6.456761100002425,6.7605215431253125,7.027528004319224
465,56,26096,4.032055139541626,3607.3687241077423,81.05783995196202,8105.783995196203,9928.410128291007,145.05850000000004,1677.5676330948043,4579.293829737793,4546.1839168509905,3254.7528455546917,725.2925,3.355135266189608,6.100470545940241,6.694274397991663,6.82805152949797,7.266330917051535
466,56,26152,4.087007284164429,3617.462820291519,83.10411037188564,8310.411037188564,9971.259172351603,131.20499999999998,1529.6431351630395,4452.742484930794,4423.541454316484,3166.395957447594,656.025,3.0592862703260786,6.169205242809346,6.614130464990306,6.800207962018178,7.0059359157784815
467,56,26208,4.4260969161987305,3627.906664133072,80.2386161371416,8023.861613714161,9842.617465691157,193.44100000000003,1625.3148519769948,4607.305994730612,4581.810074148012,3059.630122884615,967.2049999999999,3.2506297039539893,6.417711976791148,6.809041608074614,6.83879659959613,6.904866314509754
468,56,26264,4.196174621582031,3638.125409603119,78.58142924363659,7858.142924363659,9440.740636503011,152.39800000000002,1430.1997121393497,4562.554267100179,4529.7118014900725,3141.856890228276,761.99,2.8603994242786994,5.534115915394778,6.342525174104794,6.657243357114971,6.931034290223424
469,56,26320,4.21567702293396,3649.3436493873596,79.99368824256808,7999.368824256808,9657.762060285648,153.07550000000003,1505.31773602884,4485.359108984988,4452.375480782827,3135.75615165167,765.3775,3.01063547205768,5.753621988858798,6.413251018313639,6.730220954872755,7.047081828375838
470,56,26376,4.17983603477478,3659.773099899292,78.11423122394892,7811.423122394892,9560.740963984597,127.70600000000002,1621.6118415897067,4602.053257751248,4566.45062181729,3195.857404497057,638.53,3.243223683179414,5.640797367848126,6.34069189086605,6.719754942168519,6.917036060967449
471,56,26432,4.095080375671387,3670.117655277252,76.15775937205281,7615.7759372052815,9062.897596828636,100.0985,1347.0231596233546,4706.601149563158,4682.653523664199,2958.824334737303,500.49249999999995,2.6940463192467092,5.2589177662712565,8.525333585833723,6.625179206868769,6.930024294210228
472,56,26488,4.190619945526123,3680.476734638214,81.31850151189244,8131.850151189245,9838.302019647614,127.41149999999999,1579.0403684583698,4588.534451077532,4567.329487095018,3134.5889675584694,637.0575,3.15808073691674,6.187169952124477,6.373403397361431,6.817403314293734,6.780920115949534
473,56,26544,4.167151689529419,3690.9040200710297,77.64645736845677,7764.645736845676,9516.063047983227,130.18,1621.2373111375518,4735.748681904107,4707.862019030483,3188.5372193119265,650.9,3.242474622275104,5.745547791196095,6.313856253601634,6.7577322641789115,6.783543578774022
474,56,26600,4.211390256881714,3702.3398082256317,80.32433191975855,8032.433191975853,9556.354732028976,107.1585,1416.763040053122,4708.171689934097,4685.128050228387,3229.807729946963,535.7925,2.833526080106244,5.714337902239955,6.714240168234722,6.747007712055961,6.8635045385805
475,56,26656,4.260560035705566,3712.899516105652,85.26177985541973,8526.177985541974,10001.162687389235,54.9815,1420.003201847262,4436.69106881066,4416.486534578342,3175.2657660757295,274.9075,2.8400064036945243,6.196422482761345,6.721446488238168,6.793253874297114,6.966868736511316
476,56,26712,4.254082202911377,3723.579619407654,79.15995641599028,7915.995641599028,9663.005406736644,131.90200000000002,1615.107765137615,4685.027868136671,4658.228638682325,3201.544174130791,659.51,3.2302155302752302,5.882657129477536,6.4792369541503065,6.77888819658289,6.867650457667032
477,56,26768,4.03713846206665,3734.379505634308,79.78253822934319,7978.253822934318,9714.952327089484,95.642,1641.0565041551654,4626.1982564257005,4603.381990371758,3194.9833182997727,478.21,3.2821130083103305,5.921121282390128,6.415453534148407,6.782387795690013,6.7441102526277
478,56,26824,4.021145582199097,3744.679607629776,75.06790813771804,7506.790813771802,9123.898971468812,129.4635,1487.6446576970095,4644.8386060686,4620.43782664944,2910.325665735787,647.3174999999999,2.975289315394019,5.314553717216582,8.948344821106575,6.663203703677112,6.957047064712112
479,56,26880,4.4141740798950195,3756.7088255882263,-71.79127015732224,-7179.127015732224,6122.404632462663,193.80550000000002,13107.726148194888,5291.961901323624,4695.999122351408,1260.6107945458166,969.0274999999999,26.215452296389778,5.011578554481626,12.384317252460733,6.305244698502308,11.275492982124023
480,56,26936,4.193239212036133,3767.0482778549194,66.59739941861403,6659.739941861403,8283.676450259753,214.7785,1409.1580083983495,4976.998504277983,4939.334590624705,2734.8750124132894,1073.8925,2.818316016796699,5.125955971666884,9.123610749883115,6.485406838689836,7.186027236316349
481,56,26992,4.231435060501099,3777.286818742752,35.76217828755949,3576.217828755949,6903.498652557891,182.744,3144.5368238019414,5506.63330864746,5391.029701166359,2356.166689206848,913.72,6.2890736476038835,5.042824186480999,11.74436281014411,6.2460942808728666,7.7168340164874945
482,56,27048,4.265629529953003,3787.90576672554,77.39128584887887,7739.128584887886,9440.206758717604,131.217,1569.861173829718,4735.20493351506,4708.82951370832,3160.851980864042,656.0849999999999,3.139722347659436,5.639841472189481,6.435314463308868,6.741176462121786,6.828147188355302
483,56,27104,4.174226999282837,3798.4887516498566,80.90959734525791,8090.959734525791,9655.627371477793,112.00800000000001,1452.6596369520005,4563.776895871307,4542.690600784231,3087.4321852872795,560.04,2.9053192739040012,5.920168442769709,6.531677029383652,6.774374830984375,6.867492788974325
484,56,27160,4.131235599517822,3808.9542965888977,34.55796036294439,3455.7960362944395,7070.686295630529,198.065,3416.8252593360894,5433.919342606443,5321.4251955741875,2300.6396088884176,990.3249999999999,6.833650518672179,5.090114417715323,11.713075427298103,6.3116412734798635,7.664394911091569
485,56,27216,4.121226072311401,3819.4494202136993,48.00609812919785,4800.609812919785,7679.71203585954,247.385,2631.7172229397565,5135.27898400123,5076.690636864007,2424.4428272647647,1236.925,5.263434445879513,5.071157967596422,12.324368855019928,6.442059672988934,7.401578159361329
486,56,27272,4.088319778442383,3829.9031569957733,57.148639785332215,5714.863978533222,7846.262026836406,184.2015,1947.196548303185,5169.2684244789525,5122.739677863819,2659.9486566267906,921.0074999999999,3.89439309660637,5.052825776523446,11.895437075506628,6.409055466357789,7.328897908558675
487,56,27328,4.154193639755249,3840.4084243774414,79.46190913188987,7946.190913188987,9834.632312694685,133.0795,1755.3618995056975,4627.641964610579,4603.857897769153,3098.751398233464,665.3975,3.5107237990113953,6.219115581931997,6.227998795392232,6.841140192356564,6.757168665941608
488,56,27384,4.094205379486084,3851.033978700638,73.10366842044618,7310.366842044619,9303.968138516051,126.1625,1867.4387964714329,4698.299592438213,4662.94259633323,2951.268837916514,630.8125,3.7348775929428655,5.605932164924361,6.081852711151514,6.746449400857934,6.620449460648971
489,56,27440,4.122759580612183,3861.4891362190247,72.51141130081771,7251.14113008177,8712.14910013532,128.901,1332.1069700535513,4956.733688737685,4929.9748392760075,3047.3260765528566,644.5049999999999,2.6642139401071026,5.187163404713533,7.964926988040705,6.530372951412425,6.859546507719833
490,56,27496,4.065856456756592,3872.97709608078,77.6340802898371,7763.408028983711,9184.43648192,98.1115,1322.9169529362891,4697.689473212875,4673.19352765884,3149.9445277095115,490.5575,2.6458339058725784,5.260367456712398,6.725837080837467,6.589578605648611,6.86591582315302
491,56,27552,4.097721815109253,3883.648257493973,78.29733895774416,7829.733895774416,9353.896895655962,86.405,1437.7579998815456,4543.410786970109,4514.889709034282,3044.1425106112615,432.025,2.875515999763091,5.378287693068249,6.797612436492721,6.653718852022523,6.870619824512476
492,56,27608,4.175973176956177,3894.336879968643,69.7841686378724,6978.41686378724,9252.049132777796,159.7295,2113.9027689905583,4928.314702591299,4889.402583698564,2994.902891228985,798.6474999999999,4.2278055379811175,5.66254392962394,5.277098228870751,6.801176972026909,6.685995395615271
493,56,27664,5.091198205947876,3905.9743916988373,68.4661081187302,6846.61081187302,8973.292910362998,132.08100000000002,1994.6010984899767,4774.474519148464,4723.119113001501,3065.9693207562723,660.405,3.9892021969799534,5.218495250595784,6.4674680173702495,6.5831509753932425,6.5882001502622485
494,56,27720,4.4650352001190186,3917.7862825393677,70.8359351004103,7083.593510041031,9121.757479146476,120.251,1917.9129691054443,4690.604290194672,4645.332036306574,2837.551828975791,601.2549999999999,3.8358259382108884,5.516957430109098,5.879401129971996,6.728642590341122,6.638023992974188
495,56,27776,4.592374801635742,3929.3193736076355,83.47162757146273,8347.162757146272,10015.885533176737,119.746,1548.9767760304649,4573.1593575388815,4551.700268613453,3240.601007481021,598.73,3.09795355206093,6.368356869197296,6.488887627360555,6.831938468142456,7.024506272918832
496,56,27832,4.4743592739105225,3940.31143450737,83.21314616015385,8321.314616015385,10062.149339469179,132.205,1608.6297234537933,4618.0149777193255,4594.8988961514315,3252.698301169008,661.025,3.217259446907586,6.496167358111226,6.505583352258724,6.850502642334498,6.987038027989256
497,56,27888,4.377317190170288,3951.2923073768616,83.64952804381802,8364.952804381803,9878.043479425369,104.732,1408.3586750435657,4496.433767900015,4474.975201377765,3136.9708085388183,523.66,2.8167173500871314,6.174294739330983,6.732990252216166,6.789161778586471,7.024786336081772
498,56,27944,4.353694915771484,3962.294947862625,81.07045680113595,8107.045680113594,9630.085202171664,93.3365,1429.7030220580698,4670.800577755874,4650.256013773029,3104.681496054516,466.6825,2.85940604411614,5.989109329875644,7.116971631646403,6.784411595651534,6.896531860313095
499,56,28000,4.5031092166900635,3973.566794157028,72.85278991238792,7285.278991238794,8736.13228920256,162.186,1288.6672979637658,4954.371432911274,4930.393602703102,3022.519281065173,810.9300000000001,2.577334595927532,5.185622787875891,7.522722199364501,6.5634010542290335,6.991941162744449
500,56,28056,4.782933950424194,3985.144894838333,83.55953948677063,8355.953948677065,10081.788586891085,109.3595,1616.4751382140225,4561.993528416564,4537.343683045848,3233.900121735649,546.7975,3.2329502764280447,6.503235501904598,6.720261586795973,6.854302465606129,7.122022054068035
501,56,28112,4.660405397415161,4000.3481256961823,83.49186377633855,8349.186377633854,10028.701700951868,100.49200000000002,1579.0233233180152,4603.179151675325,4582.7818774973275,3227.211052689903,502.46000000000004,3.15804664663603,6.457995415673351,6.632662793227944,6.840074059062327,6.885938219585576
502,56,28168,4.505419731140137,4011.538455724716,81.44550745871021,8144.55074587102,9865.711696947734,161.042,1560.1189510767147,4643.171008508274,4619.228950761066,3166.0814433886912,805.2099999999999,3.1202379021534297,6.320251697477792,6.545902681421419,6.825502101279676,6.931144537582183
503,56,28224,4.4377782344818115,4022.756621837616,75.11810058761442,7511.810058761443,8905.827523540886,128.25900000000001,1265.7584647794433,4835.559951230056,4811.221180812219,3163.2004346082767,641.2950000000001,2.5315169295588866,5.193353233446656,6.886403425718956,6.527840511526795,6.84661180358767
504,56,28280,4.5149877071380615,4034.0111331939697,82.6688570182735,8266.885701827348,9724.76261957312,111.48200000000003,1346.3949177457703,4575.188205821491,4552.093460251626,3204.313238459571,557.4100000000001,2.6927898354915403,5.825032051015994,6.5740448357400325,6.750743807291187,6.993408940699679
505,56,28336,4.3331358432769775,4045.25417470932,83.17181325694362,8317.181325694364,9996.190235482049,108.66900000000001,1570.3399097876868,4580.528766224013,4557.311159496969,3215.5697806267553,543.345,3.1406798195753733,6.364277463092491,6.66706687334249,6.835716348959595,6.983301166085533
506,56,28392,4.409482955932617,4056.2575829029083,81.33231395109073,8133.231395109073,9652.519259303332,144.35649999999998,1374.931364194259,4595.505958206713,4571.979328660063,3168.0214802468145,721.7825,2.749862728388518,5.630152964987617,6.519220768695448,6.743273422108193,7.011835661285152
507,56,28448,4.419867753982544,4067.320551633835,82.7128460822087,8271.28460822087,9805.588213408293,88.6125,1445.6911051874217,4626.608161434705,4605.470958329894,3245.0120307708758,443.0625,2.8913822103748434,6.037419301538294,6.534981026239922,6.789945223086018,6.950577806698765
508,56,28504,4.372145652770996,4079.2309181690216,81.70573158902816,8170.5731589028155,9910.950854699402,146.57299999999998,1593.8046957965853,4658.197638280965,4637.444922860688,3198.236698852593,732.865,3.1876093915931705,6.356042412800702,6.578505791358524,6.845543903190718,6.907991693329409
509,56,28560,4.382110595703125,4090.350756406784,81.32059236829396,8132.0592368293965,9888.239305598392,155.05599999999998,1601.1240687689972,4575.235971643238,4551.933570585245,3056.885540791125,775.28,3.2022481375379943,6.485337590211873,6.873896983811188,6.849987032753414,6.954841453526064
510,56,28616,4.710099220275879,4101.886403799057,78.64700697568006,7864.700697568005,9788.720206959619,164.4595,1759.5600093916132,4786.54363658192,4758.586827159852,3212.6382079746863,822.2975000000001,3.5191200187832266,6.239520058283319,6.444551125149182,6.853498418723949,7.0387883579611445
511,56,28672,4.418499231338501,4113.264611244202,83.5882827015873,8358.82827015873,9975.927465784582,76.60000000000001,1540.4991956258527,4579.382375898369,4558.431615344237,3228.257386232838,383.0,3.080998391251706,6.321381910313041,6.371845387933195,6.81880349114224,6.9606962189494315
512,56,28728,4.613535404205322,4125.333490371704,75.343373790756,7534.3373790755995,8978.126606223741,135.64249999999998,1308.1467271481426,4854.926108880384,4830.636582492296,3139.1154490889066,678.2125,2.616293454296285,5.259855656265986,6.9555585299979406,6.589320766449114,6.917403932126882
513,56,28784,4.642431020736694,4136.628599643707,82.61195139679094,8261.195139679094,9782.446728346576,120.34300000000002,1400.9085886674825,4548.649981311508,4527.517158554816,3120.9301518399325,601.7149999999999,2.8018171773349647,6.089937133310285,6.816406020071475,6.77672809392746,6.953940248049199
514,56,28840,4.486978530883789,4147.872996330261,83.52259448759068,8352.259448759069,10028.589005847913,109.017,1567.312557088845,4591.653291781476,4570.504064518193,3240.937624508197,545.085,3.13462511417769,6.41341581842353,6.580660187518182,6.831567454941752,6.906688532233068
515,56,28896,4.706361293792725,4160.0015687942505,80.49389716647414,8049.389716647414,9645.550543624096,168.223,1427.9378269766828,4609.096630858248,4587.836608269348,3167.0732519444937,841.115,2.855875653953366,5.817545475671285,6.471595116116255,6.764824610409427,6.946604765882223
516,56,28952,4.38019061088562,4171.248142719269,83.72240852042034,8372.240852042032,10092.867279643258,105.40950000000001,1615.216927601226,4463.326885628323,4432.859698898335,3165.5470001515378,527.0475,3.230433855202452,6.495617650399603,6.9269720402403125,6.828064399943246,7.052551978366966
517,56,29008,4.538448810577393,4182.64218211174,80.22292553011773,8022.292553011773,9578.965006457373,115.01150000000001,1441.6609534455997,4610.276361778485,4588.3096533644975,3160.4974336747237,575.0575,2.8833219068912,5.61125682552971,6.395254070373773,6.725265866736714,6.7610416641276005
518,56,29064,4.523557424545288,4194.030343770981,83.81880518133583,8381.880518133583,9986.914227570353,136.959,1468.0747094367694,4519.56646684813,4496.862849930856,3193.1659204976977,684.795,2.936149418873539,6.288386164269802,6.584061560358901,6.808537446951467,6.950774350641182
519,56,29120,4.47786808013916,4205.451842308044,81.34373950624476,8134.373950624476,9898.761060798675,168.223,1596.164110174198,4687.344849870871,4664.037286588047,3167.624737940232,841.115,3.1923282203483963,6.443577008270392,6.7180117358217695,6.849213542547234,7.0004891493199795
520,56,29176,4.595355272293091,4217.06941652298,82.23246719993612,8223.246719993613,9943.553337418929,125.02949999999998,1595.2771174253176,4654.94761076329,4633.021675523964,3181.8406294498545,625.1474999999999,3.1905542348506355,6.453011915005727,6.6655078725665495,6.8459038247394215,7.059169497000263
521,56,29232,4.747468948364258,4228.785637378693,82.21453876402046,8221.453876402047,9825.54586943997,140.9875,1463.1044930379223,4588.464107829708,4564.191672725356,3164.6583928694245,704.9375,2.926208986075845,6.171451349662805,6.718160869286491,6.803247057374579,7.050322433930915
522,56,29288,4.7406392097473145,4241.1873190402985,80.29448492272819,8029.448492272818,9643.394181224608,139.20399999999998,1474.7416889517895,4711.786034322586,4688.480074988554,3244.7971818504534,696.02,2.9494833779035794,5.8156760286284035,6.436851170369688,6.774769431167168,6.875498208495104
523,56,29344,4.552250623703003,4253.072258234024,79.19092580850182,7919.092580850181,9504.149497061058,155.93900000000002,1429.1179162108765,4700.901797553242,4677.122317500422,3218.82153617191,779.695,2.8582358324217525,5.606711868340528,6.437742199628252,6.720883997829353,6.822956930619242
524,56,29400,4.378455877304077,4264.378041267395,81.69716171186836,8169.716171186836,9864.58401362543,116.45349999999999,1578.4143424385925,4673.953146270936,4649.632353059513,3189.4959807116193,582.2674999999999,3.1568286848771856,6.268126795584139,6.76122888887636,6.8280145830990175,6.931180737359607
525,56,29456,4.41048526763916,4276.098397016525,79.24695015235454,7924.695015235456,9700.834597840183,176.72750000000002,1599.4120826047274,4829.175987558603,4803.444048637876,3262.794131389787,883.6374999999999,3.198824165209455,5.945731487993958,6.537088690891124,6.817745936229817,6.874276913134158
526,56,29512,4.400705575942993,4287.642976999283,79.00304960608565,7900.304960608566,9480.597977654235,94.275,1486.0180170456708,4845.959110062,4821.7827094503255,3263.498407864653,471.375,2.9720360340913414,5.655786442475637,6.4803425841888185,6.746019589761323,6.782154794541272
527,56,29568,4.490140199661255,4300.084009647369,80.64599759421202,8064.599759421202,9712.030660211687,188.2645,1459.1664007904847,4605.210541968194,4581.407601814763,3174.75741300935,941.3225,2.9183328015809686,5.966934943545291,6.528721064831048,6.773031584138919,6.926901383377829
528,56,29624,4.575073957443237,4311.598725318909,80.01195919263697,8001.195919263699,9770.90309953635,147.5095,1622.197680272652,4745.431604220152,4722.098102329408,3120.65349394128,737.5474999999999,3.2443953605453038,6.369488184124209,6.83117274246427,6.8547672784124485,6.979870296526917
529,56,29680,4.466583728790283,4322.9046375751495,77.51656095715794,7751.656095715794,9350.02691618951,165.5865,1432.7843204737158,4810.052930140728,4776.388009099501,3261.238787047304,827.9325,2.8655686409474312,5.393244497414755,6.715450596967678,6.6738283611950004,7.349208162024136
530,56,29736,4.9803783893585205,4335.575845956802,76.44004417631987,7644.004417631987,9217.657798829685,140.251,1433.4023811977006,4901.3651766572175,4867.805422348618,3320.247681240573,701.2549999999999,2.866804762395401,5.338646735235513,6.44321861744783,6.625636228612001,6.970828669351954
531,56,29792,4.808675527572632,4348.652537584305,82.25175854507766,8225.175854507766,9833.634446696875,129.722,1478.7365921891103,4587.116688066088,4561.2409534174185,3208.9541205772975,648.61,2.9574731843782205,6.1044157728979265,6.516649578503028,6.786913444318886,6.964649006885755
532,56,29848,4.4717183113098145,4360.423311471939,80.0568736193892,8005.687361938921,9378.618461121741,132.67600000000002,1240.2550991828223,4642.934077297504,4618.246494754732,3163.697022285296,663.38,2.480510198365644,5.464339496245032,6.719400057594468,6.6557399962997215,6.968028510521543
533,56,29904,4.45954442024231,4372.723759174347,82.32683416604782,8232.683416604781,9979.71073295327,146.198,1600.8293163484877,4616.867179709138,4591.212098876597,3211.6920112608004,730.99,3.2016586326969754,6.397759835310618,6.613902561483729,6.836626355090906,6.924523397366604
534,56,29960,4.397015571594238,4384.2615168094635,81.61415254703685,8161.415254703686,9702.56709718781,127.51149999999998,1413.6403424841237,4656.5979762180905,4630.680073686094,3265.828689932062,637.5575,2.8272806849682475,5.7981185435504035,6.530745889371299,6.757594333708462,6.947841020420962
535,56,30016,4.430213212966919,4396.602697849274,76.8200617657665,7682.00617657665,9134.608868322837,140.582,1312.0206917461894,4845.007808491765,4818.122480973132,3220.8894449093777,702.9099999999999,2.624041383492379,5.236647494448287,6.657183430646501,6.624109649667723,7.0189395118628015
536,56,30072,4.572058916091919,4408.635964155197,80.54538461215118,8054.538461215119,9635.274567640463,150.26550000000003,1430.4706064253437,4628.115194592434,4601.836703385938,3153.694920513849,751.3275,2.8609412128506873,5.842727640390505,6.571817290146658,6.767964155570007,7.023749983732455
537,56,30128,4.50757908821106,4420.120129823685,77.65597444151449,7765.59744415145,9293.895018914081,168.84000000000003,1359.4575747626332,4722.993043335508,4695.866188581847,3206.821884427257,844.2,2.718915149525267,5.292132695969192,6.515336206574114,6.64243659326282,6.972526640181536
538,56,30184,4.60356879234314,4431.705163478851,77.43717408476985,7743.717408476985,9506.6228086286,202.83800000000002,1560.067400151614,4790.736968958441,4763.987026536056,3170.6499151648686,1014.19,3.1201348003032274,5.742094053727371,6.584157934968787,6.768843555376768,6.899282933795699
539,56,30240,4.513751029968262,4443.092830896378,79.9929489501628,7999.294895016279,9539.31180381925,167.53500000000003,1372.4819088029703,4653.78764921265,4628.417777536169,3181.627435079563,837.675,2.744963817605941,5.604647298873332,6.65510912743943,6.72744763485265,6.955783009146061
540,56,30296,4.3642895221710205,4454.365415096283,84.165265458291,8416.5265458291,10086.033707106642,122.13399999999999,1547.3731612775396,4533.433226460213,4507.973269245228,3242.6365877079525,610.6700000000001,3.0947463225550793,6.429339038073054,6.368783982503055,6.822633059457999,6.957893888259276
541,56,30352,4.485779047012329,4466.789531469345,80.35228784327961,8035.228784327961,9758.754346709284,205.60000000000002,1517.9255623813222,4604.15455025626,4578.12967979401,3122.2033222288196,1028.0,3.0358511247626443,6.148906768613632,6.497585046409653,6.799098483693846,6.958015674377214
542,56,30408,4.678005695343018,4478.725347042084,79.26279812289752,7926.279812289752,9529.60310443172,181.3555,1421.9677921419704,4680.437951378622,4655.8976963892965,3162.5778915273413,906.7775,2.843935584283941,5.687924348815,6.68548739929158,6.75652360144281,7.051408749777759
543,56,30464,4.52301549911499,4491.197681188583,82.00350807635013,8200.350807635012,9983.214702302412,151.47350000000003,1631.3903946674,4658.905173410945,4631.229053456629,3238.075251976443,757.3675000000001,3.2627807893348004,6.434839309858215,6.463510357264339,6.845852488409958,7.0816682283723384
544,56,30520,4.440237283706665,4502.915817260742,81.97965299793547,8197.965299793548,9950.456560847068,206.32600000000002,1546.1652610535198,4573.944466996005,4548.417237060651,3164.3426294163687,1031.63,3.0923305221070394,6.3849680124510595,6.372646069033212,6.824228750649609,7.0690336023608324
545,56,30576,4.501561641693115,4515.280940532684,80.40338696595053,8040.338696595052,9688.351685715448,210.17600000000002,1437.8369891203952,4607.623569028143,4582.127978358181,3142.0635983575103,1050.88,2.8756739782407905,5.9832981886850005,6.581002434184896,6.771613747811986,6.921124554936631
546,56,30632,4.952162742614746,4528.446806192398,80.501938432316,8050.1938432316,9596.41819767482,177.8915,1368.3328544432202,4578.773890596771,4554.672740827033,3134.502956655735,889.4575,2.7366657088864397,5.676231223456828,6.693157706156001,6.7396616635965,6.966539166975399
547,56,30688,4.87829852104187,4542.37486577034,78.9316151867477,7893.1615186747695,9547.266297274004,194.06500000000005,1460.039778599236,4686.7196499539095,4659.923875397992,3165.9357764192255,970.325,2.9200795571984717,5.632981349047176,6.481483044604566,6.760156539379679,7.0831942405512835
548,56,30744,4.367943286895752,4555.149430274963,82.75213469370252,8275.213469370254,9991.869681462804,139.94800000000004,1576.7082120925515,4645.948118355023,4618.924734658067,3288.811034164659,699.74,3.153416424185104,6.325989413964652,6.38769353133723,6.8242366373284105,6.962235260523726
549,56,30800,4.425371885299683,4567.1186101436615,80.70427706018302,8070.427706018301,9870.173725509223,170.47000000000003,1629.276019490922,4559.355510852461,4526.573939521344,3209.2481103521177,852.35,3.2585520389818443,6.09123747135987,6.67503821569882,6.789504935046127,7.096657880262677
550,56,30856,4.647981882095337,4579.732789039612,82.15625084882026,8215.625084882027,9890.053128798589,105.1575,1569.2705439165627,4569.045351026714,4546.563758373497,3168.605651649628,525.7874999999999,3.1385410878331257,6.209712891116934,6.454671631272821,6.817361591929378,7.007556631142772
551,56,30912,4.516283988952637,4591.6735825538635,82.61072754177718,8261.072754177718,9874.760674560617,147.2115,1466.4764203828995,4526.138911522859,4496.5572479068105,3186.718734660224,736.0575,2.9329528407657994,6.134726443952666,6.717166240672941,6.783510733934181,7.083024033857449
552,56,30968,4.444883346557617,4603.461272239685,81.71133032542238,8171.133032542238,9839.82283234334,179.40000000000003,1489.2897998011022,4613.132605328706,4587.128521624458,3171.6641079468322,897.0,2.9785795996022046,6.201315041026346,6.634483961908041,6.807883402153442,6.985315613697389
553,56,31024,4.290538311004639,4614.975692749023,80.95293306089576,8095.293306089575,9740.269537523525,171.978,1472.9982314339502,4580.704247228661,4553.553515819267,3148.5398779114093,859.89,2.9459964628679005,5.9167663084465625,6.497460594808729,6.776969616414466,7.014918425616666
554,56,31080,4.317060947418213,4627.9838581085205,80.67626690131738,8067.626690131737,9908.767770731381,201.37150000000003,1639.769580599644,4670.080691276059,4643.680481333878,3164.7259690102305,1006.8575,3.2795391611992883,6.441129399874828,6.84689092389032,6.84610331554323,6.998940523413447
555,56,31136,4.288092136383057,4639.572097063065,80.67632238420202,8067.6322384202,9736.737827812085,167.89450000000002,1501.2110893918834,4548.245966328629,4522.614451144734,2995.8593551853974,839.4725,3.0024221787837666,6.216093370735299,7.16144529173588,6.805813400230066,6.978877100489925
556,56,31192,4.251304626464844,4651.029439210892,83.53842967302893,8353.842967302895,10091.36038419447,139.52550000000002,1597.9919168915753,4535.091147102011,4507.356362352417,3228.9479876738446,697.6275,3.1959838337831514,6.476273875383994,6.428346326149795,6.834985539297528,7.100337469056561
557,56,31248,4.318072557449341,4662.658009290695,82.03442015816071,8203.44201581607,9926.099166506463,179.88250000000002,1542.774650690391,4605.016195498587,4578.8749336763385,3185.121326259344,899.4125,3.085549301380782,6.338415988122017,6.483662367174495,6.818408354715473,6.996289097351233
558,56,31304,4.348809242248535,4674.301975250244,80.47714574140417,8047.714574140418,9613.243016095566,178.347,1387.1814419551492,4613.370216507266,4585.172272792457,3181.127240838596,891.735,2.7743628839102987,5.7550388590228065,6.569057484662201,6.745930879724326,7.099938274534746
559,56,31360,4.62026834487915,4686.250725984573,81.50399541044223,8150.399541044224,9901.459928414955,202.82,1548.2403873707296,4538.125620210939,4511.183398030764,3130.1281057314445,1014.1,3.09648077474146,6.312442678416369,6.393102163536433,6.810410190507114,6.983158954992852
560,56,31416,4.402304649353027,4698.428713560104,77.80469460932241,7780.469460932241,9307.953002289873,161.5815,1365.9020413576295,4713.628106807181,4685.111355082782,3143.9897182954005,807.9075,2.73180408271526,5.37733555776023,6.751690883520205,6.665641430754056,7.039519968783714
561,56,31472,4.400509357452393,4710.1121072769165,81.4404839005142,8144.048390051419,9997.277751971022,174.88700000000003,1678.342361919602,4583.376197038713,4557.782344295681,3169.2246945042552,874.4350000000001,3.356684723839204,6.47932997520562,6.778152707067586,6.841323266688657,6.825708391752626
562,56,31528,4.377439022064209,4722.166928529739,81.13436811561638,8113.436811561639,9925.269729039508,150.911,1660.9219174778705,4611.101116825944,4584.883921213886,3143.8698219881403,754.5550000000001,3.3218438349557404,6.39900340661883,6.911606449689938,6.838063424387022,6.857318939961421
563,56,31584,4.767610311508179,4734.3376677036285,81.68004169073274,8168.004169073274,9818.3396659666,147.87500000000006,1502.4604968933254,4617.357508744108,4591.318849211967,3204.269950723685,739.375,3.0049209937866506,6.127582905419872,6.5640030892201775,6.798618853929034,6.952740439659509
564,56,31640,4.4133594036102295,4746.723014593124,79.51173266355003,7951.173266355003,9839.04322365265,254.32450000000003,1633.5454572976491,4569.287709674124,4542.037720596274,3051.679668899703,1271.6225,3.2670909145952978,6.378085374045044,6.524626190086643,6.825097978488306,6.908643123666451
565,56,31696,4.542025804519653,4758.8504955768585,77.31254493538813,7731.254493538814,9638.072612168005,235.30600000000004,1671.5121186291915,4641.880121623271,4611.27555916614,3071.9655408953167,1176.5300000000002,3.343024237258383,5.919522468451593,6.0314377391213,6.79518863710824,6.868982510097437
566,56,31752,4.5571160316467285,4770.983930110931,81.42931148874082,8142.931148874083,9925.849403015409,155.58550000000002,1627.3327541413264,4642.703736651216,4616.535447947586,3175.9089170655275,777.9275,3.2546655082826526,6.415307654713297,6.668174400142257,6.84038517738633,6.973300149627105
567,56,31808,4.453301668167114,4783.090712785721,82.10426190402787,8210.426190402786,9877.07839831951,171.7795,1494.8727079167252,4539.710450354758,4512.0176655373125,3159.061640392125,858.8975,2.98974541583345,6.210852431049809,6.572173192199818,6.795879462921611,7.014623693432968
568,56,31864,4.3193359375,4795.726934909821,84.18400555285768,8418.400555285769,10065.770583612692,147.69,1499.6800283269254,4467.37904882148,4442.95153164194,3161.9802635302835,738.45,2.9993600566538507,6.457572661298265,6.678120563832614,6.820524104153675,7.047178405156662
569,56,31920,4.222721099853516,4807.554265260696,83.99488946357127,8399.488946357127,10108.579238609344,127.97000000000001,1581.1202922522161,4502.096963118536,4475.574422054466,3208.257416661684,639.85,3.162240584504432,6.471802672596201,6.551150941513557,6.835050797926607,7.036510855397786
570,56,31976,4.3181068897247314,4819.2848381996155,77.97416668426877,7797.416668426877,9464.6943939454,188.05550000000002,1479.2222255185238,4725.90968032534,4692.857139891254,3265.5382691257837,940.2775,2.9584444510370473,5.428748529746904,6.374189095637093,6.692144010502398,7.093987819314632
571,56,32032,4.270153760910034,4831.606273889542,83.165417704258,8316.5417704258,9890.082453934208,162.43600000000004,1411.104683508407,4484.260445272073,4458.138919933892,3160.496671949578,812.1800000000001,2.8222093670168142,6.153826604558499,6.5878493963317055,6.775600254201935,7.0309913708693506
572,56,32088,4.223649501800537,4844.212666988373,83.3341965250284,8333.419652502838,10111.789606339586,142.81500000000003,1635.5549538367463,4527.124988577926,4497.974233761039,3241.5797222809474,714.075,3.271109907673493,6.473476084522057,6.349488800969631,6.830651913148821,6.95407350684488
573,56,32144,4.260830640792847,4857.197836399078,77.20902411319399,7720.902411319399,9227.275279872432,195.26550000000003,1311.107368553031,4647.397416312759,4625.659500561087,2930.7755209612346,976.3275000000001,2.622214737106062,5.484317166583662,7.092026390940607,6.699430815002712,7.023602635349557
574,56,32200,4.350101947784424,4869.067900180817,77.14096060314776,7714.096060314776,9216.094935826295,183.3195,1318.67937551152,4727.1521052849075,4694.2662461936325,3226.2322789496616,916.5975000000001,2.63735875102304,5.267605529680904,6.644775933737149,6.593183175293983,7.162355008854884
575,56,32256,4.217788457870483,4880.528207540512,81.04420456880074,8104.420456880074,9942.022276728976,174.10700000000003,1663.4948198489024,4545.427110471941,4512.508572125273,3115.9847293848784,870.5350000000001,3.3269896396978047,6.4215871794195065,6.804354425467054,6.826727250269775,7.098055531939811
576,56,32312,4.223755121231079,4893.002992630005,84.42232853187768,8442.232853187768,10131.739357256654,142.62400000000002,1546.8825040688866,4449.662250028403,4421.700378297366,3208.21611509386,713.1199999999999,3.0937650081377734,6.471656729424817,6.4867750260402115,6.8227023197503325,7.122642255689764
577,56,32368,4.235771179199219,4905.089384317398,83.16167059651453,8316.167059651452,10008.472098204727,153.60199999999998,1538.703038553274,4527.764094445938,4502.430981849677,3159.519053780484,768.01,3.0774060771065477,6.434107421930028,6.512951704084318,6.829001843795979,7.095701843887176
578,56,32424,4.352706432342529,4917.002077817917,80.23567123375088,8023.567123375089,9939.436670128978,181.02450000000002,1734.8450467538903,4630.077568479004,4597.712674621409,3197.839688612891,905.1225,3.46969009350778,6.379241987445102,6.479729266253929,6.841237778288082,7.032862753328353
579,56,32480,4.1868813037872314,4928.843593597412,82.97425116081632,8297.425116081631,10063.893613767093,214.56000000000003,1551.9084976854615,4490.344801102379,4466.119489960671,3159.5644337156737,1072.8,3.103816995370923,6.490765660784969,6.421606403863188,6.830232966511256,6.955298199970173
580,56,32536,4.1824116706848145,4941.020723581314,85.61742617186225,8561.742617186224,10118.312823938319,109.18050000000001,1447.389706752095,4423.874837358403,4398.274707770108,3241.528869160379,545.9024999999999,2.8947794135041898,6.345726206478611,6.498505435585424,6.795604270133235,7.001564816364671
581,56,32592,4.186780214309692,4953.161274433136,82.53038702820695,8253.038702820695,9941.589853634454,172.4335,1516.1176508137592,4542.362229190429,4521.120026362652,3134.950071050717,862.1675,3.0322353016275185,6.336346860389624,6.573185352829095,6.81759713237668,6.936135667644099
582,56,32648,4.616481781005859,4965.368911981583,80.32023684266488,8032.023684266489,9764.99126559902,172.01600000000002,1560.9515813325308,4634.92215797449,4607.1958299699145,3037.536953024979,860.0799999999999,3.1219031626650615,6.358557611027799,6.946745293092786,6.830101044995096,7.157150778221557
583,56,32704,4.215832233428955,4977.350731372833,83.38895693916115,8338.895693916114,9868.622413571095,157.16350000000003,1372.563219654981,4456.350286837449,4427.3902134657255,3190.3304380818013,785.8175,2.7451264393099617,5.969421556998966,6.584169852184982,6.753132267189977,7.1425091738016
584,56,32760,4.386537313461304,4990.4845724105835,79.16721043642005,7916.721043642006,9402.555218120842,189.2595,1296.5746744788362,4647.8935266491735,4618.644468544929,3173.0320563002333,946.2975000000001,2.593149348957672,5.405498688587187,6.4064885312152455,6.663298537734378,7.20734910272556
585,56,32816,4.385594844818115,5002.631233930588,79.7633519822657,7976.335198226572,9537.834359674744,173.6005,1387.898661448171,4590.637066617164,4562.222854090076,3178.5396652084446,868.0025,2.7757973228963415,5.491591498947745,6.549395284679001,6.704016027741138,7.109330901372369
586,56,32872,4.280299425125122,5014.554340600967,83.12958347834591,8312.958347834592,9871.121897681729,117.474,1440.689549847139,4529.665196476874,4505.548147572241,3217.1223807117317,587.37,2.8813790996942776,5.988179681859312,6.4024871656137,6.771134617149473,6.88643748683249
587,56,32928,4.381226301193237,5027.200811386108,79.82023769095717,7982.0237690957165,9705.154275230401,181.782,1541.3485061346832,4625.048160585744,4600.742578351443,3144.776777484884,908.91,3.082697012269367,5.935293114423354,6.5073310171525085,6.79592994083139,6.932605411998251
588,56,32984,4.331016778945923,5039.166419029236,80.82680327654748,8082.680327654749,9650.852896040828,219.45900000000003,1348.713568386078,4467.7184605366465,4439.684509587134,3072.1458607983514,1097.295,2.697427136772156,5.7589679027006575,6.517984061225793,6.733698140830923,7.100943114673393
589,56,33040,4.2732274532318115,5050.955994844437,82.20573137442292,8220.573137442292,10022.262825121223,199.7955,1601.8941876789302,4502.588119838214,4476.760057443262,3116.598620487488,998.9775,3.20378837535786,6.515689648587656,6.895564842333816,6.83886727501104,7.033284127753526
590,56,33096,4.299829721450806,5063.096881866455,78.78738074927634,7878.7380749276335,9676.522623210962,178.47250000000003,1619.312048283328,4539.722857261381,4514.202982276291,3076.5175928538865,892.3625,3.238624096566656,5.851776988410156,6.4923598254978785,6.760402478410124,6.758743143173817
591,56,33152,4.25769829750061,5075.715550661087,78.3826000523989,7838.26000523989,9458.326821454817,169.126,1450.9408162149264,4586.970368795104,4556.021909878986,3128.0213173200846,845.63,2.901881632429853,5.52305640216419,6.607910974191562,6.6801097585440905,6.931200142860068
592,56,33208,4.23300838470459,5088.681799888611,83.24968438681532,8324.968438681532,9937.219986510914,101.84700000000001,1510.404547829381,4489.245968233969,4462.154932725851,3153.2545462325716,509.235,3.020809095658762,6.252767252813812,6.876724943090734,6.803395721565993,7.055582737343316
593,56,33264,4.256175518035889,5100.620595932007,80.1483326870778,8014.83326870778,9586.604122157514,175.89100000000002,1395.879853449733,4633.018143494547,4607.308357597129,3172.7868718446184,879.4549999999999,2.791759706899466,5.652877654869909,6.474284976803946,6.735163324735159,6.912574990825634
594,56,33320,4.2917914390563965,5113.39114689827,77.76409779311732,7776.409779311731,9538.469185637729,165.7815,1596.2779063259977,4656.922668018724,4629.770457339702,3118.039528936229,828.9075,3.1925558126519955,5.749860036340456,6.387213845000839,6.7502685024734985,6.8071737175186895
595,56,33376,4.243033409118652,5125.430504083633,83.11303147025306,8311.303147025306,9877.4242444366,143.1105,1423.0105974112926,4457.558142091515,4432.110987159493,3073.133286589194,715.5525,2.846021194822585,6.213457464419804,6.734283885000428,6.788740069110446,7.064860380514273
596,56,33432,4.293701648712158,5137.29217672348,82.0324043794424,8203.24043794424,9799.208381048311,153.2005,1442.7674431040723,4484.636017990674,4458.016283012257,3156.125326777521,766.0025,2.885534886208144,5.884194116871989,6.507862571243867,6.757017714523819,6.903960016298479
597,56,33488,4.246228218078613,5149.352144241333,83.58574056442566,8358.574056442565,9927.055346283396,145.10650000000004,1423.374789840831,4430.435996860153,4403.870028485606,3130.3006352241227,725.5325,2.846749579681662,6.207531893701715,6.587013703502869,6.779945533163323,7.0461829499493245
598,56,33544,4.305148601531982,5161.88304567337,78.40281816757751,7840.281816757751,9284.701711996222,166.38600000000002,1278.0338952384714,4630.324652148307,4606.878414630804,3087.6481364482643,831.93,2.5560677904769427,5.345930328914601,7.154186915997473,6.64596314395618,7.064803278540213
599,56,33600,4.411574840545654,5174.041524171829,79.78241350055282,7978.241350055283,9482.008234791352,149.6105,1354.1563847360699,4570.110658562186,4543.859640309294,3079.281528739846,748.0525,2.7083127694721396,5.47647491736733,6.710902896565312,6.6990037058414815,6.964062322679487
600,56,33656,4.262756586074829,5186.137620925903,79.68585273600547,7968.585273600547,9492.342798267768,155.1175,1368.640024667221,4683.701754441494,4658.08926378012,3223.680753680752,775.5875000000001,2.737280049334442,5.4662228699420625,6.518412388002501,6.696983105285902,6.9096725898073155
601,56,33712,4.57716965675354,5200.2226140499115,82.32398635412895,8232.398635412894,9905.645160104279,158.67450000000002,1514.5720246913868,4417.258583432639,4393.143599869627,2995.584929312685,793.3725,3.029144049382774,6.381355448148267,7.057243778032333,6.806544501882115,6.874917360747326
602,56,33768,4.4521777629852295,5215.650550127029,81.74603766620467,8174.603766620465,9829.94499687283,201.97450000000003,1453.3667302523654,4471.670133020476,4441.650375263086,3090.6122817993537,1009.8725000000002,2.9067334605047304,6.158305386917449,6.6568532229504225,6.777820817145468,7.256753041382718
603,56,33824,4.273725271224976,5228.259496927261,83.71894748321043,8371.894748321043,9900.066812786034,102.57849999999999,1425.5935644649908,4518.6026621470555,4493.749977390977,3187.418775001679,512.8924999999999,2.8511871289299813,6.056956150081404,6.619389963204532,6.783346315260379,7.038039913142165
604,56,33880,4.175069332122803,5240.24373793602,83.70570177577483,8370.570177577483,10077.855286462298,98.9875,1608.2976088848145,4577.438128197335,4551.926484883101,3270.411903233871,494.9375,3.216595217769629,6.3407193011942935,6.4999286732903565,6.836955843366748,6.933422947414371
605,56,33936,4.727367162704468,5253.257520437241,80.45343349672329,8045.34334967233,9892.94716747522,221.371,1626.232817802891,4647.218505843189,4615.42758716404,3173.8654793302358,1106.855,3.252465635605782,6.334805835060612,6.562460774760946,6.8372430218183755,7.201873658803882
606,56,33992,4.426802396774292,5266.061448335648,79.4134728354341,7941.34728354341,9598.20194942224,169.41000000000003,1487.4446658788297,4563.674681801665,4533.882163518527,3031.8301253686204,847.05,2.9748893317576597,5.8416134917684435,7.070477381985199,6.780685481001299,7.227539707694831
607,56,34048,4.41336464881897,5278.596075773239,79.12722593000453,7912.722593000454,9634.784793188288,184.38350000000003,1537.6787001878347,4603.527724632279,4573.672126211872,3114.875681132785,921.9175,3.07535740037567,5.792490692672664,6.453225096504459,6.759690481095354,7.001243661743478
608,56,34104,4.344025373458862,5291.384955883026,81.10472938143612,8110.47293814361,9573.428573232492,117.84150000000001,1345.1141350888809,4638.6931971492995,4611.618816137474,3238.921686902183,589.2075,2.6902282701777613,5.661917408820672,6.726929802151826,6.713962605878011,7.035768628081826
609,56,34160,4.3570356369018555,5303.941082239151,82.271923360143,8227.192336014301,9688.916419834808,161.97150000000002,1299.7525838205092,4466.353666948566,4441.428906225083,3068.8953114177066,809.8575000000001,2.5995051676410186,5.806308449815603,6.734647831105493,6.736412518848022,7.04553897483531
610,56,34216,4.327831506729126,5316.174970626831,83.24861249981895,8324.861249981896,9782.80930403322,127.78800000000003,1330.1600540513264,4503.966598269736,4474.668031426252,3213.017362368547,638.94,2.660320108102653,5.892478870797324,6.683518597731324,6.736582928203257,7.186783567107843
611,56,34272,4.408134460449219,5330.145181894302,81.2847672104183,8128.47672104183,9902.334484150746,173.50150000000002,1600.3562631089171,4641.001262277769,4618.223726481348,3149.1313033179995,867.5075,3.200712526217835,6.375515796949316,6.61145562869587,6.847407315041536,7.0629134862907454
612,56,34328,4.500746488571167,5342.61153960228,83.73323895355914,8373.323895355912,9992.555993029331,115.87650000000001,1503.3555976734167,4526.531103395966,4499.252204730022,3219.655245470049,579.3824999999999,3.006711195346834,6.298326535790778,6.621133841517303,6.807964080305392,7.044967228339528
613,56,34384,4.39183783531189,5355.019421815872,81.34051250086638,8134.051250086638,9769.988477283436,129.162,1506.775227196797,4626.727319885815,4605.812945597021,3090.8126681397234,645.81,3.0135504543935943,6.205399922822039,6.948212145903032,6.81716940040143,6.910047008261094
614,56,34440,4.271969795227051,5367.704233169556,82.99722094137128,8299.722094137127,9855.430186119076,119.63850000000001,1436.0695919819493,4486.117630533448,4463.427974687302,3161.555675829778,598.1925000000001,2.8721391839638986,5.974041003553059,6.520928460461302,6.7685216715345735,6.949086790824689
615,56,34496,4.261780500411987,5379.956841945648,79.8478004438682,7984.780044386819,9629.106107305674,195.95700000000005,1448.3690629188545,4530.989916378514,4509.380877067753,3078.440671485242,979.7850000000001,2.896738125837709,5.744894049347326,6.407554540115493,6.74404496611685,6.849838012052842
616,56,34552,4.278558969497681,5392.22807431221,81.01459334901125,8101.459334901126,9728.984652931013,143.21200000000002,1484.3133180298883,4654.83782054312,4628.72755943787,3193.036024399951,716.06,2.9686266360597764,5.958705680202444,6.628255472788277,6.79018801799226,7.045359592002811
617,56,34608,4.274556636810303,5405.122975826263,81.99269810693147,8199.269810693146,9646.457016442151,99.0755,1348.1117057490037,4549.464440497487,4527.596956650493,3144.136300015448,495.37750000000005,2.696223411498007,5.691818122434738,6.725739543515652,6.742082724302918,7.005663484955319
618,56,34664,4.481305122375488,5417.715158224106,80.8836120884429,8088.361208844291,9551.424293734324,125.67600000000002,1337.3870848900349,4568.436529111521,4539.152856582794,3133.119794482532,628.38,2.6747741697800693,5.569124281004162,6.780377486580036,6.711665045390341,7.148732532878249
619,56,34720,4.26244592666626,5430.123649597168,82.42828263878224,8242.828263878222,9704.26271542007,99.86349999999999,1361.5709515418475,4514.813211196188,4493.379512625998,3109.1449674606133,499.3175,2.723141903083695,5.8387312656035135,6.810335524514187,6.759357265014249,7.0343063977563025
620,56,34776,4.360330820083618,5443.84886264801,81.99685152427024,8199.685152427024,9607.937876612385,100.67999999999999,1307.5727241853601,4562.972920954524,4536.2735293912665,3222.2156170239796,503.4,2.61514544837072,5.531197920136628,6.68968415662755,6.702192396554753,7.101664232905894
621,56,34832,4.348618268966675,5456.144904851913,83.5535992285262,8355.359922852618,9993.365447004822,127.7375,1510.2680241522025,4525.982823669985,4503.662843724711,3141.6599256728605,638.6875,3.020536048304405,6.439080897956293,6.627265468249094,6.825040552068622,7.111408380175719
622,56,34888,4.392686605453491,5468.8070323467255,77.76787020403236,7776.787020403234,9407.01537817427,209.03300000000002,1421.1953577710374,4742.1569971128865,4718.414113298949,3122.1619778914064,1045.165,2.842390715542075,5.567667429063525,6.98993589754426,6.735462080102175,7.071672903290081
623,56,34944,4.350459098815918,5481.928823471069,81.93527471902179,8193.52747190218,9992.307978780485,160.56000000000003,1638.2205068783073,4659.929323529435,4630.941713895081,3227.4156653496466,802.8,3.276441013756615,6.468698639123717,6.610384860802035,6.852498717631234,7.149539326955542
624,56,35000,4.288956880569458,5494.471722841263,81.69355912813788,8169.355912813786,9642.946118073338,112.29299999999999,1361.2972052595514,4591.193989526584,4569.90035039241,3161.419494973209,561.4649999999999,2.722594410519103,5.723715695498543,6.779406530830891,6.750277064056322,6.958624695964886
625,56,35056,4.304327011108398,5506.995609283447,78.95612254515052,7895.612254515052,9272.990758453245,126.68950000000001,1250.6890039381924,4730.368197890458,4707.008235787871,3168.3009043578445,633.4475,2.501378007876385,5.309460277338642,6.794668485894026,6.646519472323382,7.010036335727962
626,56,35112,4.2459447383880615,5520.0978009700775,82.61083991368702,8261.083991368701,9941.94018152027,143.0405,1537.8156901515695,4554.974385336568,4527.437488726413,3183.7944997962068,715.2024999999999,3.0756313803031388,6.299994844479711,6.5383793744277545,6.806542029619577,6.9693702092579155
627,56,35168,4.182948589324951,5532.380319356918,82.52240288147667,8252.240288147666,9976.116127827154,141.674,1582.2018396794867,4570.576344446765,4540.538442527058,3149.9307590731387,708.37,3.1644036793589736,6.453934627845592,6.825342178966453,6.834795273562775,7.218015235880922
628,56,35224,4.264622211456299,5544.849782466888,82.73564801509912,8273.564801509914,10014.384355196602,168.63250000000002,1572.187053686689,4538.143942136458,4509.028003552614,3177.766579244683,843.1624999999999,3.1443741073733786,6.428000120034426,6.976026903286403,6.8261746218299,7.0815863347938635
629,56,35280,4.288336515426636,5558.674429655075,80.13700166781281,8013.700166781282,9626.545982188438,182.52200000000002,1430.3238154071573,4610.80522644719,4589.52506864269,3069.7354058865612,912.6099999999999,2.8606476308143147,5.84865251719321,6.637575528514151,6.772259507874133,6.975956512306574
630,56,35336,4.326341152191162,5571.187182664871,81.93187428581933,8193.187428581932,9829.610424410268,156.41750000000002,1480.0054958283358,4601.743128651058,4576.327006167406,3136.48589297316,782.0875,2.960010991656672,6.244703745362691,6.611856996348742,6.8057122700498764,6.994607238967867
631,56,35392,4.491749048233032,5583.88054728508,78.6651350521945,7866.51350521945,9467.692840973647,180.98950000000002,1420.1898357541968,4701.7570852980625,4674.197876567594,3181.4668772844007,904.9475,2.8403796715083938,5.562570577068659,7.015260238373395,6.730956329750389,7.076788671423976
632,56,35448,4.297510862350464,5597.125344514847,81.32415709207717,8132.415709207718,9911.102782630083,197.83000000000004,1580.8570734223663,4580.021610336887,4551.84091307854,3158.232520234562,989.15,3.1617141468447327,6.330637786447034,6.530603543737231,6.816400543136874,7.017322126036037
633,56,35504,4.296955108642578,5609.641855478287,82.9580251860332,8295.80251860332,10019.751176777754,136.75150000000002,1587.1971581744356,4565.266383977338,4538.730831385859,3206.238472873545,683.7574999999999,3.174394316348871,6.368348307208508,6.466958097496471,6.832436998349444,7.022130879045428
634,56,35560,4.35247802734375,5622.913610696793,79.40944605895963,7940.944605895962,9851.868719087961,224.07100000000003,1686.8531131919974,4549.856354225942,4514.231107471508,3034.3953074156093,1120.355,3.373706226383995,6.390286443553276,6.9395575541389976,6.828725449104967,7.225718927905585
635,56,35616,4.327653408050537,5635.4515635967255,80.80281660178626,8080.281660178625,9579.803378373754,133.08700000000002,1366.4347181951282,4573.523627688977,4552.176197670775,3079.2819651125214,665.435,2.7328694363902564,5.7627420770406825,6.823763487323845,6.746031663215454,6.940480981767122
636,56,35672,4.221747875213623,5648.094971895218,83.54483065150883,8354.483065150886,9946.972684698725,108.36000000000001,1484.1296195478399,4538.326889578377,4517.881735352718,3153.767492310618,541.8,2.96825923909568,6.347581097703121,6.746774184493239,6.8169047252533925,6.910383403405781
637,56,35728,4.237591505050659,5661.172967433929,82.46039091993015,8246.039091993014,9719.23229159501,94.3625,1378.830699601994,4498.089628524282,4476.870830721402,3022.4611805507857,471.8125,2.757661399203988,6.100785408805493,7.0669952411644585,6.7770632307462675,6.990888893593166
638,56,35784,4.191009998321533,5674.547011137009,83.11574398738762,8311.574398738763,10022.068639012494,135.77050000000003,1574.7237402737314,4550.792148298131,4528.604870387735,3160.3791759674814,678.8525,3.1494474805474626,6.494047725186069,6.466252865957223,6.840098485251886,7.001013761475335
639,56,35840,4.1899073123931885,5687.666239023209,82.83634674231439,8283.63467423144,9923.787392068645,127.3725,1512.7802178372058,4512.311377347914,4491.410091974889,3121.8089818831577,636.8625000000001,3.0255604356744112,6.3007068274741265,6.715328328944954,6.823646173886274,6.9869061570247055
640,56,35896,4.2822370529174805,5700.206051826477,79.11870745161707,7911.870745161706,9251.972174900857,119.6875,1220.4139297391494,4767.739852861007,4742.337188684991,3263.9470516567876,598.4375,2.4408278594782984,5.23319177841213,6.5147507765407395,6.596709552485544,6.968463870600922
641,56,35952,4.430031776428223,5713.238645076752,79.92123565480352,7992.123565480352,9711.293735549378,203.001,1516.169170069024,4642.61493525165,4613.922129768818,3121.8627388036616,1015.0049999999999,3.032338340138048,6.020090550082132,6.56678639837597,6.790938187583762,7.096755736560968
642,56,36008,4.290674448013306,5726.209661722183,80.90657848331125,8090.657848331125,9808.6390354317,165.0675,1552.913687100575,4619.503121791875,4598.198186028673,3035.6404663284393,825.3375,3.1058273742011506,6.4222112966169576,7.011598253698721,6.835649581210857,6.956887231639901
643,56,36064,4.290916919708252,5739.24521112442,79.04290445293253,7904.290445293253,9561.153537028436,174.8555,1482.0075917351842,4678.396613015366,4652.555609763669,3080.27294258743,874.2774999999999,2.9640151834703685,5.873261469277838,7.267567392013623,6.785377568576401,7.008352470338169
644,56,36120,4.317763566970825,5753.5664002895355,81.06245723609067,8106.245723609067,9568.47333370451,125.49200000000002,1336.735610095443,4570.9832979827825,4549.675814230197,3094.376477275101,627.46,2.6734712201908857,5.7491415848280285,6.832884033338278,6.739895109261765,6.987776271706634
645,56,36176,4.305984020233154,5766.155376195908,81.33558242119838,8133.558242119837,9754.451569180037,134.64000000000001,1486.2533270602016,4578.446901759014,4550.1270729001335,3171.9117260083467,673.1999999999999,2.9725066541204037,6.006109951189156,6.447875341744173,6.766176329667515,6.9383899240173585
646,56,36232,4.18570351600647,5779.460629701614,80.92735613228785,8092.735613228785,9775.562969438339,172.13300000000004,1510.6943562095523,4571.472378553926,4549.564075202429,3106.3188330301728,860.665,3.021388712419104,6.157401193437659,6.746628834945426,6.7956613089668565,6.864911297199392
647,56,36288,4.2989325523376465,5793.096560716629,78.24712887607078,7824.712887607076,9725.137596182187,190.37400000000002,1710.05070857511,4550.337711240603,4525.219879243061,3057.4510703714973,951.87,3.4201014171502204,6.130315192744376,6.3907307014193755,6.785225198206297,6.764960727936237
648,56,36344,4.35856819152832,5806.510254383087,77.49978258829148,7749.978258829149,9507.815432782263,204.027,1553.810173953112,4636.822365226617,4614.059477342718,3065.6081411905775,1020.135,3.1076203479062245,5.770993235499704,6.616872755710952,6.760516481257388,6.8438711501512355
649,56,36400,4.313672304153442,5819.142408132553,81.61876969099212,8161.876969099212,9881.557195964506,169.0525,1550.6277268652925,4546.861238718298,4525.519474410892,3036.8210552014607,845.2624999999999,3.1012554537305856,6.453460673618444,6.933631599287541,6.8306483268874105,6.947506921340712
650,56,36456,4.368295907974243,5831.835994958878,82.19950281823432,8219.950281823432,9968.425617404013,203.01050000000004,1545.4648355805796,4498.160308780624,4475.419148601659,3090.579470835561,1015.0525,3.0909296711611587,6.407299405540868,6.545049800533488,6.8288447207211265,7.0594717513647725
651,56,36512,5.033790826797485,5845.909958124161,81.14449417031157,8114.449417031157,9866.415411413385,172.507,1579.4589943822282,4535.795583803214,4511.036413338539,3045.287952714565,862.535,3.1589179887644567,6.397074260989012,6.932483744953771,6.8197451741988715,7.047144462443853
652,56,36568,4.477446794509888,5859.292730331421,81.41461563319399,8141.461563319399,9827.234780378407,157.086,1528.6872170590077,4594.811326973447,4572.604109597765,3090.1565659361418,785.4300000000001,3.0573744341180156,6.29393227258242,6.865855572715673,6.827495224777459,7.012870893002728
653,56,36624,4.446436166763306,5872.765420675278,75.12945943571057,7512.945943571056,9183.173696246839,185.905,1484.3227526757814,4766.57986777807,4738.521007518706,3051.651960231694,929.5249999999999,2.968645505351563,5.356486163681507,6.772535671136953,6.66961862826839,6.931156372889147
654,56,36680,4.384687662124634,5886.254999399185,81.24641102502872,8124.641102502872,9716.629297100437,122.662,1469.326194597567,4495.573947042072,4468.223907672833,3135.8342521909817,613.3100000000001,2.938652389195134,5.758915260599578,6.461049972353907,6.742193180687252,6.90795579626038
655,56,36736,4.574022054672241,5900.0098531246185,78.16468006101937,7816.468006101937,9413.657085651073,166.93,1430.2590795491365,4707.026320905411,4676.472473267977,3131.434065946674,834.6499999999999,2.860518159098273,5.459826085291405,6.838837541961636,6.714261539902202,7.264825627770021
656,56,36792,4.400007486343384,5913.899574995041,79.04428617053406,7904.428617053405,9689.66395178613,171.05050000000003,1614.184834732724,4636.556422518985,4610.777837185262,3148.52050174349,855.2525,3.2283696694654482,5.868205003626939,6.541732325022763,6.798320116693345,6.923206394581015
657,56,36848,4.414667367935181,5927.601897954941,82.82968365309088,8282.968365309087,9968.8723921118,157.41400000000002,1528.490026802713,4527.609517163171,4501.60834293363,3161.0764737016084,787.0699999999999,3.0569800536054257,6.3541819955818095,6.617573142162607,6.821491424422027,6.995552963664638
658,56,36904,4.495212078094482,5940.652241706848,81.87623192797733,8187.623192797733,9951.322861329478,199.13900000000004,1564.5606685317439,4571.538149769032,4544.203573484906,3180.9088962986752,995.695,3.129121337063488,6.357596721646843,6.464493612708139,6.822930906489485,7.055323157165283
659,56,36960,4.51303505897522,5954.456731796265,79.7377532294507,7973.775322945071,9853.004931032476,207.8625,1671.367108087405,4579.368449560072,4545.840725672764,3077.9109710745224,1039.3125,3.3427342161748097,6.369716733663802,6.81368609644822,6.821347096286225,7.093456613990705
660,56,37016,4.431902170181274,5967.4935467243195,81.47033494138941,8147.033494138941,9940.06914893799,214.11950000000002,1578.9161547990498,4574.287134862028,4548.586875370219,3123.717787565292,1070.5974999999999,3.157832309598099,6.442838901208524,6.563897374874862,6.836220716158713,7.056218846819986
661,56,37072,4.267989158630371,5981.004247188568,83.75050968526581,8375.050968526582,9927.15420361899,107.5805,1444.5227350924097,4435.127869387774,4413.093178253818,3126.1962276128306,537.9024999999999,2.8890454701848194,6.199186038330047,6.625078536131925,6.788111823224232,6.948983431988462
662,56,37128,4.199240207672119,5994.338637113571,83.77676754125292,8377.676754125292,9991.80770194663,120.00999999999999,1494.1209478213364,4521.055610865312,4496.02547926433,3175.060372099702,600.05,2.988241895642673,6.339651202304637,6.749925450373347,6.8145165591308166,6.965939691070143
663,56,37184,4.373176574707031,6008.045617103577,77.64697582514839,7764.697582514838,9605.807210843774,224.74450000000004,1616.365128328936,4594.653270993912,4565.513265888752,3080.7443536311994,1123.7225,3.232730256657872,5.7926327918811324,6.391846271189118,6.761232427913349,6.861775419755394
664,56,37240,4.385061025619507,6021.913915157318,79.78619513204274,7978.619513204273,9891.977297033845,184.19800000000004,1729.159783829573,4709.497403244751,4682.983626336614,3162.2616548528367,920.99,3.4583195676591463,6.479619210162606,6.554467721466443,6.862266522597679,6.9376763120475085
665,56,37296,4.266010999679565,6035.415659189224,81.40874711739363,8140.874711739363,9812.705873148636,199.1595,1472.6716614092718,4519.873022866266,4498.739758658985,3064.76110224763,995.7974999999999,2.945343322818544,6.234167206341859,6.643938085555815,6.7997914941587245,6.876450085290519
666,56,37352,4.312254905700684,6048.427489519119,78.52468277233979,7852.4682772339775,9456.12144692248,219.30400000000003,1384.3491696885021,4653.419572024497,4630.493082161996,3092.827109652958,1096.52,2.7686983393770044,5.597461736797819,6.776000726698634,6.719924110185502,6.9629699028249945
667,56,37408,4.134505271911621,6062.0618460178375,81.73034573370806,8173.034573370806,9867.527454111369,135.999,1558.4938807405629,4473.433049050257,4449.285808988543,3057.107218463253,679.9949999999999,3.116987761481125,6.2842992310655434,6.81997332030094,6.796983810901651,6.804553735937309
668,56,37464,4.249262094497681,6075.282445907593,81.76885316169309,8176.88531616931,9820.501405015691,125.648,1517.968088846382,4519.354439766892,4495.050944624962,3099.6831973210037,628.24,3.0359361776927636,6.165240425036143,6.546906231847829,6.80638683720604,7.10467625655419
669,56,37520,4.180586099624634,6088.8155605793,75.75774315428966,7575.774315428966,9038.877055166395,110.2995,1352.8032397374295,4796.6181694417155,4769.516757607442,3146.9352812592633,551.4975,2.7056064794748593,5.184257558037906,7.1117913001973365,6.57806144106597,6.817549590992998
670,56,37576,4.252930164337158,6101.821483850479,83.62070729721756,8362.070729721756,9955.34758932887,93.471,1499.8058596071164,4554.396995491881,4532.382043897162,3147.6775574997855,467.355,2.999611719214233,6.393526972880739,6.806382773436198,6.822151280060163,7.073589169111993
671,56,37632,4.297841787338257,6115.338541507721,81.34381442441173,8134.381442441174,9659.372983078556,118.19399999999999,1406.797540637384,4606.497639825264,4580.625398155416,3241.1440343539502,590.97,2.8135950812747677,5.764930504426567,6.390545694718023,6.725965209345369,6.922349266106281
672,56,37688,4.341484785079956,6128.503939151764,81.4202513226794,8142.02513226794,9886.357072546929,166.086,1578.2459402789877,4537.4127767021455,4515.675846546539,3086.649776809499,830.4300000000001,3.1564918805579754,6.3580541762037255,6.559101568358151,6.824176028489597,6.878486870155585
673,56,37744,4.232894420623779,6142.857446193695,82.51151290222381,8251.15129022238,9935.637701450876,160.79450000000003,1523.691911228494,4545.682970442927,4524.148537596429,3099.26595343566,803.9724999999999,3.0473838224569882,6.434827814388765,6.825922932553987,6.826080303163825,7.0000542589236785
674,56,37800,4.25917911529541,6155.8416159152985,80.6173099146576,8061.73099146576,9674.290899636751,143.892,1468.6679081709913,4576.627075591694,4543.314503208186,3159.614020211835,719.46,2.9373358163419825,5.810864610405213,6.885935892002763,6.755569300524689,7.173205756384712
675,56,37856,4.234398365020752,6169.634251356125,82.1930131729546,8219.30131729546,9875.960175324406,151.836,1504.822858028947,4471.22317433506,4449.141492247866,3092.582076828173,759.18,3.0096457160578933,6.226418684192848,6.503481670327218,6.797514456386824,6.925349717109526
676,56,37912,4.336664438247681,6182.910057067871,80.09598387460412,8009.598387460412,9904.446931725814,196.10600000000002,1698.742544265401,4574.469998451495,4545.889554824631,3053.139969830446,980.53,3.397485088530802,6.514328047062048,6.719621138431749,6.848487350306824,7.011415541793854
677,56,37968,4.185365438461304,6196.34272480011,85.37846385619056,8537.846385619054,10126.940422429567,109.26450000000001,1479.8295368105119,4412.120289913842,4388.3959900659065,3183.0781722436705,546.3225,2.9596590736210233,6.453226193890869,6.526576292920413,6.812590979193726,6.95282116855057
678,56,38024,4.264732360839844,6209.283506393433,79.80160231092327,7980.160231092327,9577.87617225801,156.5485,1441.167441165683,4593.467720353548,4568.554039207841,3127.075566207738,782.7425000000001,2.882334882331366,5.6590949464634575,6.347965415283037,6.729769400804541,6.989759440205264
679,56,38080,4.326939582824707,6222.99045753479,74.96519003807768,7496.519003807767,9351.511239474874,213.19100000000003,1641.8012356671059,4698.4397782136675,4668.503204535913,3092.057727132252,1065.955,3.283602471334212,5.471311499557111,6.30138360566345,6.698042536208598,6.82989696128471
680,56,38136,4.162103891372681,6235.863116979599,81.50068291317582,8150.0682913175815,9562.43444473696,99.7755,1312.5906534193773,4635.960558042035,4613.981137860379,3284.3191333958716,498.87749999999994,2.6251813068387544,5.579067883963776,6.364433784205126,6.68170134523431,6.883770477763411
681,56,38192,4.324682950973511,6250.475275039673,81.83433359396034,8183.433359396033,9773.09800451256,206.15550000000002,1383.5091451165272,4483.8667221243495,4457.650058568703,3044.2900487673414,1030.7775000000001,2.767018290233054,6.15336898149393,6.705941551374947,6.777122030083329,7.119898021239509
682,56,38248,4.26162576675415,6263.3021450042725,78.60957959479472,7860.957959479474,9435.353267106037,179.53200000000004,1394.8633076265637,4630.624773631208,4608.96596005906,3046.411005817088,897.6600000000001,2.7897266152531275,5.75250924298902,6.504940195065267,6.728706510693884,6.908871545726766
683,56,38304,4.26059365272522,6277.0616290569305,81.39513970666263,8139.513970666264,9792.082152745417,162.26450000000006,1490.3036820791542,4624.9211995189235,4603.134117577494,3126.0379180045293,811.3225,2.9806073641583084,6.2193298404512225,6.599470201835392,6.8049022750603045,6.9119823206093765
684,56,38360,4.331801891326904,6290.424891471863,81.86406516511687,8186.406516511688,9734.774513979675,148.83800000000002,1399.5299974679851,4529.197162526282,4506.458238028722,3109.2515871157866,744.1899999999999,2.7990599949359707,5.944010915659967,6.719259913784989,6.774529346971035,7.094098742486133
685,56,38416,4.46990442276001,6304.21984744072,81.38389098442784,8138.3890984427835,9861.480086148917,191.957,1531.1339877061332,4575.968038934157,4548.4440367822135,3099.3831495652935,959.785,3.062267975412266,6.313593338903745,6.63615184309663,6.82471232237925,7.170004528391721
686,56,38472,4.178767681121826,6317.057816267014,83.61050989917804,8361.050989917803,9997.438571136403,123.3465,1513.0410812185987,4502.752056321159,4478.3811966602825,3178.024050630923,616.7325000000001,3.026082162437197,6.326865840014616,6.591414408897262,6.813594456208922,6.901415821418199
687,56,38528,4.148117542266846,6331.030457496643,84.77730563412041,8477.73056341204,10068.908838353913,102.4545,1488.7237749418707,4488.033817474276,4464.472872697887,3190.075964565878,512.2725,2.977447549883741,6.431067587709748,6.64278481296243,6.816256062070793,6.980999126901274
688,56,38584,4.256169557571411,6344.180205583572,81.83462611894694,8183.462611894694,9713.81355080766,135.40950000000004,1394.9414389129631,4508.860902541865,4482.497332361949,3102.8413734382484,677.0475,2.789882877825926,5.761075322478419,6.682788230330086,6.752296554765869,7.072047388388536
689,56,38640,4.312171220779419,6357.929091691971,80.67039860920613,8067.039860920613,9751.522883668662,235.60900000000004,1448.8740227480494,4624.022384393484,4599.411629896926,3105.044318613186,1178.045,2.8977480454960984,6.185372129531037,6.657373772445587,6.799303697102608,7.056664781841408
690,56,38696,5.292756080627441,6376.148296117783,73.58005136703795,7358.005136703795,8899.570454381561,185.30650000000003,1356.2588176777654,4802.390278209187,4772.001047716264,3112.960792382506,926.5325,2.7125176353555305,5.157732507057088,6.677028620419024,6.527904919363277,6.974677241169762
691,56,38752,4.606534957885742,6391.707962036133,79.00099999670772,7900.099999670772,9764.179127792071,225.3155,1638.7636281212995,4554.035386011288,4525.2747343128085,3038.775361221166,1126.5774999999999,3.277527256242599,6.219884431975214,6.255577977613811,6.8057808797571155,6.9995162943078375
692,56,38808,4.385232925415039,6405.100620031357,81.0695412814531,8106.954128145309,9827.200807765013,187.711,1532.5356796197043,4442.864234662979,4420.312792945148,2950.254987812954,938.5550000000001,3.0650713592394085,6.316386396028066,6.800543822186016,6.809383413230198,7.004069431399399
693,56,38864,4.388171195983887,6419.35796380043,82.4691186010982,8246.91186010982,9837.71605585462,136.822,1453.9821957448,4566.796607310396,4541.576423356108,3185.736202745331,684.1099999999999,2.9079643914895996,6.024890255075449,6.6288904075987265,6.7833010646527425,6.998306210130102
694,56,38920,4.219945430755615,6432.6342985630035,82.98509449679779,8298.509449679777,9985.553644644526,188.00550000000004,1499.0386949647477,4447.847788951214,4426.320467522453,3086.279218360657,940.0274999999999,2.9980773899294952,6.306696509281315,6.648194294146429,6.815187511199116,6.967999091688553
695,56,38976,4.218231201171875,6446.767175912857,82.67445739414919,8267.44573941492,9899.365584109699,157.24150000000003,1474.6783446947775,4532.246767683211,4506.312243200605,3119.6464786669276,786.2075,2.949356689389555,6.313097129179784,6.749397529632197,6.805547089517238,7.075191988763222
696,56,39032,4.195263385772705,6460.546996831894,81.4748840288358,8147.4884028835795,9985.40282450155,144.09650000000002,1693.817921617972,4519.103268261021,4493.264088321699,3117.132586597829,720.4825000000001,3.3876358432359437,6.413713042283492,6.538842281877287,6.829034799658934,6.835003915210684
697,56,39088,4.564409971237183,6474.200050115585,82.3087818879446,8230.878188794459,9991.136959794967,118.6165,1641.6422710005077,4685.9050860726575,4664.557318498355,3249.0979869450985,593.0825,3.2832845420010153,6.464630539799466,6.5840874696125455,6.854122003468127,6.882174762271519
698,56,39144,4.386009454727173,6488.299853801727,79.0343461001373,7903.43461001373,9497.911864424685,150.36100000000002,1444.1162544109534,4613.838727210349,4589.932388627776,3085.043160388075,751.805,2.8882325088219067,5.754491322634281,6.612566953469562,6.733694031885319,6.91815212658404
699,56,39200,4.724722623825073,6501.930406808853,80.04801232632747,8004.801232632746,9833.68929228876,259.40850000000006,1569.4795596560132,4528.6037194654755,4504.097065774549,2969.297795858168,1297.0425,3.1389591193120268,6.437630500638405,7.044467639120306,6.83215533425107,7.095215883184717
700,56,39256,4.198564767837524,6515.947226285934,82.23490673178229,8223.490673178228,9888.913137815778,125.74549999999999,1539.6769646375496,4539.733895974272,4516.160459820501,3048.227332435667,628.7275,3.0793539292750998,6.413225091769463,6.991505194540897,6.827533084942802,7.030172535098977
701,56,39312,4.377828121185303,6529.3768763542175,80.97740031279884,8097.7400312798845,9623.493149578062,124.60400000000001,1401.1491182981767,4496.0173983736995,4473.736635017709,3036.6907810914545,623.0200000000001,2.8022982365963536,5.693875933514949,6.602077835944353,6.742482323786706,6.941749467656998
702,56,39368,4.311641693115234,6543.5273873806,82.62385662777977,8262.385662777979,9847.691542740416,111.48450000000001,1473.8213799624377,4517.297878239464,4493.148442548977,3132.0226133001843,557.4225,2.9476427599248756,6.081070752431239,6.713593957740566,6.796883336916993,6.905496927867824
703,56,39424,4.333326101303101,6557.778494358063,80.4947568673551,8049.47568673551,9931.911608804858,200.6945,1681.7414220693486,4547.319962138956,4523.8941922628555,3050.959490455338,1003.4725,3.3634828441386975,6.536406231610127,6.618227640946395,6.85068860617567,6.990361469606384
704,56,39480,4.377037286758423,6571.523580789566,84.32938247128621,8432.938247128619,9971.37858458569,93.7355,1444.70483745707,4500.444194895424,4476.464872605718,3143.7557626880234,468.6775,2.8894096749141402,6.355189676605828,6.7167932018584064,6.805792928666581,7.141099150808439
705,56,39536,4.457699298858643,6585.78848361969,84.6468798320525,8464.68798320525,10029.90806288266,63.0575,1502.1625796774108,4515.578589628505,4493.863896584614,3174.225559233856,315.28749999999997,3.0043251593548215,6.433338700116733,6.7655755840180385,6.823174937916761,7.067214015738815
706,56,39592,4.374391078948975,6599.321480035782,83.87851468776756,8387.851468776757,10088.023987140852,110.0225,1590.1500183640944,4474.2309384380915,4452.08565486147,3148.8574840909523,550.1125,3.1803000367281884,6.546977690727295,6.720068262219325,6.844808680649288,6.972682951624379
707,56,39648,4.401341199874878,6613.58301115036,82.93267716107752,8293.267716107752,9884.635460445461,162.93550000000002,1428.4322443377098,4496.739761922673,4471.616863660422,3083.976762556178,814.6774999999999,2.856864488675419,6.299432529796342,6.733312743416794,6.796689807875894,7.032438785815932
708,56,39704,4.2827770709991455,6628.368089675903,82.50525014313345,8250.525014313345,9916.151173255943,121.03,1544.5961589425997,4637.140273763617,4612.221684515151,3238.373528796763,605.15,3.0891923178851997,6.241118039842775,6.630587866479614,6.817152523014163,6.919048355189586
709,56,39760,4.247565746307373,6641.990998983383,84.30489842199401,8430.4898421994,10002.528101357246,124.34800000000001,1447.690259157845,4475.881075140318,4447.886324477047,3169.272008226163,621.74,2.89538051831569,6.33513474747228,6.686939633346133,6.800719789145712,7.1171782246166435
710,56,39816,4.152846097946167,6656.067139863968,80.14877766442979,8014.877766442979,9729.11001760984,108.1075,1606.1247511668619,4633.399585951229,4610.1945957203425,3182.7635582883113,540.5374999999999,3.2122495023337234,5.8424702010399825,6.1436349109387764,6.783842471594539,6.8027895297622365
711,56,39872,4.207981586456299,6669.337379455566,85.23872300703817,8523.872300703817,10108.824374484277,112.85549999999999,1472.0965737804593,4429.201101155899,4403.347307294321,3197.311297687229,564.2774999999999,2.9441931475609184,6.406038330380126,6.641700813246041,6.810977164826703,7.098727520665046
712,56,39928,4.23344349861145,6683.589756011963,81.88527352946558,8188.527352946559,9926.932729380651,185.678,1552.727376434093,4575.710222645428,4554.026753041624,3113.067415000281,928.3900000000001,3.1054547528681864,6.442538390266398,6.733466558339816,6.835623193602331,6.986879276042688
713,56,39984,4.266047954559326,6697.257697820663,81.82453778156327,8182.453778156327,9910.119101182412,160.42950000000002,1567.235823026085,4502.4795917418105,4480.722576812683,3040.372691140975,802.1475,3.1344716460521695,6.413038097807078,7.011376285589908,6.827634005472622,6.9148287040605325
714,56,40040,4.28924036026001,6711.644552946091,82.07385565075823,8207.385565075825,9918.708125450012,141.94600000000003,1569.3765603741876,4571.6745486987165,4543.09283991889,3152.628537937906,709.73,3.138753120748376,6.340104649809077,6.578524078900265,6.821431120847746,7.159219574599497
715,56,40096,4.30214786529541,6726.085378646851,81.51159598315479,8151.159598315478,9782.941972292556,147.9105,1483.8718739770775,4580.733169378147,4557.418353932417,3111.205996871946,739.5525,2.967743747954156,6.049384283121826,6.624229400920001,6.794401385501208,7.075708275408309
716,56,40152,4.175127029418945,6740.32838344574,81.5085803527043,8150.85803527043,9889.961033574662,162.7695,1576.3334983042332,4611.381388113368,4589.837500820827,3112.2069673142696,813.8475,3.1526669966084664,6.399938507908268,6.677137147368746,6.8410632626863395,7.047678581123596
717,56,40208,4.18766188621521,6754.596089363098,82.83423679769746,8283.423679769747,9966.866140908256,126.53400000000002,1556.908461138509,4541.826236312475,4518.463901537736,3101.01575309538,632.6700000000001,3.1138169222770182,6.489784943417625,6.782876175593035,6.838058957606286,7.1491240015024635
718,56,40264,4.276713609695435,6768.879583358765,81.74031362326147,8174.031362326147,9963.375238622837,200.43300000000005,1588.9108762966885,4536.905001553107,4515.698459875319,3095.781634921458,1002.165,3.1778217525933767,6.483358976886399,6.374274918036751,6.835414792480181,6.9272645962529555
719,56,40320,4.367279767990112,6782.755577802658,80.20214375716557,8020.214375716559,9632.256056315277,138.303,1473.738680598719,4604.049234893191,4582.820209344534,3083.927923002889,691.515,2.9474773611974374,5.889856737324206,6.781297136578087,6.783040529327296,6.8774541346726155
720,56,40376,4.238727331161499,6797.098564386368,80.76790706172049,8076.790706172049,9897.102562954275,211.14350000000005,1609.1683567822247,4499.039786421739,4472.704859913545,3029.519604297933,1055.7175000000002,3.2183367135644496,6.434198598688889,6.768682943580578,6.8187328971639625,6.937225714853457
721,56,40432,4.305385112762451,6810.983162879944,79.43919415583349,7943.919415583349,9522.51136707227,163.85700000000003,1414.7349514889202,4547.032130537219,4524.2082986866135,3055.6986607615427,819.2850000000001,2.8294699029778405,5.637770393902615,6.704299679805808,6.736309978159452,6.977386506635993
722,56,40488,4.2836689949035645,6825.4514219760895,82.59221352252274,8259.221352252274,9907.082378258754,168.9425,1478.9185260064787,4474.131412536889,4448.452337771534,3066.3847563127065,844.7125,2.957837052012958,6.347776046257073,6.646277651498293,6.805976515711573,7.012940555561272
723,56,40544,4.244366645812988,6839.715661764145,77.21856775323673,7721.856775323673,9408.93921799761,166.75600000000003,1520.326442673936,4639.236882332469,4613.704443382253,3064.8464523816706,833.78,3.0406528853478725,5.46743768727724,6.6281803515328255,6.709111100355565,6.819249188583407
724,56,40600,4.269065618515015,6854.440528392792,78.83599947846122,7883.599947846122,9899.941466380158,176.4995,1839.842018534037,4621.726647228854,4597.977677270898,3086.8194056328657,882.4975,3.6796840370680743,6.506410249214987,6.62366501448813,6.852660564706549,6.77239645535211
725,56,40656,4.229345083236694,6868.675243854523,83.44680388942368,8344.68038894237,9958.5617567913,119.4215,1494.4598678489306,4509.03215820746,4488.518395573174,3100.293835422832,597.1075000000001,2.988919735697862,6.426332131144768,6.67883154586761,6.820638349562742,6.889468527114668
726,56,40712,4.307803153991699,6883.3163940906525,81.61657183083933,8161.657183083933,9688.673799830407,125.00500000000001,1402.011616746474,4549.989173392532,4526.984196401667,3107.029866006357,625.025,2.8040232334929476,5.972002823969571,6.82915165991924,6.7754918261071975,7.071145044316032
727,56,40768,4.096360206604004,6896.846244335175,84.95582238471367,8495.582238471367,10026.308368344238,62.431,1468.2951298728726,4435.086637166135,4414.8467158614585,3111.8644560193807,312.155,2.936590259745745,6.429389423868405,6.749435350911734,6.8087849226898465,6.8567729735076535
728,56,40824,4.143951416015625,6911.124501943588,81.16435064349982,8116.435064349981,9943.213007789644,129.9515,1696.8264434396608,4527.826916932216,4503.608428731648,3122.447997686747,649.7574999999999,3.3936528868793214,6.385581135891744,6.375600048039885,6.820732441469295,6.793008921370192
729,56,40880,4.291350603103638,6925.186054468155,81.77985988579596,8177.985988579596,9778.777882898514,119.8785,1480.9133943189174,4548.926246473473,4526.7242108322425,3128.277077556566,599.3924999999999,2.961826788637835,5.875519753500422,6.603391005658054,6.787037956257543,6.943658334576388
730,56,40936,4.207714319229126,6939.827289819717,83.51056845869769,8351.056845869769,10004.324622310844,119.43950000000001,1533.8282764410744,4547.560971091927,4526.2506785493,3176.5256908485044,597.1975,3.0676565528821493,6.42567759535732,6.547122087936078,6.827285249726425,6.992323901954464
731,56,40992,4.20644474029541,6954.168356657028,80.80858133954071,8080.85813395407,9733.83568598151,150.07850000000002,1502.8990520274408,4566.847019360544,4543.911265686058,3085.358115815287,750.3924999999999,3.005798104054882,6.026268992868822,6.6314954314535655,6.791349504236543,6.874563856744269
732,56,41048,4.179450511932373,6968.711690187454,80.66819930695097,8066.8199306950955,9927.880624491194,149.6475,1711.4131937960976,4628.963906332318,4605.96690659358,3166.9023698834008,748.2375,3.4228263875921954,6.306845170182884,6.462193744321698,6.83657302575361,6.85854665133459
733,56,41104,4.220430612564087,6983.165683746338,81.43636363064708,8143.636363064708,9848.892209367377,179.638,1525.6178463026688,4593.335073127773,4566.693515292814,3131.739778392932,898.1899999999999,3.0512356926053377,6.264412369990098,6.679156992137299,6.815133148847404,7.031464627204339
734,56,41160,4.140392303466797,6997.482976436615,82.55113422304697,8255.113422304697,9798.639887238955,145.056,1398.4704649342557,4518.298502128615,4492.843501631902,3173.7168404812983,725.28,2.7969409298685113,5.976957386288888,6.586651446812917,6.763484580329254,7.016013719050603
735,56,41216,4.309787034988403,7011.36221408844,79.74706221979294,7974.706221979293,9796.139892754116,185.8035,1635.6301707748237,4778.356547755584,4756.150310475419,3207.293134337913,929.0174999999999,3.271260341549647,6.320403558881967,6.614058516545642,6.855194361990998,6.9243960376561215
736,56,41272,4.210461139678955,7025.99248790741,81.62451534186897,8162.4515341868955,9544.280478978584,88.68299999999999,1293.145944791689,4568.647262014156,4546.97542560388,3142.838150763878,443.41499999999996,2.5862918895833786,5.574047546485304,6.759739307435002,6.7064658899090785,6.960252567970327
737,56,41328,4.428407430648804,7040.727868795395,79.72606532657029,7972.60653265703,9793.709259959189,155.29200000000003,1665.8107273021606,4460.961057840608,4419.9061659781855,2950.014849964775,776.46,3.3316214546043206,6.335531497846053,7.274834668390868,6.799132914454679,7.3725873398976
738,56,41384,4.314457893371582,7054.836724281311,83.92467455858484,8392.467455858485,9939.889719700319,145.71250000000003,1401.7097638418359,4436.556391875853,4410.59424785486,3111.9373606375534,728.5625,2.8034195276836718,6.27497289728015,6.71295964804095,6.784802107713871,7.120300872235747
739,56,41440,4.232571363449097,7069.4486792087555,81.08001620110906,8108.001620110907,9956.763315363973,188.21450000000004,1660.5471952530656,4595.999551050561,4564.389668150061,3149.477823628455,941.0725,3.321094390506131,6.453212601814465,6.624003557862332,6.8373568041473884,7.073504298669129
740,56,41496,4.087412118911743,7084.584746837616,84.56887390521884,8456.887390521882,10089.21368423945,95.1215,1537.204793717569,4520.235142471083,4495.224707310298,3208.4101404974062,475.60749999999996,3.0744095874351376,6.484461895310005,6.731499170411788,6.832409177820092,7.08656078194133
741,56,41552,4.321882724761963,7098.463957309723,80.07371436230571,8007.371436230571,9866.083394139388,207.17800000000003,1651.5339579088177,4542.982955850478,4504.57640071288,3052.702366807104,1035.8899999999999,3.3030679158176355,6.39677779741948,6.9345108897972265,6.82697084935466,7.334408060667362
742,56,41608,4.1708269119262695,7113.060045003891,83.9081631517748,8390.816315177479,10063.834847714985,134.69100000000003,1538.327532537505,4529.21654370973,4504.257965390279,3218.03004956041,673.4549999999999,3.07665506507501,6.433360405563634,6.5219271438656605,6.82554726784993,6.995334790058455
743,56,41664,4.457723379135132,7127.173882722855,82.04784986203862,8204.78498620386,9661.902339296008,127.0415,1330.0758530921485,4567.440386205301,4541.618593767795,3158.532502574569,635.2075,2.6601517061842967,5.854377915320549,6.761970924157565,6.742274723899975,7.087393619526803
744,56,41720,4.372982978820801,7141.830231189728,81.38938234073984,8138.938234073985,9880.36283796666,196.13850000000002,1545.2861038926771,4577.3688416976975,4551.2897870404995,3092.5218308826356,980.6925000000001,3.090572207785354,6.389953761891749,6.54356291678417,6.823247511645214,7.076375807034441
745,56,41776,4.358452796936035,7156.345776557922,78.8537252292995,7885.37252292995,9659.439124027183,173.596,1600.4706010972336,4570.74631055902,4548.168458103271,2947.752754579569,867.98,3.200941202194467,6.1521624903788625,6.939294467991328,6.80596301229683,6.842327477606711
746,56,41832,4.388307094573975,7170.468066453934,79.48423385785019,7948.423385785018,9630.585312964036,177.17,1504.991927179019,4638.262711605837,4611.894119323068,3084.904724666184,885.8499999999999,3.009983854358038,6.0302300825225,6.707159566796214,6.795614474949376,7.134941610697088
747,56,41888,4.484153985977173,7185.787226676941,79.02940921794584,7902.940921794584,9448.06007434222,145.55550000000002,1399.563652547636,4625.649030600859,4603.968222727689,3081.0803601684856,727.7774999999999,2.7991273050952716,5.4623737320265535,6.68497725193998,6.700525802815664,6.849203065627216
748,56,41944,4.333149433135986,7200.892872571945,83.73406350725784,8373.406350725783,9910.241914483839,127.46700000000001,1409.3685637580545,4508.329841553616,4482.339325860532,3171.872793225107,637.3349999999999,2.818737127516109,6.177429678522094,6.757537368092703,6.78685278934242,7.09065594957066
749,56,42000,4.360171794891357,7215.711305856705,78.74997385673794,7874.997385673794,9665.009062215253,181.03750000000002,1608.9741765414587,4529.718129084197,4494.630351835684,2992.9188037576805,905.1875,3.2179483530829174,5.895381428068842,7.0309525608672585,6.77963061069618,7.207711750324639
750,56,42056,4.379995107650757,7229.829791307449,81.4790578396997,8147.905783969972,9800.757594429062,156.41700000000003,1496.4348104590922,4529.42292902657,4502.070542075271,3159.3020269221615,782.0849999999999,2.992869620918184,5.896299983008576,6.70579954225028,6.786550440732335,7.063943386135845
751,56,42112,4.4988696575164795,7244.821387290955,81.93441410727316,8193.441410727315,9930.508668240422,162.03750000000002,1575.0297575131071,4570.970459480608,4545.208874924225,3127.31530230316,810.1875,3.1500595150262143,6.412507758203545,6.667623072410036,6.827617744595192,7.156293361464175
752,56,42168,4.406552314758301,7259.542933940887,80.76605101282354,8076.605101282354,9869.50266835834,181.85150000000002,1611.0460670759853,4611.962012333543,4589.980425435529,3119.313209724115,909.2574999999999,3.222092134151971,6.377154756640897,6.569211396643286,6.841574556233714,6.94520864922948
753,56,42224,4.240933418273926,7273.631060361862,81.53906505529937,8153.906505529936,9951.844324490736,188.88400000000004,1609.0538189608,4592.503800485037,4570.392764105428,3106.86293830103,944.4200000000001,3.2181076379216003,6.524329520925507,6.649850606608486,6.852272185887762,7.014651266914463
754,56,42280,4.345653533935547,7288.53618812561,81.97072435077166,8197.072435077167,9989.7174042523,127.769,1664.8759691751336,4636.415314433622,4611.427235883991,3175.0127706615863,638.845,3.3297519383502667,6.549498425113059,6.703663649666446,6.868116810078013,7.029277904032646
755,56,42336,4.480871915817261,7303.433813095093,82.89882795605942,8289.882795605943,9894.995208291104,136.65050000000002,1468.4619126851612,4467.606127004574,4445.529928429669,3078.8316589506103,683.2525,2.9369238253703225,6.290967958538391,6.553661006483717,6.796067505721025,6.953105525105367
756,56,42392,4.287484407424927,7317.68230342865,81.51077889641806,8151.077889641806,9795.081751427053,149.091,1494.912861785249,4519.539484075853,4493.452665173313,3043.687692226684,745.4549999999999,2.9898257235704984,6.240420133604609,6.873539300846446,6.795656880765372,6.913117442590716
757,56,42448,4.287265300750732,7332.5285613536835,79.55540353440279,7955.540353440279,9718.811942423716,185.6265,1577.6450889834375,4593.168267658483,4570.004242023026,2924.0308697656724,928.1325,3.155290177966875,6.386982573036818,7.154833866882453,6.842771272752584,7.0335990944647895
758,56,42504,4.24709415435791,7347.254743099213,82.37002413143696,8237.002413143695,9866.447139704534,150.88400000000001,1478.5607265608405,4542.162244808,4517.799175798901,3104.072536208928,754.42,2.9571214531216805,6.301385672538021,6.66543727140301,6.810947174281578,7.112536005633992
759,56,42560,4.283363580703735,7361.555174589157,81.58482101298412,8158.482101298412,9708.636825862173,120.70750000000001,1429.4472245637608,4570.758697074376,4541.489352533545,3048.975869971945,603.5374999999999,2.8588944491275217,6.096138431346241,6.88094936778015,6.789491147573444,7.176481960706405
760,56,42616,4.217742204666138,7376.218952178955,82.94096673329302,8294.096673329303,9893.87241071332,112.30850000000001,1487.467237384018,4552.058595027649,4529.967743124794,3089.2859454913496,561.5425,2.974934474768036,6.386372719014857,6.889652112065612,6.8166689120837765,6.960863995239597
761,56,42672,4.350346326828003,7391.367723703384,78.74635477154928,7874.635477154929,9751.717403777711,208.24350000000004,1668.8384266227815,4635.047525141026,4604.269700542011,3045.483781862671,1041.2175,3.337676853245563,6.316492162680389,6.933634534502093,6.833156037642817,7.062574253082883
762,56,42728,4.2883806228637695,7405.636743783951,80.69319308690777,8069.319308690778,9905.517594296047,193.477,1642.7212856052693,4689.232415427965,4662.526138749434,3195.5349358642507,967.3849999999999,3.285442571210539,6.405642265271459,6.667248633003655,6.846055786819806,6.999948852327493
763,56,42784,4.196735620498657,7421.318510770798,83.01715858256468,8301.71585825647,9996.596349619693,158.68150000000003,1536.198991363224,4461.666113848045,4434.28146049576,3159.121350900029,793.4075,3.0723979827264474,6.329728732467459,6.529024630224067,6.801388485400109,6.938396752941093
764,56,42840,4.312159538269043,7435.8655660152435,77.84607894014519,7784.607894014518,9488.00126209583,167.5925,1535.800868081312,4675.25256440599,4647.120378913582,3147.0871149303284,837.9625,3.0716017361626244,5.598440911876301,6.569939569381997,6.7246890563783195,6.8510268297932555
765,56,42896,4.273197174072266,7450.757907629013,76.55143148678876,7655.143148678876,9041.667305857593,98.0815,1288.4426571787162,4847.63218648368,4825.295511000132,3198.5073910411365,490.4075,2.5768853143574324,5.232468004394373,6.65264337236356,6.576419520634725,6.838015287081987
766,56,42952,4.220520257949829,7464.779985427856,78.34259073494319,7834.259073494319,9468.942346203748,143.16250000000002,1491.5207727094298,4599.4299975213835,4576.8120768082645,3032.5285414500468,715.8125,2.9830415454188595,5.754745159421833,6.691935575139516,6.731042406294583,6.74240830494866
767,56,43008,4.29482626914978,7479.5801520347595,82.63855886285732,8263.855886285732,9869.275216927927,175.01100000000002,1430.4083306421933,4499.892603292906,4472.8026901726935,3086.4521754763437,875.055,2.860816661284387,6.270977305017997,6.727156929408126,6.793055352221962,7.145426796550788
768,56,43064,4.237529993057251,7494.326800107956,81.73785531723796,8173.7855317237945,9852.998251799396,146.0025,1533.2102200756003,4610.916036827062,4585.455589992139,3178.6993730316644,730.0124999999999,3.0664204401512003,6.227204794624406,6.543875877766741,6.8081889649984975,6.924470152957414
769,56,43120,4.215162992477417,7508.431197404861,80.70022697832727,8070.022697832726,9684.032889058393,123.471,1490.5391912256678,4594.7821157275475,4572.304717871284,3177.3300412263084,617.355,2.9810783824513356,5.79734016793082,6.490741990750009,6.750753770778824,6.828469099126084
770,56,43176,4.348863363265991,7523.336215734482,78.8260334308876,7882.60334308876,9545.336270377853,188.889,1473.8439272890942,4705.345492573269,4678.03356736153,3134.6025280246376,944.4449999999999,2.947687854578188,5.86738263119927,6.68602664230801,6.769885564056979,7.03428077428921
771,56,43232,4.547136545181274,7540.779344558716,81.99231356735359,8199.231356735358,9934.96754645148,131.6755,1604.060689716123,4608.927198230295,4586.1228479997135,3174.30466688419,658.3774999999999,3.208121379432246,6.255782126604106,6.553485734006047,6.827386384781387,6.965428955672119
772,56,43288,4.339424133300781,7557.33784198761,81.62344943639832,8162.344943639833,9944.938237306636,219.87300000000005,1562.7202936668045,4524.270461122733,4493.13948793736,3102.8866687520513,1099.365,3.1254405873336086,6.41173598809891,6.69690837986141,6.81770241741438,7.139042546689985
773,56,43344,4.275214195251465,7572.299528121948,77.97379877603865,7797.379877603864,9268.350817989176,146.08700000000002,1324.8839403853112,4686.3377119150755,4662.146144427394,3151.9253774967206,730.435,2.6497678807706224,5.292253314328831,6.467391252754891,6.623677985070273,6.9930214296031386
774,56,43400,4.307423114776611,7586.596244335175,80.67845980681528,8067.84598068153,9796.718366580728,162.1855,1566.686885899199,4546.838116736028,4518.3222646951335,2966.429960591457,810.9275,3.133373771798398,6.3926934777820525,7.6612998761167965,6.836201645951172,7.200034217604025
775,56,43456,4.1693115234375,7601.265360116959,83.37808174826444,8337.808174826445,10067.518339917118,153.77200000000002,1575.9381650906746,4493.933463234533,4467.4999203860625,3162.337211138287,768.8599999999999,3.151876330181349,6.495561186493579,6.5822342288351425,6.8311805855260275,6.9947688856003305
776,56,43512,4.185736656188965,7615.973368883133,83.64434917998894,8364.434917998893,10031.929544724175,119.24600000000001,1548.2486267252834,4498.7594748687425,4475.565672961366,3157.709266888539,596.23,3.0964972534505666,6.4365227019468385,6.544612732248537,6.83051549039224,7.022797710493866
777,56,43568,4.266125202178955,7630.343238115311,80.25620347764686,8025.620347764688,9841.90310781202,190.67050000000003,1625.612260047334,4586.355215900173,4565.0470184693695,3023.3158708803994,953.3525,3.251224520094668,6.38322398444976,6.784730112641645,6.842803213375548,6.9289802242965495
778,56,43624,4.377934694290161,7645.766110420227,78.55879104159257,7855.879104159258,9557.652074904548,174.45250000000004,1527.320470745292,4623.034612397887,4595.903063014259,3131.6355520736415,872.2624999999999,3.0546409414905837,5.775825690848463,6.45051910834694,6.746599586907643,6.9183608410362165
779,56,43680,4.663290500640869,7661.9978992938995,80.93387658360345,8093.387658360345,9900.15327878082,214.98200000000003,1591.7836204204755,4576.327832622734,4551.77748089021,3102.7610249276004,1074.9099999999999,3.1835672408409503,6.402147995312919,6.573112050318957,6.823605704314171,6.9096548889738445
780,56,43736,4.332202672958374,7677.508642911911,82.70376441804517,8270.376441804518,10034.930426815577,158.45850000000002,1606.0954850110597,4544.447106076831,4519.3451181517,3158.5798333607972,792.2925,3.212190970022119,6.519353409658884,6.621926779897209,6.844961404260277,6.992730979691943
781,56,43792,4.263842344284058,7692.83021569252,79.08030708109897,7908.030708109897,9684.035944988656,171.88400000000001,1604.1212368787596,4590.915778893153,4564.06794985515,3093.8849343761667,859.4199999999998,3.2082424737575193,6.039847166597963,6.416922841906684,6.78158669190594,6.867596386803804
782,56,43848,4.192114353179932,7707.735642910004,84.4825852014872,8448.25852014872,10096.799273727982,87.32249999999999,1561.2182535792617,4460.602861318843,4440.000915469354,3156.667036587713,436.6125,3.122436507158523,6.522115363068178,6.698908959172254,6.834869228437577,6.891646147012485
783,56,43904,4.175544500350952,7722.039889335632,84.30122882426937,8430.122882426938,9990.512323895993,101.126,1459.2634414690554,4446.950692999759,4426.355451171838,3122.9527905299906,505.63,2.918526882938111,6.357917639822464,6.589992408556052,6.800077142017311,6.836773460675967
784,56,43960,4.244919538497925,7736.897981405258,82.85561597330627,8285.561597330627,9958.266980223338,146.84,1525.8653828927113,4538.062802351042,4513.198825091284,3105.538818522401,734.2,3.0517307657854227,6.452839117507133,6.754109208532291,6.8274063886026015,7.127804884492401
785,56,44016,4.327986478805542,7751.981517076492,80.63530761717793,8063.530761717793,9627.848178738332,148.77450000000002,1415.5429170205389,4526.9257935602955,4497.252549481513,3106.2660127394347,743.8725000000001,2.831085834041078,5.835910021034978,6.827475994109889,6.740343797572359,7.366882571219699
786,56,44072,4.277935743331909,7766.362698316574,81.71281946342322,8171.281946342321,9703.740847151454,142.1325,1390.326400809133,4581.070575829927,4560.134638632502,3129.6811113947565,710.6625,2.780652801618266,5.995280864398882,6.6897818551376105,6.770390421144945,6.938045945582995
787,56,44128,4.516904830932617,7781.753414154053,80.83419068593176,8083.419068593175,9896.563148800691,185.79700000000003,1627.3470802075146,4517.897723990614,4494.831372696702,3061.1540154672243,928.9850000000001,3.254694160415029,6.372651222314121,6.539319334624829,6.817634551886569,6.911629040063884
788,56,44184,4.131579160690308,7796.667970895767,82.37732268953992,8237.732268953992,10005.649202789189,148.45850000000002,1619.458433835196,4496.72365639306,4475.50000891699,3109.7382521370396,742.2925,3.238916867670392,6.482833797175541,6.530560710798446,6.829454659194293,6.84179013261498
789,56,44240,4.495806932449341,7812.11047244072,81.43558277774433,8143.558277774432,9861.200119857884,174.02800000000002,1543.6138420834495,4555.953455970395,4533.7486954283195,3070.496258847562,870.14,3.087227684166899,6.358477030638504,6.528890799807528,6.812679752240845,6.902330724803501
790,56,44296,4.395032644271851,7826.8343052864075,79.47189256320797,7947.189256320798,9882.204628717078,187.5565,1747.4588723962797,4628.686434883806,4587.980506728374,3065.8890771629867,937.7825,3.4949177447925597,6.522972931034101,6.945708404818987,6.8568471535011595,7.359814922183192
791,56,44352,4.352874755859375,7842.482794046402,81.0247684331751,8102.47684331751,9819.877289313805,168.76350000000002,1548.6369459962948,4571.918355962191,4547.674810551778,3031.7405936824616,843.8175,3.0972738919925895,6.382681685731398,6.907478202935917,6.832423087089317,7.091876733089313
792,56,44408,4.389074802398682,7857.972201347351,80.4138429907259,8041.384299072591,9986.586881307916,205.59450000000004,1739.6080822353256,4600.6167065268255,4566.041520240589,3201.7622945727007,1027.9725,3.4792161644706514,6.430726974219293,6.621464494359049,6.841364305680287,7.134775342456999
793,56,44464,4.333877086639404,7873.58601808548,80.33892556412434,8033.892556412433,9617.8475263041,132.386,1451.5689698916683,4566.1682987612985,4543.875119338657,3110.3207596882385,661.9300000000001,2.9031379397833366,5.824023970824036,6.6278394409821555,6.754863761134115,6.876686854149192
794,56,44520,4.287113428115845,7888.832419633865,81.41184254111616,8141.184254111616,9783.692324736683,131.119,1511.3890706250659,4447.990650732133,4426.477073844288,2915.326487679793,655.595,3.0227781412501313,6.326046028830193,7.108370285033106,6.810354155496421,6.915114049474815
795,56,44576,4.364479064941406,7905.163482427597,83.15098116767302,8315.098116767302,10019.389419221072,136.0525,1568.2388024537713,4502.509991198196,4481.120555327281,3115.581207972028,680.2625,3.1364776049075425,6.492261194917724,6.719611132610827,6.840927012431308,6.941425416186056
796,56,44632,4.497029781341553,7920.074536561966,77.21768841829304,7721.768841829304,9281.653472494094,179.61100000000002,1380.273630664789,4726.006500779721,4704.23893971524,3066.4807865446464,898.0550000000001,2.7605472613295774,5.507025103866447,6.642899302642261,6.699555411377196,6.907364234652454
797,56,44688,4.511977910995483,7935.35217666626,81.84534674672298,8184.534674672299,9805.498042025501,149.697,1471.266367353201,4518.576302228314,4486.0996736125635,3046.5244828606583,748.485,2.9425327347064023,6.255999845801322,6.83592100120936,6.802648315691932,7.2271603447851875
798,56,44744,4.339296817779541,7950.735879421234,83.76996729776607,8376.996729776609,9986.219567405875,111.099,1498.1238376292679,4488.231743081985,4467.2580692917345,3145.196576088336,555.495,2.9962476752585356,6.362628354607583,6.566620646592017,6.8092370307957655,6.903231244929487
799,56,44800,4.322920083999634,7965.852222442627,76.30451393908777,7630.451393908777,9284.11918530573,229.43800000000005,1424.2297913969512,4744.619297482945,4721.614775311626,3004.8796607151044,1147.19,2.8484595827939025,5.638824593771512,6.78439340752884,6.739293162768895,7.001709441321767
800,56,44856,4.379047393798828,7980.598592758179,84.87400973296938,8487.400973296939,10060.831839814495,123.2925,1450.1383665175576,4464.953333410444,4439.363404150318,3193.9397670666012,616.4625,2.900276733035116,6.381627694893387,6.673176143922962,6.805022998637171,7.0989493864285595
801,56,44912,4.212656259536743,7995.7377462387085,82.33068324473228,8233.068324473228,10046.557546167734,147.37800000000001,1666.1112216945075,4488.52127074137,4459.447547393131,3124.4677600270934,736.8900000000001,3.332222443389015,6.530809127127913,6.768363885480877,6.840794593027978,7.251698862998075
802,56,44968,4.420979022979736,8011.39430141449,80.58963148593723,8058.9631485937225,9913.111352767946,155.22050000000002,1698.927704174224,4718.575019084617,4695.519296186812,3177.2857688786926,776.1025,3.3978554083484482,6.503692997058951,6.60242272777511,6.8675310520525885,6.953308012951423
803,56,45024,4.250484943389893,8026.649892807007,80.22353340746798,8022.3533407467985,9686.759658164685,167.00400000000002,1497.402317417886,4548.2616464536,4526.475161638378,2984.906588335042,835.0199999999999,2.9948046348357718,6.1791298643007915,6.733686296087279,6.794921896184037,6.9005361426304646
804,56,45080,4.232732534408569,8041.329922914505,82.06447464583343,8206.447464583343,9925.496806830339,137.0365,1582.012842246997,4627.690450788054,4604.627029210925,3144.764045735273,685.1824999999999,3.1640256844939945,6.448951723284322,6.700951919738177,6.84243640674191,7.080524859475533
805,56,45136,4.190763235092163,8056.553439855576,82.01272979281379,8201.272979281377,9991.565340491135,143.448,1646.8443612097576,4457.130421589416,4434.251413452528,3058.190909822397,717.24,3.2936887224195157,6.500125236487528,6.742386188765597,6.828006020079316,6.851937273347306
806,56,45192,4.252756357192993,8071.786181688309,79.19517441758455,7919.517441758456,9720.09234913829,183.24,1617.3349073798342,4649.128477578903,4627.059119698317,3063.1782400605734,916.2,3.234669814759669,6.172028978997836,6.693096973296884,6.817815596959227,6.867362381875905
807,56,45248,4.197597980499268,8087.03667640686,81.53200155319865,8153.200155319865,9815.175233583797,144.268,1517.7070782639312,4652.587478749447,4630.621486550566,3127.487476658094,721.3399999999999,3.0354141565278625,6.303909531948807,6.7960953619976285,6.823276907838008,6.969395572377059
808,56,45304,4.348751068115234,8101.916657209396,80.65334541168271,8065.334541168269,9859.907072388396,144.6405,1649.9320312201257,4704.191983529703,4681.619900629064,3155.9900285441313,723.2025,3.2998640624402515,6.40654368859387,6.576917320011048,6.84231308185685,6.925791456094369
809,56,45360,4.180660724639893,8117.10159611702,84.78522630284978,8478.522630284977,10006.561412092959,96.23100000000001,1431.807781807981,4438.550842785757,4417.399970199627,3132.695932262479,481.155,2.863615563615962,6.358763769898433,6.601423863559805,6.797770735138668,6.917161332382258
810,56,45416,4.198098182678223,8133.5175614356995,84.74231382629881,8474.231382629881,10081.401364850284,108.80050000000001,1498.3694822204016,4437.525548258049,4416.105015770021,3149.051169055501,544.0024999999999,2.996738964440803,6.464811653768697,6.556188470173388,6.815150539106843,6.9724917766206
811,56,45472,4.310044527053833,8148.791947364807,82.2414748299047,8224.147482990473,9979.422966103823,109.21300000000001,1646.0624831133516,4568.586598871892,4543.287787538502,3150.4188660005275,546.0649999999999,3.292124966226704,6.44434471100306,6.71177351434864,6.842031669706494,7.113747661550451
812,56,45528,4.291803598403931,8163.805991888046,82.21847012399878,8221.847012399878,9971.544051380046,88.39649999999999,1661.3005389801697,4782.884193578779,4761.748938893221,3283.120505928632,441.98249999999996,3.3226010779603388,6.489973646785202,6.749492147611891,6.86914015144758,6.952384673789361
813,56,45584,4.229313611984253,8179.4027643203735,82.6991993983811,8269.91993983811,9920.282105720886,134.7935,1515.5686658827742,4567.210633768018,4544.437140033382,3134.7332387924293,673.9675,3.0311373317655486,6.2651652810550775,6.6972792881888195,6.823860875590226,7.07617122818806
814,56,45640,4.734745025634766,8196.201300144196,80.68327655301775,8068.327655301775,9652.89685320069,161.27300000000002,1423.2961978989135,4645.605120767805,4619.833780236999,3201.30070829899,806.365,2.846592395797827,5.734603934815633,6.723841905382882,6.765984701444258,7.098363236141762
815,56,45696,4.397380828857422,8212.584980010986,81.99937816402297,8199.937816402296,9907.484888594454,159.1415,1548.4055721921563,4505.983322055539,4479.806605603171,3034.426847333497,795.7075,3.096811144384313,6.446221643994346,6.765894318094076,6.82310307937019,7.189591598668108
816,56,45752,4.530343770980835,8228.455956935883,78.04692630095164,7804.692630095164,9554.669867148821,220.91000000000003,1529.0672370536577,4732.738928881878,4707.591470213859,3133.4865584505915,1104.55,3.058134474107315,5.823240997075091,6.774060673627377,6.777216026554137,6.91387890229709
817,56,45808,4.661783695220947,8244.473454475403,82.46905250579641,8246.90525057964,9920.125513567853,125.3215,1547.898762988213,4573.14970298612,4548.963343309766,3149.350142308635,626.6075,3.095797525976426,6.3442088728879975,6.560426813364414,6.813508376628115,6.989195665839361
818,56,45864,4.31433892250061,8260.166150093079,82.85146514302616,8285.146514302618,10004.381987698023,142.5765,1576.6589733954052,4514.122873790854,4492.528000178336,3132.2923408862025,712.8824999999999,3.1533179467908106,6.46339612596203,6.655018009642026,6.830235767646477,6.867732436744532
819,56,45920,4.251306056976318,8275.73877286911,82.43582621287416,8243.582621287416,9988.262197550494,156.4395,1588.2400762630782,4544.834925653424,4520.2736668139205,3138.5371822013813,782.1975,3.1764801525261563,6.4666938148851445,6.580442714578605,6.837228464139989,6.93476521301754
820,56,45976,4.291175842285156,8290.775074481964,80.67572338464993,8067.572338464993,9924.247485830592,219.40400000000002,1637.2711473655997,4519.126495992066,4491.60531698616,3057.2008650495554,1097.02,3.2745422947311997,6.4615324194601556,6.630315256465154,6.831726385573522,7.023603220616695
821,56,46032,4.198281526565552,8306.073283910751,80.39492679213454,8039.492679213455,9898.689827345006,196.8675,1662.3296481315504,4603.643875367268,4581.906443698296,3077.7450036488735,984.3375,3.3246592962631007,6.490433954607475,6.575871777025996,6.845546743841753,6.9029860091901725
822,56,46088,4.24573278427124,8321.469917297363,80.95275970115057,8095.275970115057,9925.290383869044,167.4475,1662.5669137539867,4661.290785904921,4639.6781599731585,3142.32827088749,837.2375,3.3251338275079734,6.502446964690122,6.6280129675293855,6.857002738201351,6.920958463144053
823,56,46144,4.4346396923065186,8337.20324063301,84.76255718146733,8476.255718146735,10003.575444274251,111.726,1415.5937261275183,4431.001055022098,4409.972582330704,3127.2452174857017,558.6299999999999,2.831187452255037,6.352238203190618,6.718643535205622,6.795040870010679,6.930748120013531
824,56,46200,4.314616680145264,8352.50006890297,80.45526959758928,8045.526959758928,9849.902210711096,180.44150000000002,1623.933750952167,4662.781719146635,4638.514619400994,3125.7131410946204,902.2075,3.2478675019043335,6.390857916189805,6.501286304760705,6.8373160104973385,7.039729981903159
825,56,46256,4.302951335906982,8369.22316288948,81.87533385008491,8187.53338500849,9960.551245554478,149.707,1623.310860545988,4559.828669418941,4535.929997616503,3084.721844060172,748.5350000000001,3.2466217210919757,6.551638921370495,6.6629836684642365,6.857657947280734,7.152798156411407
826,56,46312,4.310277223587036,8384.85135936737,84.25870213706449,8425.870213706448,10003.598953320157,118.01500000000001,1459.7137396137086,4418.5656498613625,4395.914296254048,3099.4091910641037,590.075,2.9194274792274175,6.288518205432175,6.663250683112563,6.802481980918811,7.068288239816866
827,56,46368,4.251723289489746,8399.672688961029,83.11887816750846,8311.887816750846,10003.456977996626,122.82900000000001,1568.7401612457793,4521.9802111468725,4496.960656284447,3109.1084919711825,614.145,3.137480322491559,6.51935771700182,6.853899982938608,6.8413253096746915,7.12359909215351
828,56,46424,4.223133325576782,8415.097640275955,80.98151591902459,8098.151591902459,9914.724796261034,171.8385,1644.7347043585742,4564.91251719414,4534.819012040882,3124.112852055162,859.1925,3.289469408717148,6.2699689274297565,6.514383780333552,6.823185866600631,7.154683722945719
829,56,46480,4.238615036010742,8430.822307109833,82.26481759208059,8226.481759208058,9743.470894062844,96.17349999999999,1420.815634854785,4524.997827897538,4503.853534498036,3158.9049143689863,480.8675,2.84163126970957,5.776084576031545,6.600470663223923,6.755566486309689,6.893262711864689
830,56,46536,4.195661544799805,8446.404843330383,83.48310183449564,8348.310183449565,9816.238889484233,115.13850000000001,1352.7902060346696,4492.266880982022,4467.724028596596,3179.3571927078615,575.6925,2.705580412069339,5.811754620433912,6.703244738980462,6.751246405811815,6.9734033127949
831,56,46592,4.243948221206665,8461.309967279434,82.67246678367621,8267.246678367621,9987.989200746384,155.4275,1565.3150223787616,4491.223412713731,4466.096781744963,3080.5783825173394,777.1375,3.1306300447575235,6.495523458797829,6.692252630977927,6.831489064288618,7.174685639866967
832,56,46648,4.254087686538696,8476.98351097107,82.76079450514423,8276.079450514422,10020.887161207735,139.6295,1605.178210693312,4625.439941706372,4598.2539469733565,3219.695072998339,698.1475,3.2103564213866242,6.486999086934014,6.664208475893281,6.848298642122471,7.090371907388842
833,56,46704,4.172506093978882,8493.159744262695,80.27392001672169,8027.3920016721695,9874.940501672156,186.866,1660.6824999999858,4518.395577002782,4480.887274364326,3125.3904466909426,934.33,3.3213649999999717,6.23606387418414,6.832332959383949,6.801339265359231,7.173846668794886
834,56,46760,4.266698360443115,8508.918288469315,82.83052258952267,8283.052258952266,9810.719475950798,136.43200000000002,1391.235216998532,4444.281913915826,4417.553339538752,3116.6767715126152,682.16,2.782470433997064,5.974130671614171,6.70164511275894,6.764464247709697,7.048098037027593
835,56,46816,4.537821292877197,8524.8699157238,79.3100475482069,7931.004754820689,9785.804197577461,193.89400000000003,1660.9054427567712,4641.082963195877,4617.737032798925,3122.570926434062,969.47,3.3218108855135426,6.162381162181816,6.4714216880501345,6.829962839571331,6.932257931457168
836,56,46872,4.3994200229644775,8540.857454061508,81.11644446443657,8111.644446443655,9917.83401482883,199.29900000000004,1606.8905683851742,4606.685057350256,4578.838485069276,3110.1951951104884,996.495,3.2137811367703484,6.473308621008866,6.698588900217398,6.845547511595426,7.185176515248926
837,56,46928,4.4539244174957275,8556.098271608353,75.55684728463282,7555.684728463282,9231.855382374342,213.12,1463.0506539110606,4697.8548990254585,4673.213709809945,3059.4334416017196,1065.6,2.9261013078221207,5.402066992989783,6.250041547834008,6.665892859191544,6.869429521631801
838,56,46984,4.387461185455322,8571.796641111374,80.55197160358436,8055.197160358436,9962.86617904181,195.68050000000002,1711.9885186833726,4622.946943348154,4591.82911492667,3137.4771087976596,978.4025,3.423977037366745,6.538991752961602,6.8315281229253335,6.8620011958214,7.123865419870659
839,56,47040,4.4855241775512695,8587.848754882812,81.25254556214128,8125.254556214128,9857.416600947372,197.09000000000003,1535.0720447332442,4496.352531523885,4473.734114446051,3051.9597669669415,985.45,3.0701440894664884,6.315098552828716,6.531210771484489,6.805180845276096,6.924254920197614
840,56,47096,4.385661840438843,8604.964701890945,80.13838795940012,8013.838795940012,9732.939367980742,189.997,1529.1035720407301,4468.012926256035,4442.961305690416,2827.1694920093337,949.985,3.0582071440814604,6.460107004440602,7.408754641775439,6.821109505842993,7.046576343740908
841,56,47152,4.3518898487091064,8620.820288181305,80.93575882357405,8093.575882357403,9705.895788088634,133.135,1479.1849057312309,4537.871049701886,4514.649987932769,3045.047634448436,665.675,2.958369811462462,6.104479006873143,6.8419534644047975,6.7930971992093845,6.994248631003289
842,56,47208,4.342841625213623,8636.464231491089,82.48292669084351,8248.29266908435,9830.750636916164,115.9175,1466.5404678318123,4531.037787538421,4500.159724349596,3145.940881827819,579.5875,2.9330809356636247,6.030566500663079,6.867242348897107,6.786762585814222,7.17075647075757
843,56,47264,4.458322048187256,8652.35547709465,81.58772528970971,8158.772528970971,9837.974150145274,133.74850000000004,1545.4531211743033,4573.856274225556,4549.0511257004755,3097.1202883133865,668.7425000000001,3.0909062423486064,6.2502497766420335,6.751034228591225,6.819938278279506,6.908607736887318
844,56,47320,4.301728010177612,8668.027731180191,82.58583201012173,8258.583201012174,9810.781146142232,88.05949999999999,1464.138445130058,4557.80860589703,4537.0640590913035,3202.81331623597,440.29749999999996,2.928276890260116,6.00732744216276,6.71640985383483,6.789482294843363,6.8598965890828465
845,56,47376,4.261525630950928,8683.697985649109,82.43794989926721,8243.79498992672,9830.737693689196,139.30500000000004,1447.6377037624757,4472.450496070118,4448.668824610842,3037.312177511189,696.525,2.8952754075249514,6.259979720269809,6.779313248061862,6.796354560145019,7.048503225175215
846,56,47432,4.199403524398804,8698.846795082092,81.61295737035569,8161.295737035569,9990.59217753313,142.08350000000002,1687.2129404975624,4525.706288421785,4504.141939436664,3088.9261869006277,710.4175,3.374425880995125,6.548546744458543,6.74706525234686,6.851531494934046,6.851296464422887
847,56,47488,4.580536603927612,8717.847440481186,80.80568786369614,8080.568786369613,9881.014659150918,147.49800000000002,1652.947872781307,4710.55748745172,4686.128223876074,3179.1342138988666,737.49,3.305895745562614,6.416965933226526,6.651458791785426,6.857059491204605,7.06085888612761
848,56,47544,4.291032075881958,8734.717637777328,80.42917227176669,8042.917227176668,9486.27913514114,105.265,1338.0969079644701,4633.9615679871395,4610.116131418386,3104.110350797412,526.325,2.67619381592894,5.599108596663606,6.883173005076394,6.72204252867295,7.149262286853459
849,56,47600,4.287602186203003,8750.66498708725,79.97124610669843,7997.124610669844,9472.976224760754,125.7185,1350.13311409091,4698.940821428656,4676.47096043873,3195.9288539984327,628.5925,2.7002662281818206,5.5361727998214585,6.719463708995598,6.709414728208862,7.036764762251143
850,56,47656,4.2923877239227295,8766.678877592087,81.24051394458328,8124.051394458329,9898.68827320119,148.568,1626.0688787428612,4500.885911320581,4470.049296840272,3141.222922242664,742.8399999999999,3.2521377574857224,6.2318625725333465,6.558585825425259,6.803306033630953,7.245945294104703
851,56,47712,4.339176654815674,8782.779095888138,80.08703570701074,8008.703570701073,9812.039718196105,196.548,1606.7881474950304,4553.825004817892,4518.304791356992,3094.0080210978276,982.74,3.213576294990061,6.1966222971477745,6.82864433273957,6.810583387231999,7.300347215140148
852,56,47768,4.245052099227905,8798.635742425919,83.25090882761435,8325.090882761435,10046.513961627636,132.407,1589.016078866201,4582.001847926544,4556.315593299458,3231.19275621839,662.035,3.178032157732402,6.390413157220343,6.554835144853566,6.841200347469971,7.035738987626885
853,56,47824,4.271845817565918,8813.925927877426,82.46731666178162,8246.731666178162,10000.472199152238,178.80849999999998,1574.932032974077,4496.793353916761,4467.77484204722,3107.666686105499,894.0424999999999,3.1498640659481536,6.478382669635898,6.61403128820598,6.829458711148483,7.140873774737118
854,56,47880,4.343632221221924,8829.737976551056,77.89941983851125,7789.941983851124,9360.789853969316,168.18,1402.6678701181904,4603.467804624477,4575.73852204161,3058.385814837068,840.9,2.805335740236381,5.502389272765947,6.614694689828544,6.680047681897666,6.9537337928998175
855,56,47936,4.3438801765441895,8846.619849205017,81.63947085083296,8163.947085083296,9821.720725610136,161.99650000000003,1495.7771405268388,4598.966682908628,4577.626069386539,3177.08118766148,809.9825,2.991554281053677,6.064725647882809,6.557877603288344,6.7980341133486855,6.913806807608489
856,56,47992,4.197143077850342,8862.768116235733,84.3299979470143,8432.99979470143,10056.306607241353,126.5875,1496.7193125399222,4410.6617109496765,4385.9239025619045,3098.412353917075,632.9375,2.993438625079844,6.481258221333815,6.784708629050124,6.816683253545938,6.988408527226992
857,56,48048,4.133858680725098,8878.69647693634,84.13862149674688,8413.86214967469,10040.619158626,155.88250000000005,1470.874508951311,4378.747590601108,4351.792067697871,3128.440022427318,779.4125,2.941749017902622,6.352229008970166,6.647832950800848,6.7895098420395215,7.0117597032823005
858,56,48104,4.258578300476074,8894.755792617798,82.33084780637847,8233.084780637848,9886.718111364284,146.591,1507.0423307264355,4570.563854532302,4546.90370590501,3133.472687560541,732.9549999999999,3.014084661452871,6.307915182971409,6.673753334341536,6.81459393546526,6.918839774790271
859,56,48160,4.2261803150177,8910.823089838028,81.20365222074577,8120.365222074576,9879.739678403834,155.92950000000002,1603.4449563292578,4645.962511805095,4615.641128379892,3185.7913896984883,779.6475,3.2068899126585153,6.293261832177914,6.812520295248804,6.827003098412833,7.115098779130845
860,56,48216,4.301669120788574,8926.798834562302,78.4485348121537,7844.85348121537,9642.707841683961,180.82700000000003,1617.0273604685922,4610.3510754211875,4575.976921706074,3074.032906738318,904.135,3.234054720937184,5.915732088410722,6.785431321561411,6.776766408119339,7.04708055675396
861,56,48272,4.2716450691223145,8942.865427732468,80.86710870319067,8086.710870319067,9770.051363105293,160.76500000000001,1522.5754927862263,4542.108465149471,4517.423134856945,3161.390114914769,803.8249999999999,3.0451509855724526,5.942394539782625,6.509445254097613,6.765193729573717,6.836962915989389
862,56,48328,4.335100412368774,8959.72827553749,82.13846590887493,8213.846590887493,9992.017652031274,190.42700000000002,1587.74406114378,4545.736022228499,4519.790622307213,3134.295033248127,952.135,3.1754881222875606,6.480001918784369,6.360415466778352,6.836329766672191,7.062423307039672
863,56,48384,4.2730607986450195,8975.700340986252,81.56651776137076,8156.651776137076,9913.221410972044,169.288,1587.2816348349681,4600.0883907430925,4577.316549894105,3134.1752223541134,846.44,3.174563269669936,6.407935226041769,6.5504748749862385,6.832153350138704,6.956229147412273
864,56,48440,4.189424753189087,8991.658146381378,84.30421890195149,8430.421890195148,10058.444281833818,83.4685,1544.553891638671,4488.065707137643,4459.643043110789,3145.872006340476,417.3425,3.089107783277342,6.506803414923893,6.807142388158609,6.835913497329898,7.2258520824843755
865,56,48496,4.287586212158203,9008.152096271515,80.35481271744302,8035.4812717443,9833.162472707936,176.046,1621.6352009636348,4543.421104881089,4511.891248079632,3039.81511368633,880.23,3.24327040192727,6.359485781382262,6.815138542518341,6.81949727865517,7.1359731810243305
866,56,48552,4.239734411239624,9023.969880580902,83.96079924814278,8396.07992481428,9927.360160440461,99.91999999999999,1431.3602356261824,4553.678570834249,4528.976726799671,3205.8353874669233,499.59999999999997,2.862720471252365,6.231800881377281,6.734465183304738,6.798252675804455,7.163778660531973
867,56,48608,4.271884918212891,9039.470608234406,80.70796002336448,8070.796002336448,9632.139204517403,180.86600000000004,1380.4772021809558,4613.744952196885,4589.310859297886,3172.2611756938268,904.33,2.760954404361912,5.781750738503667,6.482764286819971,6.74109403700386,6.991832588633181
868,56,48664,4.219219207763672,9055.446224212646,82.8260259616354,8282.602596163539,9938.19696378692,154.23550000000003,1501.358867623381,4517.705059069115,4492.387536194876,3098.8268027373306,771.1775,3.0027177352467618,6.363620227712837,6.649153749846588,6.81825173947747,7.034012009736823
869,56,48720,4.313948631286621,9072.483802556992,83.43003985273374,8343.003985273375,9925.990897089334,124.58650000000002,1458.4004118159583,4480.996786621793,4458.258681052903,3084.618973290048,622.9324999999999,2.9168008236319163,6.35431198749399,6.599712585579183,6.80347463415955,7.033272412516978
870,56,48776,4.1592912673950195,9088.4449300766,84.06486926332487,8406.486926332487,10109.9656240365,118.49100000000001,1584.9876977040135,4461.135566827835,4438.196021442205,3163.980054736662,592.4549999999999,3.169975395408027,6.538704310505681,6.651101302658728,6.840154593260885,7.001174406171789
871,56,48832,4.320178508758545,9104.628442287445,80.96853727682762,8096.853727682761,9785.036439469404,187.56000000000003,1500.622711786641,4514.534493201828,4493.497199443873,3024.1205318809543,937.8,3.001245423573282,6.262094364239451,6.629507655089082,6.804054207527641,6.916489426827724
872,56,48888,4.168720722198486,9120.902207612991,82.90802406079291,8290.802406079292,9907.52506036907,74.56899999999999,1542.1536542897788,4552.998806484729,4532.09977926286,3180.8806396383834,372.84499999999997,3.0843073085795574,6.245969284661556,6.500332759305769,6.803395094729756,6.73856817013033
873,56,48944,4.301798105239868,9136.995732307434,83.14698197204686,8314.698197204685,9973.491201019562,186.79250000000002,1472.0005038148765,4459.078832540945,4437.494462959226,3085.4071030912173,933.9625000000001,2.944001007629753,6.414523163459635,6.651021717054398,6.809813402091399,7.011597645229096
874,56,49000,4.304647207260132,9153.029347896576,82.67703261230776,8267.703261230778,9797.169809452735,113.1525,1416.31404822196,4570.813711763715,4547.805229401225,3154.7319885239294,565.7625,2.83262809644392,6.054615450827547,6.740995859805045,6.78152700363409,6.986576411307255
875,56,49056,4.260055065155029,9169.208998680115,83.1761430849429,8317.614308494289,10051.003530662412,158.3805,1575.0087221681238,4579.28022279399,4550.770177518198,3231.27535255567,791.9024999999999,3.150017444336248,6.422382186353799,6.4234234522131874,6.835000863786107,7.159890808315483
876,56,49112,4.481037139892578,9186.462603092194,80.99717865728799,8099.7178657288005,9858.506307042731,183.19500000000005,1575.5934413139325,4650.01348345897,4623.985620267833,3179.251637997269,915.975,3.151186882627865,6.216859780501926,6.610838050021167,6.829414805063855,7.032286024591596
877,56,49168,4.291635036468506,9202.70712184906,80.53851183749182,8053.851183749184,9881.397229166323,156.76350000000002,1670.782545417138,4633.981414009057,4607.7402771872785,3106.0305618408065,783.8175,3.3415650908342758,6.374767206361053,6.836048703778024,6.8489503977674895,6.960901252524869
878,56,49224,4.221410751342773,9219.107975244522,80.78941528651538,8078.941528651537,9827.647006227664,128.253,1620.452477576127,4533.28285042981,4510.639873076008,2938.210553022993,641.265,3.240904955152254,6.534093826242415,7.160297277949692,6.848516714215873,6.997401245513903
879,56,49280,4.262563228607178,9235.25206875801,79.81161353050993,7981.161353050992,9892.95600991129,242.15300000000005,1669.6416568602967,4521.263484762285,4481.580654351632,3027.4772650241475,1210.765,3.3392833137205935,6.411755665638684,6.742662898326775,6.837842569199507,7.404061988321495
880,56,49336,4.258166074752808,9251.527621507645,80.36241538965228,8036.241538965229,9811.415744834641,156.67700000000002,1618.497205869413,4581.54471389249,4557.064625071465,3048.770740643526,783.385,3.236994411738826,6.337471234779945,6.888438706854475,6.829671011495689,6.91208563985891
881,56,49392,4.4472222328186035,9267.648899555206,82.85835656156266,8285.835656156265,10047.35757529633,135.26050000000004,1626.2614191400653,4463.85428721773,4433.920785752485,3163.7776502714933,676.3025,3.25252283828013,6.412747651482127,6.769417111881935,6.811864948597522,7.257669616248013
882,56,49448,4.497669219970703,9283.985984802246,81.24047305304224,8124.047305304222,9782.56193233567,207.25300000000004,1451.2616270314456,4558.694703690557,4526.728713814,3080.425076688697,1036.2649999999999,2.902523254062891,6.209205287708693,6.666222514312715,6.797281114077945,7.222372794590457
883,56,49504,4.353275775909424,9301.145761966705,82.05544735146313,8205.544735146312,9878.189552847736,144.6285,1528.0163177014242,4546.836004025397,4524.528573386566,3099.087952062409,723.1424999999999,3.0560326354028486,6.325689857336437,6.593299570087692,6.806441613827202,6.909535263493538
884,56,49560,4.372413396835327,9317.340033054352,79.43893975438246,7943.893975438247,9509.66041884936,140.7885,1424.9779434111142,4702.941393482769,4679.720372039554,3157.3561077647655,703.9424999999999,2.8499558868222286,5.713578085706637,6.694942138272863,6.754765994986919,7.014531432861686
885,56,49616,4.323399305343628,9333.67855668068,81.09788882018704,8109.788882018704,9937.236955410874,172.23250000000004,1655.2155733921697,4616.778207910584,4590.722183046109,3168.45484674324,861.1625,3.3104311467843397,6.4062437521246975,6.3798615456185415,6.8308863730992835,6.8681055757276726
886,56,49672,4.33057427406311,9350.047106266022,79.64406445554431,7964.40644555443,9729.321353063522,184.7115,1580.203407509091,4530.9799135671265,4508.015968367527,3046.623975059885,923.5575,3.1604068150181823,6.076415204989707,6.664409172219378,6.78706758908334,6.83664370616828
887,56,49728,4.259218454360962,9366.377180099487,82.64655475433335,8264.655475433337,9751.21089644925,75.636,1410.9194210159153,4567.338237140428,4546.186070596144,3199.849640728609,378.17999999999995,2.8218388420318306,5.816097590578105,6.603531185264228,6.7509386867803025,6.82157369129441
888,56,49784,4.382573127746582,9382.815863609314,81.99724405323272,8199.724405323272,9803.944207576593,114.92850000000001,1489.2913022533216,4564.849845655107,4541.867555069089,3119.9966923894012,574.6424999999999,2.9785826045066432,6.137637555148409,6.699733705785495,6.795671274198377,6.962576364946226
889,56,49840,4.313009738922119,9399.750341176987,79.51806106078612,7951.806106078613,9893.237488633724,166.0175,1775.4138825551117,4508.591797444469,4480.306731924438,3028.1045169977215,830.0875,3.5508277651102236,6.43629885007709,6.889494905218386,6.82053976827842,6.784802446561615
890,56,49896,4.365060329437256,9417.042771577835,82.40032203112841,8240.032203112842,9972.894399836829,125.51750000000001,1607.3446967239872,4605.2870305033275,4582.3361739448255,3192.5069461130497,627.5875000000001,3.2146893934479746,6.416003771471395,6.557098824132077,6.83446986610152,6.953188862644885
891,56,49952,4.227401971817017,9433.387746334076,82.86434685295539,8286.434685295539,9825.75512506855,151.211,1388.1094397730108,4536.228357587246,4513.496701512231,3153.2186681036183,756.055,2.7762188795460214,6.117893169525416,6.7043127354654715,6.77880462245695,7.034840296799734
892,56,50008,4.239853858947754,9449.851871967316,83.47811120562098,8347.811120562099,9972.451652083502,113.86399999999999,1510.7765315214046,4532.30868109437,4507.852925858983,3196.809423913405,569.3199999999999,3.0215530630428096,6.3023863111457015,6.511159082552364,6.8052301751435635,6.865455009410845
893,56,50064,4.812755823135376,9467.117185354233,81.62129090639462,8162.129090639462,9764.02694118307,159.03700000000003,1442.860850543609,4535.457200860121,4508.188859280441,3127.968590907186,795.1850000000001,2.8857217010872183,5.970839262865578,6.741977233020528,6.78435726492792,7.135168423940756
894,56,50120,4.623351812362671,9485.028496265411,80.45563075399915,8045.563075399914,9670.520673517945,193.51500000000001,1431.4425981180323,4604.331077603165,4575.571795379739,3065.475523627367,967.5749999999999,2.862885196236065,6.024721295052287,6.6977725579932565,6.781325683766427,7.249610017834277
895,56,50176,4.203983306884766,9501.433925151825,80.90988958937817,8090.988958937818,9565.811484979995,150.32750000000001,1324.4950260421774,4544.771824188384,4522.324675280638,3101.1084531209453,751.6375,2.648990052084355,5.667023753487606,6.674702460736565,6.727528436584235,7.060600408711212
896,56,50232,4.324707746505737,9518.052891254425,81.54721064232578,8154.721064232577,9811.607755704847,188.05600000000004,1468.8306914722677,4509.833706408119,4484.756190241416,3054.015442923408,940.28,2.937661382944536,6.250719793611394,6.788370292278409,6.806647301351949,7.211758373367753
897,56,50288,4.269057512283325,9535.982273817062,77.68287175431898,7768.2871754318985,9565.449018924568,171.5775,1625.5843434926694,4519.955965698247,4486.420583857284,2998.4739001666153,857.8875,3.2511686869853387,5.909268417871343,6.727206753026785,6.760774330682792,7.050183605562809
898,56,50344,4.210289478302002,9552.584760427475,81.40693462421801,8140.693462421801,9942.334165428394,192.96650000000002,1608.6742030065939,4518.091621440722,4496.375684817713,3047.90782839456,964.8325,3.217348406013188,6.512897910181794,6.665481065250395,6.839473984701235,6.927318052158124
899,56,50400,4.24657940864563,9569.375205039978,80.22542126549313,8022.542126549313,9870.059861253618,190.38500000000002,1657.1327347043052,4483.815087610971,4457.167866177695,3046.1667040542707,951.9250000000001,3.3142654694086104,6.332275604089493,6.544665744405025,6.819871644911665,6.9778547902442725
900,56,50456,4.358892440795898,9586.296726465225,80.81370897457643,8081.370897457643,9840.365779368494,132.82,1626.1748819108504,4733.332155669052,4708.6470679113845,3183.822418303161,664.1,3.2523497638217007,6.36581470316902,6.797471513654338,6.847396369607688,6.988010471136602
901,56,50512,4.333308458328247,9602.891813516617,80.80370617402676,8080.3706174026765,9901.080416606368,189.46900000000005,1631.2407992036906,4620.506878511584,4594.62486790866,3102.5184735925372,947.3449999999999,3.2624815984073807,6.474489184383245,6.794573390380678,6.846090324142959,7.057462029463652
902,56,50568,4.352478742599487,9619.097999572754,80.92276393443632,8092.276393443632,9593.229808926615,143.62550000000002,1357.327915482983,4569.730569350581,4547.843989324244,3103.8005012969434,718.1275,2.714655830965966,5.741484545427775,6.6511725096857655,6.74306987311883,6.96102083229235
903,56,50624,4.397180080413818,9635.948016643524,77.9357871713571,7793.57871713571,9693.401730588783,225.74950000000004,1674.073513453073,4676.421537822647,4652.402463816449,2985.2571627910565,1128.7475,3.3481470269061457,6.3757393112521665,6.764327500820188,6.835404325780213,6.9558810066674255
904,56,50680,4.249919891357422,9653.377470731735,81.19033393079134,8119.033393079134,9904.995975409629,164.83650000000003,1621.1260823304965,4618.0526023708135,4594.925842642086,3114.0933185200292,824.1825000000001,3.2422521646609925,6.462320830876683,6.656926817835636,6.849915097859439,6.9774548537643275
905,56,50736,4.293059825897217,9669.812034368515,81.249070646295,8124.907064629498,9861.803456123911,164.91650000000004,1571.9798914944142,4470.882085706872,4448.395085664625,3030.8226793583435,824.5825,3.143959782988828,6.3218601277247455,6.551069774070868,6.7985126388314665,6.937951115415511
906,56,50792,4.334555149078369,9686.100430488586,75.3502918736816,7535.02918736816,9335.30504119182,250.913,1549.36285382366,4595.67784162602,4572.0984045163195,2857.422066033895,1254.565,3.0987257076473202,5.627613846420298,6.891174368490322,6.735542175017534,6.866470329533267
907,56,50848,4.311132907867432,9702.551270723343,79.88273545036355,7988.273545036356,9543.334950788141,176.1845,1378.8769057517868,4573.086562287954,4549.480571347909,3038.9607179642835,880.9225,2.757753811503574,5.732703927451915,6.863847225746177,6.741746933116606,6.9560098672510895
908,56,50904,4.296026706695557,9719.387887001038,79.86927368140289,7986.927368140289,9753.361172191526,234.41650000000004,1532.0173040512366,4512.485953030903,4488.078944361265,3047.916863388643,1172.0825,3.0640346081024736,6.085804227023808,6.557504449158209,6.785841887189217,6.910012114332868
909,56,50960,4.314157485961914,9736.134169578552,77.36701135937344,7736.701135937343,9332.85611790061,162.572,1433.5829819632681,4650.346053401311,4628.13199935527,3013.668262714197,812.86,2.8671659639265363,5.576747695638759,6.95870701344405,6.705623540761855,6.87573308963622
910,56,51016,4.4774768352508545,9753.51573729515,74.45640429417003,7445.640429417002,9331.848904498002,199.05550000000002,1687.1529750809993,4631.911359014315,4604.989221219275,2944.714542489828,995.2774999999999,3.374305950161999,5.671237591431978,7.016666449295163,6.724759685483589,6.736975267692353
911,56,51072,4.276808500289917,9770.575065135956,74.72716611994419,7472.716611994418,9559.803311065758,202.69250000000002,1884.3941990713408,4497.883968299035,4469.4308504464425,2938.5154399293347,1013.4625,3.7687883981426813,5.920636899473308,6.503367787555244,6.76781056304587,6.733809712013124
912,56,51128,4.1774187088012695,9786.99280500412,83.01889803505289,8301.889803505288,9946.125532500671,100.39750000000001,1543.8382289953827,4538.048193278824,4517.393284976852,3134.959836246552,501.98749999999995,3.0876764579907654,6.37843338971736,6.647847155813378,6.8161818297746475,6.844531089052091
913,56,51184,4.290373086929321,9804.017830371857,82.3923827749034,8239.238277490338,9909.170790853364,93.13550000000001,1576.797013363026,4632.17015117365,4611.241276308005,3174.3805699737895,465.6775,3.153594026726052,6.37508371153181,6.635196704868127,6.840267978177984,6.949747885865164
914,56,51240,4.281985521316528,9820.594010353088,82.19889913340856,8219.889913340856,9975.685248620157,93.28399999999999,1662.5113352793005,4560.786488428921,4529.99922890249,3126.602470583595,466.41999999999996,3.3250226705586012,6.50368972902554,6.932151803184653,6.853724148242163,7.2647900523136615
915,56,51296,4.227367401123047,9837.246567964554,81.18918529631217,8118.918529631217,9832.505706944426,176.6345,1536.9526773132075,4524.146715092311,4499.002633227558,3009.0261095462497,883.1724999999999,3.073905354626415,6.356338763473401,7.037765355346456,6.826274556600468,7.04921732915264
916,56,51352,4.257469177246094,9853.957434654236,80.82739263077755,8082.739263077756,9962.483042206126,151.275,1728.468779128371,4581.064344020784,4558.894135087821,3111.6079885049962,756.375,3.456937558256742,6.525313321999381,6.533072765728106,6.8526174918496805,6.794989108601968
917,56,51408,4.6475138664245605,9870.856398820877,79.1009199799627,7910.091997996272,9823.776969612205,202.54450000000003,1711.1404716159336,4666.812566470757,4642.612110145522,3093.6750960682875,1012.7225000000001,3.4222809432318666,6.391818154406256,6.554175188094363,6.845856504678608,7.035873111863492
918,56,51464,4.268119812011719,9891.585330486298,78.5299100395429,7852.991003954292,9617.369454335181,157.82750000000001,1606.5509503808912,4613.50817059317,4589.733558518603,3074.2203970424825,789.1375,3.2131019007617825,5.845186648129487,6.540380903814588,6.769066086017664,6.7872206690746975
919,56,51520,4.300375938415527,9908.198194026947,79.89249565987328,7989.249565987328,9732.809041679353,180.20300000000003,1563.3564756920255,4551.028991539556,4522.549351252401,3041.696285287596,901.015,3.126712951384051,6.15938224668729,6.757315579960414,6.798653685373722,7.125751758428521
920,56,51576,4.196338176727295,9924.997712135315,83.5434232893873,8354.342328938732,9844.755047268074,108.2815,1382.1312183293423,4445.093996709231,4419.498198898078,3193.6995164812756,541.4075,2.7642624366586843,5.789265813229041,6.49614753492026,6.7525144259586485,7.018574679454654
921,56,51632,4.221031427383423,9941.806601047516,84.56189411040435,8456.189411040437,10085.183342947847,80.72449999999999,1548.2694319074108,4455.3710564193525,4435.503604943619,3144.9448202871345,403.62249999999995,3.0965388638148212,6.508672575995065,6.725512600847927,6.829624130521582,6.912574767373555
922,56,51688,4.262946367263794,9958.407611131668,82.27866467636446,8227.866467636446,9823.806781269766,159.5905,1436.3498136333214,4555.796251178446,4531.397808378948,3129.033355901601,797.9524999999999,2.8726996272666434,6.1841117697231756,6.686809503336409,6.795676198362822,7.005980590298316
923,56,51744,4.330490827560425,9975.263061761856,82.29582126254758,8229.58212625476,9906.18840923169,172.79600000000002,1503.81028297693,4543.116231675448,4520.713658997642,3121.070643769267,863.98,3.00762056595386,6.32598862490402,6.6391326709532725,6.818494572710413,7.055314046469745
924,56,51800,4.216963768005371,9991.88341498375,81.0620101366737,8106.20101366737,9970.009514133599,149.937,1713.8715004662286,4617.6861627505905,4594.953747550468,3149.689283591534,749.6850000000001,3.4277430009324568,6.519136393872888,6.508086443818292,6.856135317507109,6.8778630340061016
925,56,51856,4.576834440231323,10010.136563301086,79.52003311830433,7952.003311830434,9970.35203399846,150.96200000000002,1867.3867221680264,4691.847697711553,4659.334487351238,3246.648786905099,754.81,3.734773444336053,6.423875659091154,6.650082248164451,6.8432010717828575,7.245700585904077
926,56,51912,4.73854660987854,10028.627262592316,82.96616399032695,8296.616399032695,9903.761676928469,151.88299999999998,1455.2622778957734,4576.57412413324,4550.189234576761,3202.9407864960463,759.415,2.910524555791547,6.223588336986479,6.660767011495623,6.801234364883316,7.07468680758419
927,56,51968,4.6832451820373535,10046.13156914711,82.27121016559515,8227.121016559515,9906.652555036922,162.865,1516.666538477407,4592.993515935369,4567.488346840956,3161.594611096596,814.325,3.033333076954814,6.3318265176984,6.652914744459476,6.820140256307124,7.018664586657847
928,56,52024,4.491935729980469,10063.40782737732,83.148239186788,8314.8239186788,9965.694080444991,148.24,1502.630161766192,4504.594552080647,4478.77540051488,3099.3358609007973,741.2,3.0052603235323847,6.437381874803632,6.858708127460617,6.821645841696404,7.103544418806609
929,56,52080,4.387849569320679,10080.63128399849,79.5144638024789,7951.4463802478895,9662.730941678838,139.8785,1571.4060614309492,4710.559334079691,4685.346612120868,3031.674767758507,699.3924999999999,3.142812122861898,6.25986126634131,7.1712223702245295,6.836460471254557,7.023488457967519
930,56,52136,4.2728753089904785,10097.722668409348,82.47545579750094,8247.545579750093,9824.774084101264,137.22899999999998,1439.999504351169,4520.1711884614015,4499.354921725773,3138.1907910785526,686.145,2.879999008702338,6.027475331462605,6.795225692831983,6.791678946736474,6.947274929566711
931,56,52192,4.383672475814819,10114.682099580765,82.3002637134908,8230.026371349082,9956.094315914026,146.97050000000002,1579.0974445649458,4516.066092835241,4490.092496948233,3060.7040098960824,734.8525000000001,3.1581948891298914,6.515306722787908,6.930863710282424,6.8408578789509065,7.083521237888225
932,56,52248,4.285334587097168,10132.605278015137,82.62742402018296,8262.742402018297,10015.304021046391,136.22000000000003,1616.3416190280957,4426.097068754128,4400.167140177253,3116.8077073350487,681.0999999999999,3.2326832380561914,6.3872142712061,6.362982454666416,6.800388865419848,6.828504952160405
933,56,52304,4.318605899810791,10149.607444763184,82.16752525249443,8216.752525249442,9862.645038112307,153.06900000000002,1492.8235128628642,4598.891648391934,4574.187356192446,3178.95614948213,765.345,2.985647025725728,6.188894282995152,6.745099760519919,6.810648005508587,7.081124775203213
934,56,52360,4.3360207080841064,10166.795288085938,83.62183614531483,8362.183614531485,10057.348745057358,151.54100000000003,1543.624130525874,4471.4568699766005,4446.537596717661,3135.7608772469116,757.7049999999999,3.0872482610517475,6.500628564861282,6.772013973694257,6.831963785259633,7.074336984374581
935,56,52416,4.46120548248291,10183.909131765366,80.40858236863173,8040.858236863172,9554.784318367725,149.16750000000002,1364.7585815045518,4604.3334426247675,4583.012427832079,3167.759612583409,745.8375,2.729517163009104,5.5539822901321685,6.557389246668211,6.714454699308493,6.909814911552685
936,56,52472,4.402425765991211,10201.283252239227,80.51482810763315,8051.482810763316,9963.466654919011,166.32050000000004,1745.6633441556942,4670.8928571330725,4648.590570435507,3193.469631801228,831.6025,3.4913266883113883,6.494741157636175,6.505092242568266,6.858135339674076,6.8815182664983
937,56,52528,4.246416330337524,10218.483734369278,82.93219078199371,8293.21907819937,9914.019811285165,129.92400000000004,1490.8767330857954,4518.5000269429975,4495.837672280284,3104.431356675251,649.62,2.9817534661715914,6.356346081866455,6.791646249417159,6.8186570841370155,7.038717093190129
938,56,52584,4.493908643722534,10235.750781059265,81.38831488563727,8138.831488563727,9746.887105479207,157.9695,1450.0861169154816,4479.899470660103,4455.615021461815,3068.9220997252596,789.8475,2.900172233830963,5.850933904291802,6.716179141787308,6.774688924916633,6.916521036089989
939,56,52640,4.284515857696533,10252.753236055374,80.59317526584137,8059.317526584138,9782.456316491505,161.53200000000004,1561.6067899073678,4587.8746969256445,4562.0223866188235,3086.257122136495,807.6600000000001,3.1232135798147356,6.136150947270017,6.727074450401583,6.816193137884729,6.994438362499531
940,56,52696,4.289371490478516,10270.103029966354,83.22198092162742,8322.19809216274,9932.459236619196,152.86100000000002,1457.4001444564544,4463.443930500009,4436.133899535998,3077.6720297155225,764.305,2.9148002889129088,6.3552104185669345,6.794605118417449,6.802023928360765,7.144733290093389
941,56,52752,4.350602865219116,10287.3285779953,77.36647512524965,7736.647512524965,9225.007347390412,160.72700000000003,1327.6328348654463,4691.90026797352,4667.730290643347,3114.064025349185,803.635,2.655265669730893,5.319177787901348,6.849182536172353,6.629271468733917,7.141405334997957
942,56,52808,4.366392135620117,10304.877097606659,78.43282601062946,7843.282601062947,9225.718363820371,131.925,1250.5107627574257,4732.283354000712,4706.651257630232,3187.321118173517,659.6249999999999,2.501021525514851,5.296855715384967,6.843702771718773,6.619902845373458,7.124073262762222
943,56,52864,4.351821184158325,10322.433556318283,83.66539258485395,8366.539258485396,10113.20284472881,135.776,1610.8875862434159,4531.918139566973,4505.730885771833,3222.7420604019626,678.88,3.221775172486832,6.530090789923678,6.65068021317049,6.846548418597772,7.0236482767456385
944,56,52920,4.3041510581970215,10339.500520706177,81.48350036107139,8148.35003610714,9905.065526713046,118.5635,1638.1519906059045,4560.953126064831,4521.447192133035,3040.76064995819,592.8175000000001,3.276303981211809,6.524574806028828,7.118411530774514,6.850470529147775,7.518701361717847
945,56,52976,4.293904781341553,10357.298045396805,80.2051133690112,8020.511336901121,9897.420645484906,199.85000000000002,1677.0593085837854,4573.834121032201,4549.592284971852,3089.145022764534,999.25,3.354118617167571,6.425991717087878,6.434501337895701,6.837489848895433,6.958350673582531
946,56,53032,4.251663446426392,10374.312261343002,82.95280740514795,8295.280740514794,9893.516089103477,139.5705,1458.664848588684,4456.806769003171,4433.134289726193,3138.284513678531,697.8525,2.917329697177368,6.136537561825196,6.542497287438114,6.780048956606123,6.909415948224348
947,56,53088,4.204052209854126,10391.200763463974,83.04870014348151,8304.870014348151,10010.86071967666,156.51600000000002,1549.4747053285091,4464.381285057269,4439.642961021654,3104.5809821690473,782.58,3.0989494106570183,6.415561275342138,6.74275603766275,6.827011466127991,6.925369875991767
948,56,53144,4.347132444381714,10408.600772380829,79.89182569003948,7989.182569003948,9679.35217252386,198.67150000000004,1491.4981035199135,4576.118986328591,4550.488414913612,3075.2335109533155,993.3575,2.982996207039827,5.96702561832995,6.61725211909784,6.780689345820465,7.021026221306873
949,56,53200,4.177856206893921,10425.747867107391,84.16212783023799,8416.212783023799,10056.460977363697,61.72650000000001,1578.521694339897,4529.052790969961,4509.11441817263,3169.100934322192,308.63249999999994,3.157043388679794,6.523031520180858,6.695693817750863,6.84573925958751,6.864746311075043
950,56,53256,4.289961814880371,10442.65672135353,79.65337737301189,7965.337737301189,9722.568255681761,184.81650000000002,1572.414018380572,4668.969939030034,4637.678822135389,3022.1083340842174,924.0825,3.1448280367611443,6.29596508394902,7.508053396485798,6.834486952775384,7.260040252685842
951,56,53312,4.268479347229004,10459.790661334991,82.85117772531055,8285.117772531055,9939.422354496368,144.047,1510.2575819653136,4508.198726150603,4482.763245171147,3092.340412505252,720.235,3.020515163930627,6.349382591451959,6.939122421211972,6.8179583289197785,7.12399672141369
952,56,53368,4.307557106018066,10477.710272312164,81.34435855171941,8134.43585517194,9733.102397425842,121.15650000000002,1477.5100422539017,4607.428708867315,4581.67722299894,3113.7194201435263,605.7824999999999,2.9550200845078036,6.117840469278708,6.962114226483702,6.805715139861418,7.145041583442041
953,56,53424,4.364156484603882,10495.158162355423,81.55892270095653,8155.892270095653,9780.917438801305,134.94299999999998,1490.0821687056514,4665.466196821404,4639.89639625714,3197.7396297260175,674.7149999999999,2.9801643374113023,6.130620034627661,6.668456919196344,6.80380254945071,7.03764980330556
954,56,53480,4.299269437789917,10512.494349956512,79.77568619534979,7977.568619534979,9535.773558914116,151.20250000000001,1407.0024393791384,4607.26938881315,4579.829858941056,3018.5819510997835,756.0125,2.814004878758277,5.780126151928445,7.842923135054664,6.763698587210848,7.195081245786205
955,56,53536,4.215964078903198,10529.840611934662,84.3167626694293,8431.676266942928,10088.01204537235,133.84300000000002,1522.4927784294205,4415.632979451925,4390.841733155597,3116.0697751026582,669.2149999999999,3.0449855568588413,6.516131979726727,6.722327094217086,6.826033805375492,7.018376049789873
956,56,53592,4.2632739543914795,10547.279895544052,84.36448168951135,8436.448168951136,10018.90562800544,117.09900000000002,1465.3584590543037,4457.2445847489935,4435.975433633985,3147.2518019526037,585.495,2.9307169181086072,6.365034178063919,6.6744261421926065,6.809969397256873,6.981627127774965
957,56,53648,4.278344392776489,10564.705067157745,82.83400440878393,8283.400440878393,10006.49843106266,149.751,1573.346990184266,4559.360333568082,4532.286696880826,3145.3919317779923,748.7549999999999,3.146693980368532,6.505421517215566,6.8242709233782435,6.842515750577069,7.132426212086445
958,56,53704,4.230740070343018,10582.955005645752,83.26663355548484,8326.663355548484,10002.195486496337,119.32400000000001,1556.2081309478522,4522.8158641301015,4498.0931024566635,3147.586948243319,596.62,3.1124162618957047,6.428801291031094,6.622664657264829,6.830415239611077,7.057994277197545
959,56,53760,4.181239604949951,10600.33541226387,82.66500692554791,8266.500692554791,10051.818624500553,167.07800000000003,1618.2399319457613,4498.477633960961,4467.519104082383,3192.1824628842724,835.39,3.236479863891523,6.419296043463984,6.613527565885432,6.82257787396775,7.07420822630555
960,56,53816,4.292746543884277,10617.760609865189,82.35486792404268,8235.486792404266,9871.960040730017,164.84750000000003,1471.6257483257514,4498.308165921195,4473.25215526616,3151.822101698869,824.2375,2.9432514966515027,6.0778909411688815,6.633414069850495,6.793250719797169,6.944363392929685
961,56,53872,4.329303503036499,10634.978687286377,79.08455224040962,7908.455224040962,9796.514005481065,201.09300000000002,1686.9657814401053,4483.394227932786,4455.623741897749,3001.6435919039322,1005.4649999999999,3.3739315628802107,6.274123117127245,6.556921222644267,6.8010091342318,6.971238366375995
962,56,53928,4.263204097747803,10652.198189973831,80.46131956747425,8046.131956747426,9914.517507120416,178.25650000000005,1690.1290503729902,4628.518429491165,4602.392633434639,3160.3330141106544,891.2825,3.38025810074598,6.4052528512323725,6.700041068243219,6.838572511192479,6.873932010345173
963,56,53984,4.364689350128174,10669.749105215073,76.64008885127468,7664.008885127468,9824.024135791278,196.90449999999998,1963.110750663809,4679.512343668788,4654.611249172156,3054.25962898978,984.5224999999999,3.9262215013276185,6.5137993961335825,6.495649685382796,6.863809340697496,6.7127635958043
964,56,54040,4.211685419082642,10686.935223579407,82.61395049850111,8261.39504985011,9993.510618192711,147.888,1584.2275683426003,4489.157987445929,4466.8458678809675,3142.476225683749,739.44,3.1684551366852007,6.247821470294591,6.278341074296071,6.81644936049985,6.878061878144799
965,56,54096,4.195824384689331,10704.86496257782,80.04902100964765,8004.902100964764,9869.941267734464,188.75900000000001,1676.2801667697004,4577.7995632636075,4555.037360338926,3016.192617720447,943.7950000000001,3.3525603335394005,6.5258043152353915,6.815964284280632,6.850886575881797,6.982698666696145
966,56,54152,4.33979606628418,10722.155617237091,80.99129758613361,8099.1297586133605,9682.191585618226,170.7375,1412.324327004866,4517.836909240739,4493.461282924691,3112.0330742566584,853.6875,2.8246486540097324,5.722497288895402,6.6913845565123005,6.745750030163746,6.955536190477692
967,56,54208,4.2190210819244385,10739.552896261215,83.88432327477541,8388.432327477542,10078.903147547533,118.263,1572.2078200699912,4466.0999405584935,4445.206403201431,3136.4289152421165,591.315,3.1444156401399814,6.537670522334552,6.599687030737593,6.838973662670635,6.894862944219982
968,56,54264,4.387442350387573,10756.837051868439,79.89193420389022,7989.193420389021,9883.748575008454,196.62950000000004,1697.9256546194315,4635.1326118459465,4610.828292680699,3062.176805291218,983.1475,3.3958513092388634,6.560054525341288,6.751642510619143,6.87058212155827,7.100573245748994
969,56,54320,4.200613260269165,10774.141172170639,80.50854509830187,8050.854509830187,9645.465979349261,132.60250000000002,1462.0089695190757,4621.400245910532,4600.083135192691,3179.5744879527037,663.0125,2.924017939038152,5.6951003892459005,6.518721062203796,6.764679858029012,6.867337067865983
970,56,54376,4.3114914894104,10791.830252408981,78.43189952368616,7843.189952368615,9623.078021076462,152.7735,1627.1145687078479,4813.477280886249,4791.635297357492,3183.9105949720915,763.8675,3.2542291374156957,5.988589158997102,6.623724827798883,6.825119257542492,6.838903651809559
971,56,54432,4.291461706161499,10809.540207147598,81.89474653022052,8189.474653022051,9904.215703054624,126.32650000000001,1588.4145500325726,4559.115739593127,4538.422057844863,3102.4097446012893,631.6324999999999,3.176829100065145,6.391405922367967,6.655765444571098,6.828410648531009,6.826748816424285
972,56,54488,4.21439266204834,10826.994114875793,81.12798631900856,8112.798631900856,9971.891821785957,130.56150000000002,1728.5316898851013,4640.875090869651,4618.764790834724,3188.2069989889324,652.8074999999999,3.4570633797702026,6.481966330579948,6.500219599487522,6.856428240168637,6.873733813934928
973,56,54544,4.5019941329956055,10844.519939422607,82.26470953181438,8226.470953181437,9935.64570755839,158.9285,1550.2462543769525,4611.546068864811,4589.97837988866,3164.65770796904,794.6424999999999,3.1004925087539053,6.3646789050777235,6.575924680996477,6.82967895757653,7.013192909086643
974,56,54600,4.352384805679321,10862.419862508774,76.8701756890773,7687.0175689077305,9109.737889863509,153.9265,1268.7938209557788,4681.146152217481,4658.8762122344815,3089.9537551992553,769.6324999999999,2.5375876419115575,5.195382903706273,7.267811477610321,6.587749303027664,6.891715995041382
975,56,54656,4.32884407043457,10879.955773591995,82.52719614658312,8252.719614658312,9909.012228382455,121.45850000000002,1534.8341137241441,4558.314614690688,4534.709065856065,3218.1341537165085,607.2925,3.069668227448288,6.145708698025919,6.549704024719419,6.797028947688576,6.837617332945153
976,56,54712,4.2115373611450195,10897.204650878906,83.97235037172757,8397.235037172757,9939.942239350505,117.114,1425.593202177748,4428.582273768185,4402.115749005794,3154.5982987937523,585.5699999999999,2.851186404355496,6.1642643418611,6.650083571829203,6.772023085962173,6.933090869243975
977,56,54768,4.368292331695557,10914.486347436905,82.97247198574178,8297.247198574178,9928.839949689238,152.174,1479.418751115058,4471.528283250481,4445.900055383653,3048.4726303629345,760.87,2.958837502230116,6.413183648740068,6.896487585325678,6.809709170018983,7.184701856764852
978,56,54824,4.214357614517212,10932.958975315094,82.22047791513418,8222.047791513418,9785.348549482122,116.037,1447.2637579687034,4505.702991339364,4483.547409449864,3024.270798032875,580.185,2.894527515937406,6.176398984574962,7.072890133709541,6.792479301765269,6.949843319547109
979,56,54880,4.374478101730347,10950.620667934418,81.8744955491772,8187.44955491772,9892.478591988547,179.27800000000002,1525.751037070827,4508.987268883736,4480.06237759213,3055.1717233474246,896.3899999999999,3.051502074141654,6.389254847891199,6.793921152026522,6.819339190055702,7.161349176134794
980,56,54936,4.3319666385650635,10968.25072646141,81.90521674966413,8190.521674966414,9871.871824279477,125.606,1555.7441493130636,4658.712271348584,4633.78492705274,3192.7924395805753,628.03,3.111488298626128,6.283219312336163,6.9055688285294625,6.832857408281657,7.045955863891854
981,56,54992,4.705500841140747,10986.179811477661,82.61653153417535,8261.653153417534,9996.108288014717,150.4035,1584.051634597182,4523.866898337268,4498.882972195841,3182.174607953968,752.0175,3.168103269194364,6.372837962191049,6.384587984811798,6.821240132498123,6.937259227396616
982,56,55048,4.635157108306885,11004.922634124756,72.97930888896948,7297.930888896948,8943.596445315028,142.29900000000004,1503.3665564180797,4961.094065298623,4931.214396536173,3206.9132400893477,711.495,3.006733112836159,5.293305405586885,7.0294625651124925,6.572645909225152,6.805492451596267
983,56,55104,4.287526607513428,11022.88821554184,84.39431830126321,8439.431830126321,10053.74366046521,113.6855,1500.6263303388887,4451.402139632518,4427.108521457027,3148.2250601848446,568.4275,3.0012526606777774,6.435388659494901,6.634271927366335,6.814936246612435,6.937900026259685
984,56,55160,4.634443044662476,11040.541214466095,82.37439263112087,8237.439263112086,9957.38357420051,168.46300000000002,1551.4813110884234,4534.817882518166,4506.7091499410435,3092.2277594924844,842.315,3.102962622176847,6.478500560435127,6.78765336775976,6.834618891752917,7.196769604182721
985,56,55216,4.236424207687378,11063.038645029068,79.16793669200878,7916.793669200879,9652.010609798586,148.26800000000003,1586.948940597707,4554.8569133962465,4525.26956849015,3125.755963344006,741.3399999999999,3.1738978811954146,5.835537588143272,6.442678973875735,6.74016252094511,6.791892408898144
986,56,55272,4.1497228145599365,11078.420278549194,84.06556825799733,8406.556825799733,10021.646182872128,123.29850000000002,1491.7908570723944,4453.473304589739,4427.870917449829,3150.1317865206847,616.4925000000001,2.9835817141447887,6.385298308078876,6.726606752204182,6.817512722468414,7.08935615610254
987,56,55328,4.942239999771118,11097.072699069977,83.56741892816441,8356.74189281644,10018.165847516937,125.67700000000002,1535.7469547004976,4508.823366840854,4481.6490123805315,3164.738390545909,628.385,3.0714939094009948,6.4106809558614986,6.803503804166241,6.829465279014199,7.119660755631746
988,56,55384,5.69130277633667,11115.37213754654,85.14586902449274,8514.586902449275,10044.778903942573,116.48400000000001,1413.7080014932994,4388.615182298207,4365.723679134948,3121.435096550359,582.4200000000001,2.827416002986599,6.385896466129695,6.628360260162171,6.794588153019175,6.898583456165237
989,56,55440,5.658402919769287,11133.522898197174,81.70008678194603,8170.008678194603,9863.145069812217,174.11300000000003,1519.0233916176132,4587.0179416438,4561.260506386431,3125.3356280230073,870.5649999999999,3.0380467832352265,6.309078440000825,6.726364600411521,6.8216681791224305,7.094214781875516
990,56,55496,5.618952989578247,11151.544925689697,83.5310814970046,8353.10814970046,9863.46840731869,117.464,1392.896257618232,4475.2793589153225,4447.651186214709,3114.0131681614557,587.32,2.785792515236465,6.18402827391261,6.886071821420555,6.783825118200826,7.202540786036663
991,56,55552,5.724075555801392,11169.354535341263,80.2869160661617,8028.691606616169,9810.685819677266,209.04950000000002,1572.9447130610965,4628.144075176075,4601.749783562628,3116.3554653819056,1045.2475,3.145889426122193,6.2913928916293,6.6504930934826625,6.822110956559507,7.03290155456276
992,56,55608,5.416295766830444,11203.111588478088,80.62587842452886,8062.587842452886,9720.50497386322,189.15200000000002,1468.7651314103343,4567.949004735539,4542.230633665358,3095.073392011195,945.76,2.9375302628206685,6.010520770658399,6.872823152531603,6.78630555149561,7.172260991157955
993,56,55664,5.385481119155884,11235.668424844742,82.72635691695012,8272.635691695014,9851.72122187366,142.4635,1436.6220301786461,4472.006458810678,4444.951222370846,3132.2509768201517,712.3175000000001,2.873244060357292,6.121086971081108,6.5791108826022136,6.772960590700268,7.022321267984132
994,56,55720,5.390867471694946,11267.768456459045,82.28855777663222,8228.855777663222,9972.592099281132,108.2,1635.5363216179098,4643.119144052686,4620.9879350615165,3172.426374442914,541.0,3.2710726432358195,6.514074554635926,6.753733639228378,6.858481883383331,7.018096342454022
995,56,55776,5.487647771835327,11298.723493099213,83.09941990886776,8309.941990886775,9844.381657039752,128.58499999999998,1405.8546661529776,4490.123262564336,4467.807018056923,3064.370315521682,642.925,2.8117093323059548,6.255239336917984,6.753307563977419,6.790915927557132,7.046183533455013
996,56,55832,5.161015033721924,11330.269145727158,84.19886765675861,8419.886765675861,10115.672852058358,109.68900000000001,1586.0970863824975,4537.587173966569,4512.715145176755,3232.851019612395,548.4449999999999,3.1721941727649954,6.523917555315752,6.68567997425639,6.845807565914787,7.047305110486724
997,56,55888,5.330702304840088,11360.26875257492,81.93900272046673,8193.900272046672,9922.541661511175,163.187,1565.4543894645014,4521.209609828092,4498.9427409294385,3111.974683545345,815.935,3.130908778929003,6.357931992998479,6.464564319872357,6.815873910879681,6.880119735076794
998,56,55944,5.585339784622192,11389.425392389297,84.22627676795055,8422.627676795057,9924.25211107294,97.22999999999999,1404.3944342778846,4480.49396147345,4459.512857728671,3150.784192983302,486.15,2.808788868555769,6.226169053993075,6.606502459579388,6.784880688099956,6.884203969809973
999,56,56000,5.629365921020508,11417.865014791489,81.56279564567404,8156.279564567405,10008.912337174053,131.5135,1721.1192726066488,4630.323843085984,4608.176830745839,3192.5243964722868,657.5674999999999,3.4422385452132973,6.527806351319351,6.486700296010809,6.859636381664544,6.860540092692387
