episode,steps,global_step_end,episode_time_s,elapsed_run_time_s,total_reward,total_reward_raw,total_reward_benefit,total_reward_chemical_cost,total_reward_ph_cost,total_stage1_vfa_produced_kgCOD,total_stage2_vfa_removed_kgCOD,total_stage1_ch4_m3,total_stage2_ch4_m3,total_total_ch4_m3,total_chemical_m3,total_chemical_kmol,total_ph_violation_pH_d,final_stage1_pH,final_stage2_pH,mean_stage1_pH,mean_stage2_pH,update_policy_loss,update_value_loss,update_entropy,update_approx_kl
0,56,56,6.3434271812438965,8.2025887966156,66.1270045208428,6612.70045208428,8384.965232672392,236.749,1535.5157805881126,5348.199172564096,5307.724284020198,5068.754286679754,3316.2109459926382,8384.965232672392,78.46249999999999,1183.745,3.071031561176225,5.074746958873713,6.873365979119416,6.430022587752404,7.499330769521559,,,,
1,56,112,5.9774463176727295,14.531880617141724,24.21356767954442,2421.3567679544412,7232.344654620616,304.17949999999996,4506.808386666175,5111.203874083372,4813.404670334523,5482.404977482674,1749.9396771379415,7232.344654620616,85.4,1520.8975,9.013616773332348,5.151979097533992,10.778554253800808,6.529839759693426,8.657614461474086,,,,
2,56,168,5.881195306777954,20.8579740524292,52.546164148993576,5254.616414899358,7612.628670607373,247.30200000000002,2110.7102557080166,5374.082083871525,5281.703656281861,5041.284408071434,2571.34426253594,7612.628670607373,73.88749999999999,1236.5099999999998,4.221420511416033,5.063144658171944,8.89532846878139,6.435945085485744,7.810333894974008,,,,
3,56,224,5.823179244995117,27.002257347106934,60.152701044413625,6015.2701044413625,8511.685895910723,218.909,2277.5067914693595,5131.496374685243,5044.377380492424,5419.77524818625,3091.9106477244713,8511.685895910723,68.25,1094.545,4.555013582938719,5.142934007939183,8.000898867399544,6.510425582482635,7.950214768661014,-0.016989054158329964,145.42425537109375,3.2120883464813232,0.0011959392577409744
4,56,280,5.554322004318237,33.00779676437378,38.884283757962244,3888.4283757962244,7506.659257413902,258.297,3359.933881617677,5186.07028682198,4984.870455743283,5414.046063287433,2092.6131941264694,7506.659257413902,74.1,1291.4850000000001,6.719867763235354,5.156334486962095,9.519934404510296,6.5355615533769145,8.161088877482522,,,,
5,56,336,5.850955963134766,39.280147314071655,33.27841161498432,3327.8411614984316,7871.6392875135325,239.65750000000003,4304.140626015101,5036.446269594149,4718.238037758293,5588.451462694824,2283.1878248187086,7871.6392875135325,71.975,1198.2875000000001,8.608281252030203,5.22119745771189,8.441910917826132,6.549479567335701,8.64377734972852,,,,
6,56,392,5.537999153137207,45.2420973777771,22.09394154312598,2209.394154312598,7371.124908025464,275.8395,4885.891253712867,5112.622390492598,4773.899821783792,5554.564173965179,1816.5607340602846,7371.124908025464,76.5125,1379.1975,9.771782507425733,5.20088152831474,9.94691615571691,6.565626086869983,8.813077155204077,,,,
7,56,448,5.499532699584961,51.19897270202637,-33.20498605188887,-3320.4986051888873,6862.851155873475,290.37300000000005,9892.976761062362,5275.809389210097,4843.287662995821,5303.889398329487,1558.9617575439872,6862.851155873475,72.35,1451.865,19.785953522124725,5.124549800630547,12.48009737442047,6.520066337040727,10.286569688372095,-0.20127178728580475,75.6426773071289,3.2090065479278564,0.0007736142724752426
8,56,504,5.39164400100708,57.14070534706116,47.838539106483125,4783.853910648312,7363.711076123315,258.5635,2321.293665475003,5379.522612587991,5267.980382996642,5027.814395485024,2335.896680638291,7363.711076123315,78.82499999999999,1292.8175,4.642587330950006,5.087064372156571,8.955196346787407,6.418462225532151,7.8052753346935395,,,,
9,56,560,5.405882120132446,63.25793480873108,24.51458806055814,2451.4588060558144,7232.960915018237,274.004,4507.498108962423,5319.724491006436,4973.111252696475,5170.027735704514,2062.933179313723,7232.960915018237,81.04999999999998,1370.02,9.014996217924846,5.129930180407847,8.799007179420595,6.467602338480555,8.729500122476493,,,,
10,56,616,6.615266561508179,70.53723192214966,37.40293801326432,3740.293801326431,7428.525766235119,269.6295,3418.6024649086876,5324.102721562733,5156.942177190462,5245.700505206324,2182.8252610287946,7428.525766235119,77.46249999999999,1348.1475,6.837204929817375,5.128614987799115,9.32664645095287,6.5182065282394825,8.33512324019554,,,,
11,56,672,5.854734659194946,77.1118335723877,40.327801152771485,4032.7801152771485,7593.00772977528,240.9975,3319.23011449813,5225.235808818157,5032.454239106697,5332.204024324206,2260.8037054510737,7593.00772977528,70.325,1204.9875,6.63846022899626,5.123074453190513,8.919173573041355,6.514071170686163,8.341904020575802,-0.04864935949444771,83.5849380493164,3.204827070236206,0.0013147717108950019
12,56,728,5.510834693908691,83.16411805152893,12.151423862589022,1215.1423862589022,7219.743158669669,249.0345,5755.566272410768,5128.615245810425,4677.38205244802,5561.321786421077,1658.421372248592,7219.743158669669,69.85,1245.1725000000001,11.511132544821535,5.202214226097113,9.239824129504948,6.581468329805984,9.07203166207878,,,,
13,56,784,5.521529912948608,89.2116482257843,30.268902845801282,3026.8902845801276,7227.965471131525,312.5325,3888.5426865513973,5260.719387384319,5025.255618033082,5251.805691722417,1976.1597794091092,7227.965471131525,89.975,1562.6625,7.7770853731027945,5.134889966961402,9.63164874549836,6.483585152583129,8.480401739007887,,,,
14,56,840,5.932781457901001,95.77043628692627,-36.79875610974688,-3679.8756109746882,6356.165870562907,296.799,9739.242481537594,5452.749707751449,5001.4334526728035,4937.799133111326,1418.3667374515805,6356.165870562907,76.0875,1483.995,19.47848496307519,5.084788446016793,12.394573266205708,6.404140626124387,10.220741119445345,,,,
15,56,896,5.487608194351196,101.84956407546997,67.3668227673316,6736.68227673316,8735.253814497433,202.79700000000003,1795.7745377642732,4984.184605364015,4932.19243249606,5710.212220105484,3025.041594391948,8735.253814497433,64.71249999999999,1013.985,3.591549075528546,5.211428350954249,7.454397109989315,6.598416039816004,7.706869310027985,0.0597979836165905,140.5446014404297,3.198007822036743,0.0009874844690784812
16,56,952,5.580144882202148,108.08656167984009,36.35719723031353,3635.719723031353,7777.680545080322,239.62050000000002,3902.340322048969,5005.4127634530705,4790.29913451738,5777.45544954594,2000.2250955343827,7777.680545080322,67.19999999999999,1198.1025,7.804680644097939,5.267206390342519,9.468706562673823,6.634768351236395,8.427468921462907,,,,
17,56,1008,5.394748210906982,114.10886359214783,18.173434786860472,1817.343478686047,7214.626132812904,230.9355,5166.347154126857,5221.057839047552,4823.52926401382,5350.82340431907,1863.802728493834,7214.626132812904,67.3125,1154.6775,10.332694308253714,5.131337341359899,8.745559226180921,6.517366426767956,8.889873014295755,,,,
18,56,1064,5.56412672996521,120.36004042625427,37.28111355455168,3728.1113554551675,7218.4075309210575,213.436,3276.860175465889,5319.27342620803,5088.212738842286,5103.331307684084,2115.0762232369725,7218.4075309210575,62.8125,1067.18,6.553720350931778,5.0968070668682675,8.842345351113524,6.429669734146276,8.216364427529884,,,,
19,56,1120,5.630981683731079,126.75628876686096,46.27959556309574,4627.959556309574,7778.321600003212,274.86150000000004,2875.500543693638,5253.111194829683,5123.085516057225,5293.018312544822,2485.303287458389,7778.321600003212,76.83749999999999,1374.3075,5.751001087387275,5.1255095353420845,10.574427339171075,6.50450908936981,8.10217300187526,0.1676817685365677,48.51958084106445,3.189215898513794,0.0020542002748697996
20,56,1176,5.343327760696411,132.772390127182,45.61842138150024,4561.842138150023,8208.47192824856,220.279,3426.350790098536,5234.294264283961,5068.014705010393,5273.427696294384,2935.044231954176,8208.47192824856,66.5375,1101.395,6.852701580197072,5.118405997772551,8.410685594872378,6.48126167838967,8.351617100739071,,,,
21,56,1232,5.452777862548828,138.90899777412415,15.665060990267499,1566.50609902675,7187.779519660006,266.481,5354.792420633257,5106.466899496449,4742.068946981265,5510.600562447122,1677.1789572128841,7187.779519660006,72.46249999999999,1332.4049999999997,10.709584841266514,5.141792750921932,11.091814805447159,6.555187921954324,8.944994117117947,,,,
22,56,1288,5.36115026473999,144.95609545707703,57.681578206577356,5768.157820657736,7981.506217969512,219.923,1993.4253973117757,5135.83593871867,5057.949371789219,5490.043601328995,2491.4626166405174,7981.506217969512,66.13749999999999,1099.615,3.9868507946235514,5.17734564240028,8.788628290208765,6.552583655304734,7.692290894585769,,,,
23,56,1344,5.1074934005737305,150.87561988830566,45.32741066003929,4532.741066003929,7875.658090589215,252.89000000000001,3090.027024585286,5162.208842487543,4947.564113833749,5387.23934427907,2488.4187463101453,7875.658090589215,78.80000000000001,1264.45,6.180054049170572,5.124588858118314,7.975307020518883,6.508234705303694,8.194704739153112,0.034746814519166946,85.34524536132812,3.1703741550445557,0.002822649898007512
24,56,1400,5.254580736160278,156.77432918548584,48.18836436069997,4818.836436069998,7651.607601806672,236.85450000000003,2595.916665736675,5202.890004851435,5069.344859972549,5430.128222015554,2221.479379791119,7651.607601806672,71.25,1184.2725,5.191833331473349,5.1664992819734,8.830971486835146,6.552426217794197,7.88152279517694,,,,
25,56,1456,4.962915658950806,162.49366188049316,52.14281266271665,5214.281266271665,7796.9522144261055,228.8985,2353.772448154441,5056.517636337484,4949.916264686089,5517.198762421546,2279.753452004559,7796.9522144261055,67.27499999999999,1144.4925,4.707544896308882,5.162989765336572,9.120066890900816,6.516988876133027,7.7400941719674625,,,,
26,56,1512,5.3079352378845215,168.54962182044983,20.98073957178037,2098.073957178037,7121.621649120781,273.939,4749.6086919427435,5257.537257935453,4890.739458387356,5220.53774722024,1901.0839019005412,7121.621649120781,82.61249999999998,1369.695,9.499217383885487,5.091222177616591,8.50576414314281,6.470977104259124,8.785603517962283,,,,
27,56,1568,4.876075506210327,174.1396884918213,53.369457639089,5336.9457639089,7960.988703735531,221.23649999999998,2402.8064398266306,5261.914438701374,5160.685166262232,5254.186513863995,2706.802189871536,7960.988703735531,66.1125,1106.1825,4.8056128796532604,5.114041974216047,8.635768976101792,6.483031905773875,8.101585178432256,-0.11623556166887283,106.7182388305664,3.1441328525543213,0.002705644816160202
28,56,1624,5.085791826248169,180.04491591453552,53.175193301345686,5317.519330134568,8099.279739781721,224.709,2557.0514096471525,5037.666428405929,4935.335164082917,5713.8463369087,2385.433402873021,8099.279739781721,63.58749999999999,1123.545,5.114102819294305,5.242470145775398,9.444548899512498,6.619198739136424,7.8602732243182505,,,,
29,56,1680,5.488712787628174,186.2789409160614,69.44305121163372,6944.305121163372,8435.478288071587,193.07999999999998,1298.0931669082147,5130.3722978338665,5101.300373381295,5430.311552969284,3005.1667351023007,8435.478288071587,63.54999999999999,965.3999999999999,2.596186333816429,5.137070502148749,7.467707670142404,6.516997008517096,7.26101729274409,,,,
30,56,1736,5.396387577056885,192.47130012512207,34.89209763856279,3489.209763856278,7354.095349859332,280.0555,3584.830086003053,5226.640342478254,5009.943872940774,5294.663181100529,2059.432168758802,7354.095349859332,83.7125,1400.2775,7.169660172006106,5.144081742662324,8.782753524494263,6.486682059971254,8.42369407214238,,,,
31,56,1792,5.3282694816589355,198.6233048439026,61.4371807647735,6143.71807647735,7944.463603481598,218.3905,1582.355027004247,5325.508396401154,5284.05838957652,5149.329257284939,2795.13434619666,7944.463603481598,70.9,1091.9524999999999,3.164710054008494,5.137945694314541,8.433452744303949,6.456749587942239,7.31791574609763,0.031130099669098854,141.25120544433594,3.112009286880493,0.0029845561366528273
32,56,1848,5.223428249359131,204.6765902042389,60.33909777541635,6033.909777541634,8362.929574198459,174.0075,2155.012296656824,5109.682440482244,5025.878498431967,5692.39002904798,2670.5395451504787,8362.929574198459,52.33749999999999,870.0375,4.310024593313648,5.281047395888708,8.407052122645291,6.642792123863243,7.829716859542041,,,,
33,56,1904,5.3844969272613525,210.8905930519104,66.49966603897929,6649.966603897929,8347.210361796137,228.63299999999998,1468.6107578982087,5105.703430941122,5078.0468780853025,5496.63326054616,2850.577101249977,8347.210361796137,77.67499999999998,1143.165,2.937221515796417,5.113884944964089,7.650532929269035,6.544782469037402,7.014439581743853,,,,
34,56,1960,5.2196044921875,216.97375082969666,24.93463547095893,2493.463547095893,6993.197457031683,232.1395,4267.59440993579,5310.684225833093,5015.922792833162,5117.739286688034,1875.4581703436502,6993.197457031683,67.08749999999999,1160.6975,8.535188819871582,5.094534098251496,8.914963868684115,6.4347956057313,8.65988059896784,,,,
35,56,2016,5.346763372421265,223.2822105884552,65.59727433266538,6559.727433266538,8693.758182172562,219.22050000000002,1914.8102489060225,5097.397402491641,5020.709336299688,5630.382348097368,3063.375834075193,8693.758182172562,70.3125,1096.1025,3.829620497812045,5.213492453924188,7.3973713571909405,6.613766539265555,7.665477756468566,0.04039623215794563,135.7742462158203,3.0774879455566406,0.0025705378502607346
36,56,2072,5.1420652866363525,229.23043966293335,65.36354395317726,6536.354395317725,8275.914375392898,220.90050000000002,1518.6594800751745,5326.16994825714,5275.865514614865,5122.507766230675,3153.406609162225,8275.914375392898,71.94999999999999,1104.5025,3.0373189601503485,5.110765375064051,7.166199158719176,6.4390929690649505,7.567660169609517,,,,
37,56,2128,4.8923962116241455,234.9949848651886,71.09603252236639,7109.603252236639,8680.391443034685,188.362,1382.4261907980454,5093.125734309841,5063.0599435139175,5480.492092906978,3199.8993501277064,8680.391443034685,63.675,941.81,2.764852381596091,5.153196695831003,6.940858267638808,6.520971138060781,7.333093521982918,,,,
38,56,2184,4.912518501281738,240.7781057357788,43.50429429852459,4350.429429852459,7798.228245338196,231.224,3216.5748154857365,5085.7898239938,4877.261205525239,5554.880080357708,2243.348164980488,7798.228245338196,72.5625,1156.12,6.4331496309714735,5.197896618874539,8.144240152809951,6.561346199580017,8.091952036618336,,,,
39,56,2240,4.773736953735352,246.40098357200623,71.94474040584605,7194.474040584606,8653.701599108088,156.5485,1302.679058523481,5011.328043304577,4986.935116857629,5619.39698571736,3034.3046133907274,8653.701599108088,54.175,782.7425,2.605358117046962,5.172007759669393,7.27861294655751,6.55507268344551,7.012830789933578,-0.05082274600863457,170.2821502685547,3.045786142349243,0.0013500662753358483
40,56,2296,4.810717344284058,252.08512115478516,71.41197144730458,7141.197144730457,8684.112018243324,189.6245,1353.290373512867,5093.572136381847,5070.026879829201,5474.379341399146,3209.732676844178,8684.112018243324,68.0375,948.1225000000001,2.7065807470257335,5.143372513505245,6.487091664341247,6.522549154697067,6.893461984281961,,,,
41,56,2352,4.96729588508606,258.0156819820404,71.3959272661285,7139.59272661285,8825.174117854422,184.2285,1501.352891241571,5100.984213695604,5076.347745327598,5650.079411746252,3175.09470610817,8825.174117854422,66.14999999999999,921.1424999999999,3.002705782483142,5.1974914246703445,6.476332705830243,6.621549905143616,6.980299940879661,,,,
42,56,2408,4.756080865859985,263.62990403175354,37.825936304384754,3782.593630438476,8173.100813222065,225.3555,4165.151682783589,5238.955093300621,4949.152683448293,5277.032201156213,2896.068612065852,8173.100813222065,68.6625,1126.7775,8.330303365567179,5.116203525775776,8.215466307353138,6.4894438455418495,8.587712034259606,,,,
43,56,2464,5.005421161651611,269.4885790348053,61.25097678099687,6125.097678099688,8244.958880321276,168.175,1951.6862022215876,5411.688990773919,5355.120047254677,5031.457797812134,3213.5010825091417,8244.958880321276,63.77499999999999,840.875,3.903372404443175,5.091585391923595,5.782782318565423,6.434025074872445,6.666016044009605,0.14697568118572235,130.23321533203125,3.0218989849090576,0.001713233650662005
44,56,2520,5.355776786804199,275.92383456230164,68.59662515843539,6859.662515843538,8529.59169446793,209.24149999999997,1460.687678624391,5145.698680982403,5102.388985580396,5491.747988368839,3037.843706099091,8529.59169446793,67.4125,1046.2075,2.921375357248783,5.180243681669463,7.351147504837155,6.553416448322529,7.528540761129567,,,,
45,56,2576,5.639167785644531,282.9615213871002,-0.576596749270708,-57.659674927070625,7637.135929299742,180.622,7514.173604226813,5066.787062188068,4849.196558089764,5706.18063643081,1930.9552928689336,7637.135929299742,71.23749999999998,903.11,15.02834720845363,5.260760515156912,1.6638855682038343,6.625169180643845,5.055099337026467,,,,
46,56,2632,5.439500093460083,289.75214767456055,66.25303082623923,6625.303082623922,8478.848580419026,201.48049999999998,1652.0649977951034,5097.5847829370405,5047.517262442164,5459.816956776147,3019.031623642879,8478.848580419026,67.3125,1007.4025,3.3041299955902064,5.131031517454148,7.29007325160672,6.525380979297678,7.334516133263328,,,,
47,56,2688,5.046003818511963,295.81972336769104,67.42949691384837,6742.949691384838,8583.451658196242,189.20999999999998,1651.291966811405,5149.181034576874,5120.223063617779,5489.945550088739,3093.5061081075037,8583.451658196242,69.89999999999999,946.0500000000001,3.3025839336228096,5.1987018800275955,5.976001029167215,6.550057485518246,6.731268605094395,0.037869516760110855,219.7222137451172,2.997938394546509,0.001146394177339971
48,56,2744,4.884212970733643,301.7363564968109,67.9089117502982,6790.89117502982,8476.687503647754,182.554,1503.242328617935,5214.759463165472,5174.50477458609,5306.6605903791105,3170.0269132686453,8476.687503647754,60.36249999999999,912.77,3.0064846572358697,5.141653489832143,7.133046035630661,6.487633836835449,7.45950485286894,,,,
49,56,2800,5.080002307891846,307.7733356952667,57.73332254173967,5773.332254173967,7979.037184804596,211.63100000000003,1994.0739306306295,5280.01049112891,5194.75910690198,5203.481325506771,2775.5558592978255,7979.037184804596,66.2875,1058.155,3.9881478612612593,5.12834573230942,7.993408211018032,6.471287284795841,7.828392538338126,,,,
50,56,2856,4.902677774429321,313.77899646759033,63.984013312006596,6398.40133120066,8488.526861602673,184.062,1906.0635304020125,5133.699945556984,5078.248360917529,5442.570909609249,3045.9559519934237,8488.526861602673,66.925,920.31,3.8121270608040247,5.1746910999395155,6.845760122960758,6.523189959082702,6.607197664100627,,,,
51,56,2912,5.5865278244018555,320.5119333267212,66.26406044937616,6626.406044937616,8381.485408288401,206.70100000000002,1548.3783633507833,5186.602001622157,5155.942331962971,5291.086548405525,3090.3988598828755,8381.485408288401,72.5625,1033.5049999999999,3.0967567267015665,5.119519389860085,7.001428537853247,6.47367802127936,6.949872232095049,0.10872844606637955,150.0747833251953,2.9744529724121094,0.0019229855388402939
52,56,2968,5.375046253204346,327.077433347702,52.280222961610725,5228.0222961610725,7806.1242158502355,224.623,2353.4789196891643,5245.30954815559,5125.520860763976,5126.305461220789,2679.818754629447,7806.1242158502355,67.7625,1123.115,4.706957839378328,5.0604841036550035,8.677553683673748,6.424751939360895,7.928418465372691,,,,
53,56,3024,5.5777363777160645,333.77626872062683,34.92480691612782,3492.4806916127823,7689.590379426945,215.448,3981.661687814163,5094.187777456343,4811.667702546711,5529.898085868683,2159.6922935582625,7689.590379426945,64.89999999999999,1077.24,7.963323375628327,5.193233428093089,8.29789147388173,6.553558845081753,8.548857948060732,,,,
54,56,3080,5.081997394561768,340.47200322151184,70.12151122142654,7012.151122142654,8465.919358563679,201.0325,1252.7357364210236,5197.741770361939,5170.015911694225,5285.026263825437,3180.89309473824,8465.919358563679,67.675,1005.1624999999999,2.5054714728420473,5.130668839133116,7.115476548183926,6.478833543429052,7.1066496732399935,,,,
55,56,3136,5.09667706489563,346.8058087825775,60.61581837830926,6061.581837830925,8159.842353285048,181.6325,1916.6280154541237,5206.186669486879,5147.27050886998,5286.417858741576,2873.424494543473,8159.842353285048,67.5625,908.1624999999999,3.833256030908247,5.099766037226262,5.469443993462613,6.48149158771469,7.054857048695303,-0.1625843197107315,132.63058471679688,2.933429479598999,0.004515995737165213
56,56,3192,6.732056379318237,354.9424841403961,24.30202159446315,2430.202159446315,7352.846038390053,204.18,4718.463878943738,5221.78321085833,4860.216268624522,5361.7100098737665,1991.1360285162864,7352.846038390053,59.2625,1020.9,9.436927757887478,5.1280016741041825,8.702426711787089,6.528870463880592,8.72897481013322,,,,
57,56,3248,6.651690721511841,363.9222695827484,70.61574753368852,7061.574753368851,8633.651940206923,196.6925,1375.3846868380713,5079.308568399065,5050.267083700464,5604.13765298983,3029.5142872170927,8633.651940206923,67.01249999999999,983.4624999999999,2.7507693736761425,5.228919627915206,7.094521038794504,6.581264490379534,7.0950108281585305,,,,
58,56,3304,5.7559309005737305,371.55970215797424,62.984957264203565,6298.495726420358,8349.779929791095,204.8015,1846.4827033707377,5193.823133008702,5120.105648713316,5300.7923179568315,3048.9876118342627,8349.779929791095,66.38749999999999,1024.0075,3.692965406741475,5.117882701267671,7.252896942021824,6.47697426433984,7.698471591970084,,,,
59,56,3360,5.333841323852539,378.09246039390564,62.606593443918506,6260.65934439185,8301.126005500675,185.11950000000002,1855.3471611088246,5042.465817878192,4971.480146543978,5574.006959490259,2727.119046010417,8301.126005500675,58.3,925.5974999999999,3.710694322217649,5.1733132930659895,7.819895666573818,6.552231346186132,7.69566230851435,-0.17096209526062012,133.89967346191406,2.8731071949005127,0.00442992290481925
60,56,3416,4.774094581604004,383.9925637245178,39.112351201348716,3911.2351201348715,8316.556578772948,195.9375,4209.383958638076,4895.829235667358,4815.073442145438,5818.780300431596,2497.7762783413523,8316.556578772948,75.14999999999999,979.6875,8.418767917276153,5.252204614621817,1.9607214014904877,6.610118681087893,5.880456960270043,,,,
61,56,3472,4.95234751701355,390.04032015800476,50.197983048708906,5019.798304870892,7735.898193748187,187.99400000000003,2528.1058888772945,5289.424837005323,5179.140832498546,5244.740626185378,2491.157567562809,7735.898193748187,70.15,939.97,5.056211777754589,5.121472910047189,5.616509140932575,6.492942949326211,6.401294390870483,,,,
62,56,3528,4.857461929321289,396.067626953125,62.91008032763283,6291.008032763284,8161.800436190758,214.82600000000002,1655.9664034274745,5335.156646806138,5286.075982515213,5077.042742387286,3084.7576938034726,8161.800436190758,77.61249999999998,1074.13,3.311932806854949,5.11196995342307,6.37232943294252,6.425958294412345,6.7026487910707795,,,,
63,56,3584,4.834212064743042,402.08714866638184,20.52457080581112,2052.4570805811118,7239.840693250913,199.73900000000003,4987.644612669801,5281.228893779759,5097.15749590212,5192.602098266852,2047.2385949840598,7239.840693250913,73.9375,998.695,9.975289225339603,5.107291070871448,5.216255954637445,6.4644916727609845,5.770849013077588,-0.07878925651311874,159.68406677246094,2.8191421031951904,0.006692696362733841
64,56,3640,4.812520503997803,408.16170263290405,38.16190629461521,3816.19062946152,7988.014032324073,219.61200000000002,3952.211402862552,5102.486243884301,5008.923478011782,5512.885489414428,2475.1285429096456,7988.014032324073,81.9125,1098.06,7.904422805725105,5.176306647185529,2.3548587368688656,6.5451948653764855,5.9981020040398,,,,
65,56,3696,4.76448392868042,414.04494047164917,69.79719275095906,6979.719275095907,8667.97309873741,201.876,1486.3778236415042,5044.705965959294,5015.598219243639,5578.3947383213,3089.578360416111,8667.97309873741,70.9125,1009.38,2.9727556472830083,5.19872807529883,6.816661798231592,6.552033662341938,7.046874885173828,,,,
66,56,3752,4.814519166946411,420.03426122665405,-13.289323375410136,-1328.9323375410136,6412.903268497781,208.38750000000005,7533.448106038795,5435.735156600034,5127.144756716006,4783.234503370419,1629.6687651273623,6412.903268497781,81.75,1041.9375,15.066896212077591,5.0546351880570555,1.486409105663279,6.3178428365082935,4.944073914667628,,,,
67,56,3808,4.694708824157715,425.8919539451599,25.41942236192207,2541.942236192207,7310.532633787852,174.25300000000001,4594.337397595645,5267.396079344729,5087.36603887619,5174.386360497905,2136.1462732899467,7310.532633787852,66.52499999999999,871.2649999999999,9.18867479519129,5.0792131599129045,4.589745037407103,6.459578613107249,5.8068460936813295,-0.11082560569047928,201.09974670410156,2.823904037475586,0.012266188859939575
68,56,3864,4.704594612121582,431.8790566921234,69.64763805404989,6964.7638054049885,8497.950767655238,186.65550000000002,1346.5314622502506,5278.1182852208985,5249.450949715594,5254.107089214098,3243.8436784411406,8497.950767655238,61.949999999999996,933.2774999999999,2.6930629245005013,5.150702686433233,7.073671894958651,6.48814761170576,7.321593607935336,,,,
69,56,3920,4.895097732543945,437.9169809818268,59.956422608042246,5995.642260804224,8212.802455453266,173.81050000000002,2043.349694649041,5169.343784109898,5122.491110237461,5302.022913844818,2910.7795416084473,8212.802455453266,66.1625,869.0525,4.086699389298082,5.132953122759216,4.87548062414357,6.457556891214971,6.549601953280592,,,,
70,56,3976,5.085951328277588,444.25556349754333,68.74545415054698,6874.5454150546975,8479.561525673726,191.6475,1413.3686106190285,5198.798116947916,5170.554534827072,5313.993501776454,3165.5680238972723,8479.561525673726,68.675,958.2375,2.8267372212380573,5.122866426020515,6.478624591798972,6.488387887750583,7.041283277510573,,,,
71,56,4032,5.1075756549835205,450.7362713813782,70.67290858208453,7067.290858208453,8543.24185343874,169.2305,1306.7204952302864,5099.694067490782,5074.507557877048,5543.759010322104,2999.482843116636,8543.24185343874,55.724999999999994,846.1524999999999,2.613440990460573,5.197949457185548,7.663198045950627,6.5603344660450045,7.144819498162952,0.08069514483213425,179.6576385498047,2.8216259479522705,0.006457047536969185
72,56,4088,4.8265485763549805,456.84509539604187,71.69005681015354,7169.005681015353,8660.472002753771,166.20499999999998,1325.2613217384173,5212.0273917453815,5189.348725729511,5400.149808617642,3260.3221941361303,8660.472002753771,58.175,831.025,2.650522643476835,5.176743386904,6.70852920459009,6.531938220123976,7.068527143196304,,,,
73,56,4144,4.707387208938599,462.80395674705505,12.566934845473373,1256.6934845473372,7432.615884288151,196.746,5979.176399740814,5122.208277113383,4953.4477572948135,5368.8761309753945,2063.7397533127573,7432.615884288151,76.4625,983.73,11.958352799481629,5.120404122229807,1.7377740535880017,6.481332427268646,5.324361073083537,,,,
74,56,4200,4.8920629024505615,469.01592898368835,58.51186853050861,5851.186853050862,7879.788514628202,220.856,1807.7456615773406,5355.52057422472,5269.891021292153,5154.731784774667,2725.0567298535343,7879.788514628202,70.1875,1104.28,3.6154913231546812,5.14110678027158,7.97698186344734,6.475446263648075,7.620776129344441,,,,
75,56,4256,4.819599390029907,475.21977162361145,55.1492892782585,5514.928927825849,7912.250315715278,224.401,2172.9203878894277,5132.436530209935,5043.554241355281,5433.613176558592,2478.637139156685,7912.250315715278,73.3625,1122.005,4.345840775778855,5.1623869810492895,8.523749442423794,6.520132037469848,7.369736222198122,-0.035062626004219055,152.3855743408203,2.8437821865081787,0.0026145167648792267
76,56,4312,4.829349756240845,481.4028317928314,66.53599401290111,6653.599401290112,8298.738658443992,180.12150000000003,1465.017757153882,5332.722236271926,5299.176978192236,5057.375797034185,3241.362861409809,8298.738658443992,65.2875,900.6075,2.9300355143077645,5.0974466441786355,6.556915266359194,6.4213466660909955,6.935597310270486,,,,
77,56,4368,4.694366693496704,487.38554191589355,71.21033260641602,7121.033260641601,8550.252697316184,154.51050000000004,1274.7089366745818,5213.116959697856,5191.17957431374,5251.659264925257,3298.593432390927,8550.252697316184,56.137499999999996,772.5525,2.5494178733491637,5.113205851539422,6.56080672535243,6.4639088414075045,6.912020704907305,,,,
78,56,4424,4.334831476211548,493.02606678009033,68.3376140920479,6833.761409204791,8638.696775940227,190.0405,1614.8948667354375,5148.151345598153,5116.630896940087,5540.924270827434,3097.7725051127927,8638.696775940227,64.88749999999999,950.2025000000001,3.2297897334708754,5.216602022515902,7.302171681129728,6.57812216891693,7.187458864210602,,,,
79,56,4480,4.423870801925659,498.6180639266968,62.838191275861,6283.819127586099,8332.35874326464,162.255,1886.284615678541,5231.842988010341,5171.349914192096,5394.114924291327,2938.243818973314,8332.35874326464,60.125,811.2750000000001,3.7725692313570818,5.174075237714143,6.3726909410534445,6.54915065603297,6.8361410608759465,-0.06490415334701538,180.9361114501953,2.8526010513305664,0.0038431782741099596
80,56,4536,4.130816459655762,503.9479262828827,42.39746352565439,4239.746352565439,7762.551069042789,219.95,3302.85471647735,5122.249380186511,4926.864663460046,5541.708850677116,2220.8422183656726,7762.551069042789,65.225,1099.75,6.6057094329547,5.181626666597513,8.688085540047906,6.567376751056348,8.243134593179978,,,,
81,56,4592,4.136406421661377,509.2706367969513,68.79578500911782,6879.578500911783,8420.085724286278,226.303,1314.2042233744967,5278.460897063279,5252.134606943777,5145.281748290362,3274.803975995918,8420.085724286278,79.675,1131.515,2.6284084467489928,5.098771851507592,6.423310708306754,6.4413161877405445,7.046158867892623,,,,
82,56,4648,4.156555652618408,514.6335923671722,68.21116207340177,6821.116207340177,8793.101491735775,206.04850000000002,1765.9367843955974,5073.177244654284,5022.083069055972,5712.159181223629,3080.9423105121455,8793.101491735775,65.7875,1030.2424999999998,3.531873568791195,5.244523392780326,7.802839843564705,6.638925812060438,7.579886409594572,,,,
83,56,4704,4.121875047683716,520.0082793235779,68.46482247188085,6846.482247188085,8483.610885045604,191.27050000000003,1445.8581378575184,5126.599120518367,5097.122405298525,5350.478466628073,3133.1324184175305,8483.610885045604,70.88749999999999,956.3525000000001,2.8917162757150368,5.091253338310607,5.76399613159648,6.4692089024099175,6.8578305785245135,-0.06911423057317734,149.41307067871094,2.846626043319702,0.0010747592896223068
84,56,4760,4.1309309005737305,525.4093201160431,58.2441279073705,5824.412790737049,8143.116256617532,200.95950000000002,2117.7439658804824,5068.176279727434,4966.3706343777285,5530.385788270668,2612.7304683468647,8143.116256617532,62.975,1004.7975,4.235487931760965,5.1578295880384735,8.13402823384225,6.543389278905378,7.693672948154931,,,,
85,56,4816,4.131220102310181,530.7658262252808,64.91948121649006,6491.948121649007,8433.59956298703,229.64350000000002,1712.0079413380222,5149.415920811492,5089.109467851531,5281.927473767226,3151.6720892198036,8433.59956298703,77.425,1148.2175,3.424015882676044,5.084293253795093,6.993622034621384,6.456359682023559,7.35789633114216,,,,
86,56,4872,4.143709421157837,536.1285951137543,73.14941616753569,7314.941616753568,8833.227452819556,156.36399999999998,1361.9218360659881,5063.34726134839,5040.306521606502,5556.202584745113,3277.0248680744435,8833.227452819556,58.412499999999994,781.8199999999999,2.723843672131976,5.172813796622973,6.167211267094956,6.5447752787996984,6.844932107243612,,,,
87,56,4928,4.205684423446655,541.6257691383362,69.54213787847193,6954.213787847193,8515.276335289118,164.181,1396.8815474419248,5106.510007711653,5074.3974077002595,5547.45873289837,2967.817602390747,8515.276335289118,52.68749999999999,820.905,2.7937630948838494,5.193118533744172,7.909805175342505,6.568268432288404,7.297139310379736,0.036184776574373245,149.97303771972656,2.833224296569824,0.0013855695724487305
88,56,4984,4.248297452926636,547.1419520378113,74.98911088378694,7498.911088378694,9198.609240903499,174.12800000000001,1525.5701525248046,4869.659326078647,4846.726740638946,6016.793256793462,3181.815984110037,9198.609240903499,63.074999999999996,870.6399999999999,3.051140305049609,5.3577814354669995,6.325777716331618,6.702002339228538,6.9712496368934165,,,,
89,56,5040,4.24470853805542,552.6655888557434,62.05662497282983,6205.662497282983,8674.657187050976,207.6835,2261.3111897679937,5068.468468021269,4980.299015797655,5500.3495129723615,3174.3076740786164,8674.657187050976,68.375,1038.4175,4.522622379535987,5.139355996902963,7.017131167269179,6.533563822240438,7.792167684276551,,,,
90,56,5096,4.263520002365112,558.3671827316284,65.71467212946274,6571.467212946276,8068.15231488251,227.2695,1269.4156019362354,5439.039370471672,5412.617682250971,4836.580185785106,3231.5721290974043,8068.15231488251,80.08749999999999,1136.3475,2.538831203872471,5.055781762019194,6.620613347097391,6.326094117008038,6.9219301319242215,,,,
91,56,5152,4.089352607727051,563.7170510292053,31.68469228111483,3168.4692281114835,7600.06879309109,245.4605,4186.139064979607,5183.061067834811,5061.559525231705,5266.616561675939,2333.452231415152,7600.06879309109,90.42499999999998,1227.3025,8.372278129959213,5.106029394043406,2.2122065547845398,6.453419353374719,5.947060274692297,0.08426343649625778,160.2977752685547,2.8240175247192383,0.0017651449888944626
92,56,5208,4.1801841259002686,569.1822118759155,69.70799094092479,6970.799094092478,8719.072794260625,172.438,1575.835700168147,4997.725599785484,4956.058617814304,5725.361314555263,2993.7114797053628,8719.072794260625,54.037499999999994,862.19,3.1516714003362942,5.233374142877691,8.094390849154557,6.5969680291644215,7.592086788111615,,,,
93,56,5264,4.946813344955444,575.4750096797943,70.62448625345499,7062.448625345498,8498.282689870914,178.409,1257.425064525415,5094.091561356849,5063.901204391767,5422.640177305388,3075.642512565525,8498.282689870914,58.4375,892.045,2.51485012905083,5.136665167606305,7.333313868296119,6.48947033789167,7.335762208318534,,,,
94,56,5320,5.762781858444214,582.7451701164246,62.77454438920084,6277.454438920084,8713.712354573316,180.4495,2255.8084156532304,5130.22674020502,5030.61619593422,5539.94381023222,3173.768544341093,8713.712354573316,58.325,902.2475,4.511616831306461,5.186633459297708,7.110693424917732,6.578178266233331,7.8431805648252615,,,,
95,56,5376,6.380849361419678,590.5701825618744,70.55606453758762,7055.606453758763,8682.578724801904,184.098,1442.8742710431425,5135.048013514821,5097.032715761069,5533.410661916814,3149.168062885092,8682.578724801904,60.0,920.49,2.885748542086285,5.2062281980213365,7.4770068372576945,6.568601312368498,7.3631392571219605,0.02426259033381939,156.27630615234375,2.788360834121704,0.001315538422204554
96,56,5432,5.780347585678101,598.1034114360809,29.916182601200564,2991.618260120056,7597.183382119401,214.739,4390.826121999346,5179.572716960285,4871.332565562127,5330.503916672014,2266.679465447388,7597.183382119401,61.525,1073.695,8.78165224399869,5.163795119635827,8.879231672416449,6.472145629463929,8.726453664480426,,,,
97,56,5488,6.100860595703125,606.3222072124481,61.38736712657437,6138.736712657437,8614.602373264635,192.81900000000002,2283.0466606071986,5231.350465052337,5149.782861378202,5384.721728502571,3229.8806447620655,8614.602373264635,61.525000000000006,964.095,4.566093321214398,5.159005692611011,7.509779913411402,6.550786300747956,7.853014051390525,,,,
98,56,5544,5.759040355682373,613.5947222709656,63.245085540606965,6324.508554060696,8538.56163419196,201.54300000000003,2012.510080131263,5070.777248140993,4977.906225992742,5533.15864372244,3005.402990469519,8538.56163419196,65.6125,1007.7149999999999,4.025020160262526,5.181584352161602,7.262500416065313,6.54350806489368,7.663752923040511,,,,
99,56,5600,5.9262189865112305,621.0584366321564,68.08612318888473,6808.612318888474,8436.826321480863,182.55200000000002,1445.6620025923903,5282.6484386085685,5240.197096081245,5187.203507401339,3249.6228140795247,8436.826321480863,60.93750000000001,912.76,2.891324005184781,5.119414628800123,7.0849995559565615,6.4575201501311215,7.375956523513911,-0.0453675240278244,106.66778564453125,2.7582833766937256,0.0013814009726047516
100,56,5656,6.012971639633179,628.6416938304901,68.97298386601497,6897.2983866014965,8418.948829361929,144.8315,1376.818942760431,5307.168653644847,5281.159550777257,5248.00927192348,3170.9395574384475,8418.948829361929,50.9,724.1575,2.7536378855208623,5.149648790397271,7.459838146569246,6.507626915238249,6.995087292956986,,,,
101,56,5712,5.855131387710571,636.0186915397644,46.89375843132476,4689.375843132477,7679.096103400234,173.65500000000003,2816.065260267758,5180.97312247202,5024.531516041447,5453.226408095405,2225.8696953048307,7679.096103400234,50.074999999999996,868.2749999999999,5.632130520535515,5.170572008399179,8.889382789381598,6.555373517035629,7.974624178464084,,,,
102,56,5768,5.7727601528167725,643.3657007217407,70.94166963749967,7094.166963749965,8635.030572226739,188.5925,1352.2711084767734,5181.560230374368,5159.031022356421,5469.375079424346,3165.6554928023934,8635.030572226739,65.04999999999998,942.9624999999999,2.7045422169535467,5.175071519974006,6.882121616453772,6.564230574711784,6.997981591264406,,,,
103,56,5824,5.358197450637817,650.2766060829163,53.21158108074101,5321.158108074102,8067.155525814426,204.64050000000003,2541.3569177403247,5161.374861566848,5031.289291255554,5545.168101250307,2521.9874245641186,8067.155525814426,61.300000000000004,1023.2024999999999,5.082713835480649,5.262976818967508,8.526557077314004,6.585788945404299,8.06433789125836,0.12104197591543198,120.17532348632812,2.7188403606414795,0.0023094918578863144
104,56,5880,6.208033084869385,659.269599199295,59.49799238945069,5949.799238945068,8125.7888458428115,145.247,2030.7426068977425,5222.738480089823,5162.534123098683,5288.265978867497,2837.522866975314,8125.7888458428115,57.31249999999999,726.235,4.0614852137954855,5.11712634165384,2.780741091002263,6.475207617710355,6.640633995236387,,,,
105,56,5936,6.422652244567871,668.6926047801971,70.34296254801784,7034.296254801784,8673.602272793454,178.764,1460.5420179916712,5035.529608251947,4993.693648231441,5630.771963069146,3042.8303097243097,8673.602272793454,59.125,893.8199999999999,2.921084035983342,5.202312589605459,7.567756396969525,6.5729367384625315,7.452681467726491,,,,
106,56,5992,6.046344757080078,678.266672372818,70.90366334629758,7090.366334629758,8580.810679086622,201.61900000000003,1288.8253444568647,5046.566688235695,5023.126245226627,5562.057434701939,3018.753244384683,8580.810679086622,69.45,1008.095,2.57765068891373,5.1780342453548736,7.069388889710461,6.532524069421686,6.992113990132468,,,,
107,56,6048,7.6778175830841064,690.0801408290863,65.55233342525017,6555.233342525017,7946.359945981999,192.231,1198.895603456982,5362.906244163753,5328.62993844728,4929.814531788161,3016.545414193839,7946.359945981999,61.037499999999994,961.155,2.397791206913964,5.030614019844374,8.174586974740114,6.364807624460231,7.378411773479574,0.04472547769546509,158.4121856689453,2.69486927986145,0.0021884802263230085
108,56,6104,6.479248046875,700.0939700603485,68.16495455100721,6816.49545510072,8190.28122618008,172.35700000000003,1201.4287710793599,5461.938691823871,5436.372992524656,4813.621703035103,3376.6595231449774,8190.28122618008,61.912499999999994,861.7849999999999,2.4028575421587193,5.04384592935904,6.6108507431266625,6.346711625364421,6.995051227289856,,,,
109,56,6160,6.831994533538818,710.5129914283752,70.38617762592357,7038.6177625923565,8534.260738398443,186.2225,1309.4204758060862,5117.887339899829,5094.997479417996,5409.977376868791,3124.2833615296513,8534.260738398443,64.85,931.1125,2.6188409516121722,5.141535545998256,6.9981737393800065,6.50326670361463,6.948519617528754,,,,
110,56,6216,6.481961250305176,720.724045753479,71.20385071455924,7120.385071455923,8555.984952653189,173.115,1262.484881197266,5129.178526078431,5107.331899961968,5408.7476744008645,3147.237278252325,8555.984952653189,59.762499999999996,865.5749999999999,2.524969762394532,5.152131073617055,7.092026887427439,6.503022052284991,6.969197926383865,,,,
111,56,6272,6.2395288944244385,730.7076015472412,69.55839615121127,6955.839615121127,8539.348789042364,158.284,1425.2251739212384,5191.4075307571,5164.567766788641,5302.771384647693,3236.5774043946726,8539.348789042364,57.8375,791.42,2.8504503478424765,5.130730766882296,6.598589832159458,6.48700537888635,6.909590735156038,-0.025086330249905586,167.354736328125,2.7044694423675537,0.002763445721939206
112,56,6328,6.22034764289856,740.4885573387146,71.71923245489917,7171.9232454899175,8654.15540677271,179.9575,1302.2746612827937,5082.889456057633,5060.304095170733,5505.706334130776,3148.4490726419344,8654.15540677271,62.77499999999999,899.7874999999999,2.604549322565587,5.1813172663314955,6.881860273132676,6.52614867998273,7.012568333866291,,,,
113,56,6384,6.288646697998047,749.852854013443,71.25021109033169,7125.021109033169,8490.231936854789,145.6845,1219.5263278216203,5251.6883210968535,5228.746806720151,5179.6045843594475,3310.6273524953413,8490.231936854789,52.2625,728.4225,2.4390526556432404,5.112603361990415,6.653596898878695,6.438838493715137,7.024556396952254,,,,
114,56,6440,5.974141597747803,759.2463037967682,50.25299044059563,5025.299044059563,8115.753406013547,192.20550000000003,2898.2488619539836,5075.794785995089,5003.953281004009,5487.44165084801,2628.3117551655378,8115.753406013547,74.36250000000001,961.0274999999999,5.796497723907968,5.105430864487026,1.7662046328938388,6.5247404547867704,6.292939480725413,,,,
115,56,6496,6.150927305221558,768.4081907272339,59.834856129530266,5983.485612953027,7921.278949141676,197.97250000000003,1739.8208361886493,5257.222216920484,5191.913001603472,5193.946976978706,2727.3319721629714,7921.278949141676,72.3375,989.8625000000001,3.4796416723772987,5.11422283281237,5.9920041221446505,6.459895274347708,6.773046063003818,0.007531372364610434,163.7365264892578,2.731498956680298,0.0032687645871192217
116,56,6552,5.9976794719696045,777.6952805519104,67.22023947467231,6722.023947467232,8472.576215058845,198.37850000000003,1552.1737675916131,4979.359003636665,4927.3354920140155,5611.390621393995,2861.1855936648494,8472.576215058845,63.5,991.8925000000002,3.1043475351832264,5.156614743123652,7.844167965813194,6.533645481720661,7.4421965751881585,,,,
117,56,6608,5.811652183532715,787.1599788665771,48.59077326954379,4859.077326954379,8262.930910231795,206.995,3196.858583277416,5111.0029671494385,4923.571425664444,5529.800949407473,2733.129960824321,8262.930910231795,63.3875,1034.975,6.393717166554832,5.146051904460182,8.05606080263953,6.570833088166366,8.318118160192435,,,,
118,56,6664,6.039936304092407,796.9707295894623,46.10398636038,4610.398636038,7259.893239948742,186.111,2463.383603910742,5485.084724807393,5358.022042014119,4794.587512941045,2465.305727007697,7259.893239948742,70.36249999999998,930.555,4.926767207821483,5.0383211012210785,4.1165229810942545,6.347854743472865,6.468346930227005,,,,
119,56,6720,6.29196834564209,807.2118895053864,68.1203759921039,6812.03759921039,8333.463438294526,193.5405,1327.8853390841368,5271.142604442177,5245.206010030986,5185.714735832549,3147.748702461978,8333.463438294526,67.29999999999998,967.7025,2.655770678168274,5.118996052862569,7.061915022951859,6.447839857473107,7.018319653692269,-0.03883501514792442,120.44949340820312,2.737156629562378,0.0032780400943011045
120,56,6776,6.479235887527466,816.9651851654053,59.75870761274582,5975.870761274582,8080.302806897178,166.4315,1938.000545622595,5263.292461757412,5177.529599346801,5337.553099099673,2742.749707797505,8080.302806897178,52.137499999999996,832.1575,3.8760010912451905,5.148338322977565,8.125976093852735,6.5253434465047,7.59501275346709,,,,
121,56,6832,7.937376499176025,829.4680528640747,68.27348216100009,6827.348216100008,8558.164578369971,193.81300000000002,1537.0033622699634,5243.626500618983,5217.250547283335,5396.989435959347,3161.175142410624,8558.164578369971,68.58749999999998,969.0649999999999,3.074006724539927,5.19322583977358,6.91188637264287,6.547919482628923,6.851464992750323,,,,
122,56,6888,7.817193508148193,840.9676759243011,67.71922439000504,6771.922439000505,8719.841053535138,178.21,1769.708614534634,5102.918813393421,5057.006782414212,5583.639113770782,3136.2019397643544,8719.841053535138,57.425,891.05,3.539417229069268,5.208142295615019,7.364136175549409,6.581001336031756,7.6137232138350015,,,,
123,56,6944,6.954858779907227,852.1404464244843,26.396552225200676,2639.6552225200676,7066.2857044944585,216.7655,4209.864981974391,5379.730310682061,5172.828879112882,5013.972778538586,2052.3129259558727,7066.2857044944585,79.1375,1083.8274999999999,8.419729963948782,5.095497183304596,5.180987339140738,6.40855051927938,6.10519678006673,-0.029864206910133362,146.54148864746094,2.7326571941375732,0.005367971956729889
124,56,7000,7.078938961029053,863.0958106517792,65.1201866737126,6512.018667371259,8695.102963882993,185.23950000000002,1997.8447965117339,4963.273618847465,4912.374808722292,5627.9382742326,3067.1646896503926,8695.102963882993,68.32499999999999,926.1975,3.9956895930234677,5.165024234215329,6.4289622550074155,6.538946356607853,6.5933709732803205,,,,
125,56,7056,7.125091552734375,874.0153021812439,72.4412708825117,7244.12708825117,8726.130406046528,161.96,1320.0433177953578,5076.656025833165,5050.769190929883,5558.570654374945,3167.5597516715834,8726.130406046528,54.175,809.8,2.6400866355907153,5.190067695893507,7.218569078058333,6.557784945089621,7.122076693867468,,,,
126,56,7112,6.962492942810059,884.6269445419312,71.6484165814039,7164.841658140389,8662.372340577676,170.887,1326.6436824372884,5134.8336926431,5107.846995461236,5472.007995546199,3190.3643450314776,8662.372340577676,58.125,854.435,2.6532873648745765,5.148809100199894,7.3431482697246,6.537558747718319,7.148121657888516,,,,
127,56,7168,6.775503396987915,895.161966085434,62.07712344634933,6207.712344634934,8339.787061920022,185.28000000000003,1946.7947172850886,5083.431990285118,5003.236078506657,5554.422497195461,2785.364564724562,8339.787061920022,57.5375,926.4000000000001,3.893589434570177,5.213166873416355,8.305860340362196,6.555688325869377,7.72243447971829,0.1523994356393814,142.14784240722656,2.7194435596466064,0.0038540728855878115
128,56,7224,6.622819900512695,905.2995021343231,59.80309014209659,5980.309014209659,8154.238726251644,182.892,1991.0377120419857,5043.089719150414,4977.369154797995,5669.979184088834,2484.259542162811,8154.238726251644,55.66250000000001,914.46,3.9820754240839715,5.235422276947466,8.971640894249399,6.599187846701418,7.371351432315184,,,,
129,56,7280,6.334033727645874,915.1208252906799,72.27256342546417,7227.256342546417,8813.48476201319,170.02450000000002,1416.2039194667723,5085.757242662348,5063.679529756667,5611.054099630613,3202.430662382576,8813.48476201319,62.0625,850.1225,2.8324078389335448,5.217649070911781,6.416326977522598,6.585721707816768,6.81302781607577,,,,
130,56,7336,7.2865846157073975,925.8826642036438,68.39119952126934,6839.119952126934,8432.183276015827,187.7905,1405.2728238888917,5171.555694431899,5137.452451447572,5468.657668180631,2963.5256078351954,8432.183276015827,61.012499999999996,938.9525,2.8105456477777833,5.170026209807563,7.63923063054881,6.555242435023473,7.39924432577251,,,,
131,56,7392,6.234161853790283,935.583527803421,63.256778711762315,6325.677871176231,8361.024711264861,208.11150000000004,1827.2353400886316,5233.090063267764,5176.609990084833,5240.731657271734,3120.2930539931285,8361.024711264861,75.475,1040.5575,3.654470680177263,5.0485710904397,6.373124167684137,6.482257844104359,6.782705620946726,-0.12950663268566132,165.2721710205078,2.6899330615997314,0.004173775669187307
132,56,7448,7.166560888290405,946.2029006481171,70.37985154516292,7037.985154516291,8533.890463317006,156.4355,1339.4698088007156,5174.877015010761,5147.625878216221,5475.088293637996,3058.802169679011,8533.890463317006,50.7,782.1775,2.678939617601431,5.216288822328895,8.049885552257562,6.559723548084114,7.212040691208872,,,,
133,56,7504,7.232354640960693,957.3058550357819,53.804500068113754,5380.450006811376,8147.193783154675,212.3565,2554.3872763433,5286.317490294401,5185.785016016231,5337.650013804004,2809.543769350671,8147.193783154675,64.0625,1061.7825,5.1087745526866,5.1449433166850165,8.60701776527408,6.553159188022424,8.047162605803262,,,,
134,56,7560,7.248356103897095,968.3066971302032,67.91515314640151,6791.51531464015,8335.615200245675,174.4185,1369.6813856055246,5062.770161907205,5028.523909435461,5492.747468390986,2842.867731854689,8335.615200245675,57.474999999999994,872.0925,2.739362771211049,5.168804822129368,8.128637990421812,6.515113180557043,7.18186616054467,,,,
135,56,7616,6.214734315872192,978.2740499973297,70.80085743040723,7080.085743040723,8596.404282323529,165.75650000000002,1350.562039282806,5196.650097007201,5170.824248010311,5371.937871020022,3224.4664113035083,8596.404282323529,59.537499999999994,828.7824999999999,2.701124078565612,5.149260881266822,6.580879935365533,6.517642670769878,7.063147495346086,0.025972740724682808,127.97885131835938,2.6315290927886963,0.005573529750108719
136,56,7672,5.771668434143066,987.4924743175507,73.29442233788676,7329.442233788675,8804.943960286051,134.28050000000002,1341.2212264973746,5089.474241318458,5064.704683424241,5519.581500849999,3285.36245943605,8804.943960286051,48.05,671.4025,2.682442452994749,5.154256956005537,6.701784836973622,6.550990684024351,7.055621303882069,,,,
137,56,7728,5.88102912902832,996.2411122322083,73.79667298311662,7379.667298311662,8790.143506281729,106.442,1304.0342079700658,5033.611389847203,5009.836743798347,5612.036761324252,3178.1067449574757,8790.143506281729,36.2625,532.21,2.6080684159401315,5.237452424712005,7.234150984579136,6.567958540361964,7.1055320880414286,,,,
138,56,7784,5.870162010192871,1005.3408915996552,66.8655557488587,6686.555574885871,8700.921493948847,177.68099999999998,1836.6849190629769,5097.247544405041,5056.088949865325,5555.8208758743785,3145.100618074468,8700.921493948847,65.6625,888.405,3.6733698381259536,5.158005386293506,6.427677819928094,6.559155471690322,6.628380700173592,,,,
139,56,7840,6.418284177780151,1014.7888934612274,68.12473324133818,6812.473324133816,8346.037189478402,180.41899999999998,1353.1448653445848,5349.595725287121,5311.566087732406,5107.111619229463,3238.925570248939,8346.037189478402,59.387499999999996,902.095,2.7062897306891696,5.09917078561398,7.108922753940442,6.450339754614184,7.413203313809565,0.034274645149707794,146.40106201171875,2.5948801040649414,0.003150810720399022
140,56,7896,5.793179988861084,1023.5905475616455,66.38016637713613,6638.016637713614,8247.555771805675,149.62550000000002,1459.9136340920602,5269.263052564082,5236.624437097495,5290.317615603574,2957.2381562021,8247.555771805675,47.762499999999996,748.1274999999999,2.9198272681841204,5.1457460229625696,8.243713465691343,6.508940847358621,7.279131300681619,,,,
141,56,7952,5.762807846069336,1032.022280216217,71.27697500810973,7127.697500810973,8526.399160751665,146.78050000000002,1251.921159940693,5237.364948068815,5208.675127873137,5303.943972386232,3222.455188365432,8526.399160751665,48.83749999999999,733.9025,2.503842319881386,5.163240481924818,7.1143921927505405,6.49742547633703,7.2812114455272265,,,,
142,56,8008,6.098221302032471,1040.9233527183533,68.72924166139913,6872.924166139914,8434.562952866316,137.9635,1423.675286726403,5319.248865409693,5295.988909106832,5189.834356643818,3244.728596222498,8434.562952866316,50.9375,689.8175,2.8473505734528057,5.137547834584796,6.8888398352354105,6.477813637711615,6.726445700076091,,,,
143,56,8064,5.911718368530273,1049.4993031024933,50.29422948438314,5029.422948438314,8464.661186567788,175.793,3259.445238129474,5187.89675161415,5006.185252775279,5308.041350999738,3156.61983556805,8464.661186567788,65.6,878.9649999999999,6.518890476258948,5.161189670205049,6.500782386519194,6.46416051477217,6.165491369483945,0.018243014812469482,119.41719818115234,2.6042306423187256,0.0036746386904269457
144,56,8120,5.77718448638916,1058.1564054489136,67.94449507787294,6794.449507787294,8566.350568462065,136.7095,1635.191560674772,5115.915355007005,5083.64230369763,5458.631117190331,3107.719451271736,8566.350568462065,53.55,683.5475,3.2703831213495445,5.127971626059916,5.704912849212834,6.522122503051556,6.691801984349936,,,,
145,56,8176,5.760193586349487,1066.9651565551758,70.28427894778747,7028.427894778747,8514.755513974385,140.494,1345.8336191956396,5309.873022206032,5285.213435372605,5213.284390981952,3301.4711229924346,8514.755513974385,52.08749999999999,702.4699999999999,2.691667238391279,5.139995695728804,6.518109497618662,6.479171665222672,6.893921351494474,,,,
146,56,8232,6.114607810974121,1076.125229358673,71.75910859301138,7175.910859301137,8630.33724876754,142.205,1312.2213894664037,5185.242929318541,5161.813389074727,5395.3068381799585,3235.030410587583,8630.33724876754,49.95,711.025,2.624442778932808,5.15791487020314,6.8634347837365794,6.528699954485025,7.040931760761181,,,,
147,56,8288,5.534231662750244,1084.4001469612122,58.927271332649525,5892.7271332649525,8254.001603721716,149.856,2211.4184704567624,5326.072751937219,5249.308630602001,5253.139249062846,3000.8623546588688,8254.001603721716,55.9875,749.28,4.422836940913525,5.18806775590134,6.346250108511942,6.502748194790582,7.039645468561024,-0.12002501636743546,151.2801055908203,2.6296865940093994,0.007015825714915991
148,56,8344,5.657848358154297,1092.7761828899384,60.4752337901604,6047.52337901604,8408.006107456351,174.3055,2186.1772284403105,5219.895540171454,5167.160220851483,5244.170509927746,3163.835597528604,8408.006107456351,64.275,871.5274999999999,4.372354456880622,5.1361553460110745,6.8187903467668445,6.45998608426413,6.5112801474184545,,,,
149,56,8400,6.0572779178619385,1101.3857235908508,67.83196138053414,6783.196138053414,8840.169436591928,163.3315,1893.6417985385133,5028.06516858698,4996.203159036547,5714.176562431596,3125.9928741603326,8840.169436591928,61.45,816.6575,3.7872835970770264,5.191883910754969,6.172475313003244,6.61337632042367,6.683628494398795,,,,
150,56,8456,5.4434404373168945,1109.4510128498077,54.24707258065557,5424.707258065557,8531.514703318959,181.11150000000004,2925.6959452534015,5294.671026330177,5164.405915149322,5273.3895517362525,3258.125151582706,8531.514703318959,58.08749999999999,905.5575,5.851391890506803,5.107781041219737,7.122449366142846,6.525523599450442,8.118435468630647,,,,
151,56,8512,5.494282245635986,1117.544621706009,72.57850543989451,7257.850543989451,8859.710891679097,135.54850000000002,1466.3118476896464,5028.100273991085,5004.724724170358,5658.624584416335,3201.0863072627617,8859.710891679097,49.974999999999994,677.7425000000001,2.932623695379293,5.213615571460149,6.628881121260192,6.591694026143805,6.91511184217113,0.06442772597074509,127.07454681396484,2.6306281089782715,0.0017083281418308616
152,56,8568,5.562423229217529,1125.752869606018,72.70309848969711,7270.309848969713,8788.774544953465,163.286,1355.1786959837523,5118.006554984863,5094.467369793626,5544.864876825862,3243.909668127603,8788.774544953465,58.26249999999999,816.4300000000001,2.710357391967505,5.2250505867437065,6.681734544719433,6.569598156279355,6.9741385198067345,,,,
153,56,8624,5.842768669128418,1134.1867678165436,69.62936960414703,6962.936960414703,8438.893175684889,172.48250000000002,1303.4737152701873,5262.6107864237065,5237.337238412085,5232.640065486124,3206.253110198766,8438.893175684889,60.9375,862.4125,2.606947430540375,5.156652220140555,6.8309407871152175,6.471955827893404,6.990554862794544,,,,
154,56,8680,6.025424480438232,1143.201199054718,64.21686639481727,6421.686639481727,8777.540700580874,157.44150000000002,2198.4125610991487,5105.357185127303,5038.807187797548,5661.662909294657,3115.8777912862192,8777.540700580874,59.449999999999996,787.2075,4.3968251221982975,5.231109597463743,6.3813362221642045,6.624085038429933,6.562261185161217,,,,
155,56,8736,5.34930682182312,1151.2733368873596,33.9976351545382,3399.76351545382,7956.467173036181,168.93850000000003,4387.76515758236,5081.989551938264,4966.177570419572,5601.923197206042,2354.543975830138,7956.467173036181,66.0375,844.6924999999999,8.775530315164719,5.207942390573749,1.9792891212591042,6.583829063325039,5.916516060378539,0.12349188327789307,159.8647003173828,2.6413705348968506,0.004116289783269167
156,56,8792,5.430721044540405,1159.562637090683,20.06232056983773,2006.2320569837725,6921.770057567075,205.56100000000004,4709.9770005833025,5303.209682998444,5061.735012109701,5031.585539025735,1890.18451854134,6921.770057567075,76.64999999999999,1027.8049999999998,9.419954001166605,5.080759890398006,4.763992516866586,6.400490862083422,5.695653801357528,,,,
157,56,8848,5.401749134063721,1167.7876348495483,67.37459049631435,6737.459049631436,8217.123631692779,175.161,1304.503582061343,5401.088372327717,5372.806488430465,4869.529299800823,3347.5943318919553,8217.123631692779,64.06249999999999,875.8049999999998,2.6090071641226857,5.055460689454392,6.237754055070093,6.354739553643406,7.065037261513942,,,,
158,56,8904,5.241684198379517,1175.5878326892853,-8.346875491115505,-834.6875491115502,6918.943949049062,191.8905,7561.740998160612,5237.812341164772,4950.686793523184,5216.310111752777,1702.633837296286,6918.943949049062,74.1625,959.4525,15.123481996321225,5.1318998178724256,1.944039754961644,6.452259681796974,4.907117138409431,,,,
159,56,8960,5.570017576217651,1183.873741865158,6.492855836353142,649.2855836353144,7098.802472956877,194.546,6254.970889321562,5118.004242206262,4814.3892790275895,5391.877834672286,1706.9246382845909,7098.802472956877,77.04999999999998,972.73,12.509941778643125,5.127443977675706,1.5066529458379143,6.489279745583338,5.3028331156437725,0.025940129533410072,248.9289093017578,2.6840274333953857,0.005151826422661543
160,56,9016,5.498089790344238,1192.534660577774,70.68693112233598,7068.693112233597,8566.839978880167,129.16,1368.986866646571,5111.317296389377,5084.808328007243,5588.353568320621,2978.4864105595466,8566.839978880167,43.162499999999994,645.8,2.7379737332931415,5.24301688404444,7.835894481462942,6.58671931914463,7.098182860688565,,,,
161,56,9072,5.130096435546875,1200.1637997627258,68.06759968528972,6806.7599685289715,8629.134038666096,176.289,1646.0850701371246,5064.908237763038,5033.7237798135875,5488.714206961435,3140.419831704662,8629.134038666096,65.1375,881.4449999999999,3.292170140274249,5.145897034651945,6.396744515094224,6.515235322309193,6.663119567801041,,,,
162,56,9128,5.014359712600708,1207.9449262619019,68.48144633124717,6848.144633124717,8550.952933542758,211.6165,1491.191800418042,5104.21904600139,5073.748877684424,5535.660482877865,3015.292450664894,8550.952933542758,73.025,1058.0825,2.9823836008360844,5.198831384770942,7.144600932882702,6.555796368256026,7.047370493992842,,,,
163,56,9184,5.145306825637817,1215.6763348579407,71.36634340923777,7136.634340923776,8456.877562729562,132.538,1187.7052218057859,5331.538404703988,5308.360037984797,5096.183223489497,3360.694339240065,8456.877562729562,46.4,662.6899999999999,2.375410443611572,5.14020337480174,6.9379624152938755,6.42462961277077,6.9988397723824205,-0.03995427489280701,144.1843719482422,2.6394407749176025,0.004447119310498238
164,56,9240,5.382725715637207,1223.583015203476,72.82061636287014,7282.061636287015,8757.228509706887,177.171,1297.9958734198726,5128.206112502863,5106.677840418623,5445.082201512886,3312.146308194002,8757.228509706887,63.3,885.855,2.5959917468397458,5.094936673909935,6.495659066728393,6.527101124848509,6.955525085612435,,,,
165,56,9296,5.341150760650635,1231.5247087478638,66.39802681866064,6639.802681866063,8416.862043245515,162.0995,1614.9598613794526,5284.3157507299475,5254.307170671209,5189.125147256205,3227.736895989311,8416.862043245515,61.1625,810.4975,3.229919722758905,5.104769701717222,6.0683785670817505,6.459004362408647,6.682495742947061,,,,
166,56,9352,5.159008026123047,1239.187556028366,24.064141906506613,2406.414190650661,7314.581073467263,193.5525,4714.614382816602,5263.482090184851,5091.734503723316,5200.734856858666,2113.8462166085974,7314.581073467263,75.83749999999999,967.7625,9.429228765633205,5.078610609957986,1.5734211916285372,6.466798792057976,5.831087940717862,,,,
167,56,9408,5.184980869293213,1246.938107252121,69.52112515640371,6952.1125156403705,8446.688052480607,152.43200000000002,1342.1435368402367,5313.000928081927,5287.324097817016,5164.319995843737,3282.3680566368707,8446.688052480607,55.18749999999999,762.16,2.684287073680473,5.125289108648248,6.76078047251105,6.459760816633566,6.893575719200159,0.18954449892044067,171.30271911621094,2.6332156658172607,0.003147449344396591
168,56,9464,5.241174697875977,1255.0012030601501,69.81988639972039,6981.988639972039,8654.548612202003,167.199,1505.3609722299636,5157.708390282754,5133.130490589337,5426.987151111813,3227.5614610901894,8654.548612202003,61.8125,835.9949999999999,3.0107219444599274,5.147042826173284,6.401393472082383,6.523280539101931,6.748465671341849,,,,
169,56,9520,5.088469982147217,1262.6571726799011,60.73857501682408,6073.857501682408,8477.030340988373,203.43400000000003,2199.7388393059637,5057.59237358999,4968.621977788915,5758.363311222045,2718.6670297663263,8477.030340988373,63.099999999999994,1017.1699999999998,4.399477678611928,5.284147006085704,8.18369963779813,6.648359717502865,7.808595966719176,,,,
170,56,9576,5.07248592376709,1270.2619071006775,70.26145881601374,7026.145881601374,8573.183465199052,147.3715,1399.6660835976784,5304.276968839259,5281.5799140394,5289.698840219751,3283.4846249793,8573.183465199052,53.599999999999994,736.8575,2.799332167195357,5.169340108230194,6.79073932861959,6.525328808872534,6.842356644457341,,,,
171,56,9632,5.123642683029175,1277.896811246872,58.32789679057298,5832.789679057298,8086.8446998344425,155.23149999999998,2098.823520777144,5243.174027232563,5145.9547366224615,5327.141926580025,2759.7027732544166,8086.8446998344425,45.787499999999994,776.1575,4.197647041554289,5.134483557899072,8.511947433074818,6.522191219898874,7.887112622460424,-0.009963017888367176,122.25653839111328,2.6191399097442627,0.0023903686087578535
172,56,9688,4.953895807266235,1285.805103778839,41.13615184387636,4113.615184387636,8019.419474944217,169.29200000000003,3736.5122905565795,5245.415768576939,5159.192472626708,5385.326869129447,2634.092605814769,8019.419474944217,66.30000000000001,846.4599999999999,7.473024581113158,5.163993380209239,2.068321792709039,6.551211658442369,6.001777052446603,,,,
173,56,9744,5.004825830459595,1293.4593040943146,13.25482021844045,1325.4820218440454,7503.321874687725,176.79950000000002,6001.04035284368,5153.9822592354185,4969.113021319856,5429.344481450475,2073.977393237251,7503.321874687725,68.21249999999999,883.9975,12.002080705687359,5.175494554224534,2.326236172320352,6.51916281714716,5.481944285980528,,,,
174,56,9800,4.7806923389434814,1300.772480249405,55.74175932097995,5574.1759320979945,7915.7145331292795,158.4135,2183.1251010312835,5211.22146775595,5118.717511153294,5318.209844883782,2597.504688245497,7915.7145331292795,60.849999999999994,792.0674999999999,4.366250202062566,5.144378194681059,4.733134464527897,6.497802273017622,6.624178365495622,,,,
175,56,9856,4.9416892528533936,1308.316382408142,72.19078841830759,7219.078841830759,8798.704292736089,125.5845,1454.0409509053284,5164.511189790765,5142.328471531005,5520.650732664455,3278.053560071634,8798.704292736089,46.1875,627.9224999999999,2.9080819018106565,5.206301385190438,6.713354762969379,6.59246396931484,6.928177640191407,0.030392562970519066,180.6960906982422,2.682330369949341,0.010999475605785847
176,56,9912,4.892995119094849,1316.3440821170807,70.47502453690926,7047.502453690926,8641.012349260214,174.51850000000002,1418.991395569289,5095.59520805891,5066.644145361308,5575.929083862435,3065.0832653977805,8641.012349260214,59.55,872.5924999999999,2.8379827911385784,5.190811694401622,7.417791849229928,6.580542553047317,7.128122581659665,,,,
177,56,9968,4.8346171379089355,1323.8950049877167,51.80545087961249,5180.545087961249,8168.31992994271,189.50900000000001,2798.26584198146,5128.88436947634,4968.888003786082,5619.43689243481,2548.8830375078996,8168.31992994271,57.574999999999996,947.545,5.596531683962921,5.2852948813702385,8.257020015749564,6.62144557945791,8.079438314162555,,,,
178,56,10024,4.852678298950195,1331.461433649063,68.14703711387752,6814.703711387752,8341.669649315296,228.05,1298.9159379275457,5221.061739757208,5188.854305934783,5218.685927546679,3122.983721768619,8341.669649315296,77.4625,1140.25,2.597831875855091,5.130701532253548,7.113452003127395,6.449519453685616,7.113993745555882,,,,
179,56,10080,5.791395902633667,1340.285353422165,64.99632457665575,6499.632457665577,8660.400294773563,169.3895,1991.3783371079867,5219.8993359164315,5169.790306688392,5318.193614198953,3342.206680574611,8660.400294773563,59.67499999999999,846.9475,3.982756674215974,5.119193801762351,6.54894749112125,6.516471933750559,7.547312599598362,0.00799455214291811,113.52032470703125,2.667780637741089,0.004870751406997442
180,56,10136,4.991012811660767,1348.4071505069733,74.78249170709702,7478.249170709703,9169.517775723834,117.33500000000001,1573.9336050141326,4947.624379595991,4919.792063185143,5964.049621619628,3205.4681541042073,9169.517775723834,40.1125,586.675,3.147867210028265,5.3444645064663465,7.281493829488186,6.696569724132658,7.283803433068,,,,
181,56,10192,4.905282258987427,1355.925686597824,66.32885276454479,6632.885276454477,8430.188226342932,140.256,1657.0469498884527,5166.797070583789,5105.746207284994,5472.834515477498,2957.353710865433,8430.188226342932,45.162499999999994,701.28,3.314093899776905,5.16095639267651,7.495613108087029,6.557204227820544,7.496930788464732,,,,
182,56,10248,5.116220235824585,1363.9826834201813,69.089283244708,6908.9283244708,8727.058840551148,138.0515,1680.0790160803474,5236.402931740649,5200.766334751907,5542.538961739159,3184.519878811988,8727.058840551148,51.32499999999999,690.2574999999999,3.3601580321606948,5.289971620182386,6.483997979248732,6.633028978588443,7.030587060387392,,,,
183,56,10304,5.600451469421387,1372.38955950737,62.772612836665886,6277.2612836665885,8243.930473603832,198.8095,1767.8596899372435,5255.154413635733,5201.508503255602,5215.688625676105,3028.241847927727,8243.930473603832,69.7375,994.0475,3.535719379874487,5.087365536207952,7.63202658484493,6.459292083614073,6.891618067055625,-0.020452996715903282,138.75648498535156,2.6611673831939697,0.005179115105420351
184,56,10360,4.54034161567688,1379.7172331809998,74.75758463317868,7475.7584633178685,9133.504213288918,147.447,1510.2987499710507,4980.761964548303,4957.8455809878615,5948.761360016726,3184.742853272193,9133.504213288918,53.3,737.235,3.0205974999421015,5.384277869220762,6.696087296005185,6.705215749500677,6.9050872512339305,,,,
185,56,10416,4.902449131011963,1387.3119089603424,71.3570495266155,7135.70495266155,9094.63575166914,134.3395,1824.5912990075906,4917.008972951943,4865.311165123875,6035.187386427817,3059.4483652413237,9094.63575166914,43.074999999999996,671.6975,3.649182598015181,5.405513679649481,7.295614571448053,6.727069113325759,7.625785082408058,,,,
186,56,10472,4.956838846206665,1395.1008293628693,71.87404503956957,7187.4045039569555,8657.484912702468,122.785,1347.2954087455114,5151.185055821241,5128.347590216006,5416.1034204172665,3241.3814922852007,8657.484912702468,45.3125,613.925,2.6945908174910227,5.143436188744502,6.86632272281379,6.5185968919141235,6.882245561988879,,,,
187,56,10528,4.863262891769409,1402.808322429657,69.17952165772658,6917.952165772658,8611.315171487931,155.4645,1537.8985057152731,5109.219660697578,5083.378168088308,5621.9151800712225,2989.3999914167093,8611.315171487931,54.15,777.3225,3.075797011430546,5.227690881557444,7.804951100167643,6.611882954193281,6.918789504390974,0.10732096433639526,142.33558654785156,2.637648820877075,0.004397572483867407
188,56,10584,4.541141510009766,1409.8979141712189,73.77219267941528,7377.219267941528,8994.18747749336,130.99399999999997,1485.974209551833,5045.126454185984,5022.877290085698,5764.657586789931,3229.5298907034303,8994.18747749336,48.474999999999994,654.97,2.971948419103666,5.324846781606912,6.630247524142607,6.655330451635446,6.843928282535738,,,,
189,56,10640,4.666706085205078,1417.0886318683624,72.26056168160099,7226.056168160099,8824.068293004348,161.42149999999998,1436.5906248442475,5089.805097929853,5066.159768978792,5673.824657824356,3150.24363517999,8824.068293004348,57.43749999999999,807.1074999999998,2.8731812496884945,5.261051217884518,6.80977453242939,6.622162185857052,6.911876842154261,,,,
190,56,10696,4.555144786834717,1424.3498711585999,60.624171074177546,6062.417107417756,8610.336575164649,144.216,2403.7034677468932,5091.812419871163,5043.770172602415,5686.981363570461,2923.3552115941866,8610.336575164649,57.4625,721.0799999999999,4.807406935493786,5.231254524532739,2.200166489017834,6.629347131104459,6.542260500726024,,,,
191,56,10752,5.255821466445923,1432.5061619281769,75.57101433113182,7557.101433113182,9055.396423955126,132.8155,1365.4794908419435,4857.2715475288705,4835.076825864297,5979.678700510824,3075.7177234443025,9055.396423955126,46.25,664.0775,2.7309589816838864,5.398934863456222,7.154618407771122,6.672205268597997,6.993202637723548,-0.012618987821042538,149.0760955810547,2.608322858810425,0.001582502038218081
192,56,10808,4.563325881958008,1439.6339716911316,69.91992488858023,6991.992488858023,8904.479824385116,134.4325,1778.0548355270942,5110.63743825811,5081.35807106159,5671.08278559937,3233.397038785747,8904.479824385116,52.3,672.1625,3.5561096710541884,5.261924061063921,5.984625805611214,6.63940120993326,6.667846987655799,,,,
193,56,10864,4.718634366989136,1447.053082227707,75.33144913656238,7533.144913656239,9143.683921480846,102.85050000000001,1507.6885078246078,5054.225007196462,5031.8728210224,5862.948899411213,3280.7350220696353,9143.683921480846,38.75,514.2524999999999,3.015377015649216,5.422476711817457,6.678791419095605,6.71122501347355,6.937168087183054,,,,
194,56,10920,4.654883623123169,1454.4174947738647,75.43389114465343,7543.389114465343,9073.992367713032,118.18900000000001,1412.4142532476872,5025.6395113157,5002.832518501702,5801.6298673534675,3272.3625003595625,9073.992367713032,42.9,590.945,2.8248285064953746,5.299061780862115,6.686184179489181,6.654229298008518,7.066778688180766,,,,
195,56,10976,4.847538709640503,1461.8511533737183,72.39884078121163,7239.884078121164,9051.12682480034,160.1825,1651.0602466791759,4950.545381792048,4924.6822210110895,5905.647146037742,3145.479678762598,9051.12682480034,59.1625,800.9125,3.302120493358352,5.357080164991791,6.502775825312785,6.675679772059274,6.713893263896631,-0.04255200922489166,152.51869201660156,2.5893497467041016,0.0008597429841756821
196,56,11032,4.76297926902771,1469.2340948581696,75.25557056665093,7525.557056665094,8945.286842611333,112.81200000000001,1306.9177859462393,5020.254914483346,4997.6044508473915,5675.676696609247,3269.610146002086,8945.286842611333,40.6875,564.06,2.6138355718924786,5.201845527114464,6.769037342579467,6.5825344382007875,7.080617303807542,,,,
197,56,11088,4.701791763305664,1476.5412702560425,74.53348828868351,7453.348828868351,9116.729792651906,132.0195,1531.3614637835558,4999.512294272858,4977.59160859949,5940.204483701955,3176.525308949954,9116.729792651906,47.3375,660.0975,3.062722927567112,5.3701904741193145,6.926822798415408,6.721419666364533,6.915959693538751,,,,
198,56,11144,4.847584009170532,1484.0888843536377,57.3198617231263,5731.98617231263,7937.375657194271,146.8795,2058.509984881641,5148.740017902633,5065.613642649043,5484.001339123019,2453.3743180712536,7937.375657194271,44.35,734.3974999999999,4.117019969763282,5.182302403320224,8.742168284958355,6.547374564382961,7.513435965493471,,,,
199,56,11200,4.4074952602386475,1491.2025818824768,64.77129322530394,6477.129322530393,8631.524164639028,162.86100000000002,1991.533842108633,5118.867754736008,5048.723710182108,5477.958053104083,3153.566111534944,8631.524164639028,60.574999999999996,814.3050000000001,3.9830676842172665,5.185212640698453,6.600175378710198,6.531649174784225,6.669718369830085,-0.004755919333547354,147.61834716796875,2.6166930198669434,0.0010934695601463318
200,56,11256,4.140231370925903,1497.8242990970612,72.94186149464932,7294.186149464933,8828.124196514895,133.0595,1400.878547049963,5165.528393133576,5143.120679782993,5556.939722575298,3271.1844739395974,8828.124196514895,46.3125,665.2975,2.801757094099926,5.243088108130776,6.932810988699074,6.606294799033269,7.015630739129585,,,,
201,56,11312,3.9778923988342285,1504.3410346508026,55.1260721906052,5512.60721906052,8523.695673419557,186.567,2824.521454359037,5108.0438019341,5025.99747427671,5566.7112534345515,2956.9844199850054,8523.695673419557,69.4125,932.8349999999999,5.649042908718074,5.207905189362628,6.1127439631393745,6.579838645312664,6.34128296311122,,,,
202,56,11368,4.020059585571289,1510.8109645843506,71.06495565734454,7106.4955657344535,8571.394324807141,143.0155,1321.8832590726888,5150.8519936052035,5123.869035907172,5492.972494786516,3078.421830020626,8571.394324807141,47.262499999999996,715.0775,2.6437665181453776,5.183218410915735,7.555639073001516,6.560270931956564,7.169825286078422,,,,
203,56,11424,4.045329570770264,1517.4235036373138,68.57822939671638,6857.822939671639,8450.044357513361,189.1565,1403.0649178417211,5190.822705509587,5153.148824328058,5418.462500636038,3031.581856877322,8450.044357513361,62.162499999999994,945.7824999999999,2.8061298356834428,5.175932490477439,7.3946078253147105,6.535920558058362,7.37327624058092,0.1026778519153595,116.82691192626953,2.6513710021972656,0.0022578276693820953
204,56,11480,4.016679763793945,1523.990467786789,73.54183532113896,7354.183532113896,8919.437855818936,133.39000000000001,1431.86432370504,5127.493355832967,5102.85671633715,5630.111146070983,3289.3267097479534,8919.437855818936,48.05,666.95,2.8637286474100803,5.242326451510836,6.756460373284198,6.6250832705392435,6.987693562749622,,,,
205,56,11536,3.9513907432556152,1530.4519083499908,74.17229313273657,7417.229313273659,9001.108547021391,125.0575,1458.8217337477322,5148.469744231854,5120.775038093252,5688.705310520369,3312.4032365010216,9001.108547021391,43.575,625.2874999999999,2.917643467495465,5.254611329939782,6.79753362553502,6.659493004479677,7.1897216242230355,,,,
206,56,11592,3.9805569648742676,1536.9492790699005,71.00558640643067,7100.558640643067,8607.4924948121,155.6195,1351.3143541690329,5152.246287341487,5128.865523236373,5395.449343225881,3212.0431515862174,8607.4924948121,55.824999999999996,778.0974999999999,2.702628708338066,5.155587064810322,6.892460847326045,6.509171001698539,6.864881665632173,,,,
207,56,11648,4.3082170486450195,1543.765569448471,65.86250638657508,6586.250638657508,8382.897281896941,174.42150000000004,1622.2251432394344,5147.02311859329,5113.023228033315,5626.6353745941615,2756.26190730278,8382.897281896941,53.1875,872.1075,3.2444502864788687,5.260459997948724,8.688744663394376,6.641609510049311,7.3083711629258294,0.05952437222003937,129.71755981445312,2.6667864322662354,0.0027931183576583862
208,56,11704,5.773916721343994,1552.2853043079376,72.95160085556824,7295.160085556823,8953.99206356574,171.8635,1486.9684780089174,5122.615631542219,5091.356279227462,5689.984307481895,3264.0077560838463,8953.99206356574,57.375,859.3175,2.9739369560178353,5.299351721176588,7.041379310718433,6.651575296780098,7.279343662862987,,,,
209,56,11760,5.375024080276489,1560.3807265758514,58.503825882000704,5850.38258820007,8351.73758849741,181.048,2320.307000297339,5135.868498829344,5042.003242382486,5542.5019136670235,2809.2356748303864,8351.73758849741,54.9375,905.24,4.640614000594677,5.18153903012,8.426497390881405,6.5802848332216906,7.849102028841031,,,,
210,56,11816,5.38620400428772,1568.589483499527,72.87046891639187,7287.046891639186,9003.264138346305,143.99349999999998,1572.2237467071172,5080.451728388849,5049.250058869973,5741.941982040758,3261.3221563055463,9003.264138346305,50.3625,719.9675,3.1444474934142344,5.33449886737785,6.869034275854219,6.662717445161183,7.146526908676966,,,,
211,56,11872,5.393872261047363,1576.7067410945892,69.72742888850317,6972.742888850316,8573.677375223364,159.30650000000003,1441.6279863730479,5213.931538720792,5189.553357062024,5479.385808782385,3094.2915664409807,8573.677375223364,55.849999999999994,796.5325,2.8832559727460962,5.2174266548763715,7.350546287512919,6.580871471486499,6.882063941811196,0.0048535787500441074,131.12008666992188,2.6773879528045654,0.002841159701347351
212,56,11928,5.4103758335113525,1584.9951150417328,72.00129278284467,7200.129278284467,9155.92037586556,156.463,1799.3280975810949,4931.540707478415,4897.03357478989,6042.686752169127,3113.2336236964343,9155.92037586556,57.349999999999994,782.315,3.5986561951621896,5.454201698141269,6.664532978196603,6.736835944846228,6.83160537318409,,,,
213,56,11984,5.339578151702881,1593.1084477901459,74.70380638093775,7470.380638093775,8976.341568049143,118.05799999999999,1387.9029299553677,5079.444557713777,5057.477440567673,5692.762239607373,3283.57932844177,8976.341568049143,42.8875,590.29,2.7758058599107347,5.24912930257307,6.77437460535348,6.627612805828352,6.959207136060251,,,,
214,56,12040,5.6763083934783936,1601.6727125644684,73.79213366674786,7379.213366674786,8896.573147435967,117.19,1400.169780761181,5116.118147171587,5094.283166232501,5621.047538565084,3275.525608870882,8896.573147435967,42.4125,585.9499999999999,2.800339561522362,5.25244159892535,6.825144881912551,6.613371566662802,6.948483570898219,,,,
215,56,12096,5.380003452301025,1609.9371538162231,71.74432041675884,7174.432041675884,8793.987425889156,130.25850000000003,1489.296884213272,5163.95057911016,5136.228718493876,5570.239235665991,3223.748190223165,8793.987425889156,46.724999999999994,651.2925,2.9785937684265438,5.221516731818336,6.968771056570825,6.606602094669548,7.1028344598166315,0.019452502951025963,145.74673461914062,2.658458948135376,0.0024709508288651705
216,56,12152,5.7273499965667725,1618.6267971992493,68.46865430794051,6846.86543079405,9062.432570609202,131.43,2084.137139815152,5009.535213913625,4972.284306731999,5963.834962105326,3098.5976085038765,9062.432570609202,51.5625,657.15,4.168274279630304,5.442276023449552,5.787074079388292,6.730337051880993,6.653355682110125,,,,
217,56,12208,5.329324960708618,1631.0255906581879,71.73981445041119,7173.9814450411195,9090.502669111655,131.185,1785.336224070535,5065.388660965446,5041.698417137567,6053.445796190362,3037.0568729212923,9090.502669111655,46.65,655.925,3.5706724481410705,5.549013263038642,7.540449065207418,6.806177174902653,6.8649039456106555,,,,
218,56,12264,6.069569110870361,1643.232045173645,73.08110342885163,7308.110342885162,8890.118652545229,123.84450000000001,1458.1638096600661,5085.442001079039,5063.229802759606,5772.65994755811,3117.4587049871207,8890.118652545229,42.9625,619.2225,2.916327619320132,5.317410098090862,7.430431763252232,6.675942100808571,6.944698125196335,,,,
219,56,12320,5.642816066741943,1654.8734602928162,68.4648517557055,6846.485175570551,8756.930367989078,114.533,1795.9121924185283,5208.989526692714,5162.436331787353,5572.538224166777,3184.3921438223033,8756.930367989078,44.237500000000004,572.665,3.591824384837057,5.216063418843167,6.667716017140945,6.629698796186561,6.736780402763123,-0.011241674423217773,122.95024871826172,2.577484369277954,0.005998220760375261
220,56,12376,5.572958469390869,1666.7467052936554,72.9075222933548,7290.75222933548,9121.539309781847,123.01100000000001,1707.7760804463671,5023.03300482422,4999.730577655115,6006.270836072112,3115.268473709735,9121.539309781847,45.412499999999994,615.055,3.4155521608927346,5.508981145717644,7.019734028262882,6.758584457180306,6.765262446554149,,,,
221,56,12432,5.556915521621704,1679.2743971347809,45.98834607511911,4598.834607511912,7818.405172082326,191.187,3028.3835645704144,5057.078810305049,4842.518875177278,5618.285649403742,2200.119522678583,7818.405172082326,70.0625,955.935,6.0567671291408285,5.183437921518907,6.258618951976569,6.577647015193179,6.301593005771724,,,,
222,56,12488,5.723787784576416,1691.0918102264404,49.508393768658635,4950.8393768658625,8494.475646367748,161.173,3382.4632695018845,5170.4526280927785,5080.386070366811,5438.380900455406,3056.0947459123413,8494.475646367748,61.2375,805.865,6.764926539003769,5.18995287894804,6.124266076334327,6.541964045254067,6.150803870387246,,,,
223,56,12544,5.896977424621582,1703.0131855010986,74.67985948865234,7467.985948865235,9141.00540927525,143.679,1529.3404604100147,5008.067316209218,4985.490273794841,6000.857621159432,3140.147788115818,9141.00540927525,50.875,718.395,3.058680920820029,5.49185544318269,7.020274313067659,6.745745650747496,6.9090836210111615,-0.1639460176229477,116.98138427734375,2.5486037731170654,0.00757979229092598
224,56,12600,5.650906085968018,1714.807109117508,73.1619956885682,7316.199568856819,8999.984869531076,141.5475,1542.2378006742574,5224.489596097151,5198.788179981097,5680.041795315816,3319.94307421526,8999.984869531076,49.75,707.7375,3.084475601348515,5.382420926704965,6.777862417211193,6.707950366015393,7.100389095778277,,,,
225,56,12656,5.629184246063232,1725.9372906684875,54.533033452735495,5453.303345273549,8509.866757527425,149.67350000000002,2906.889912253877,5022.576590147279,4904.812478245555,5993.834226914325,2516.0325306131003,8509.866757527425,57.9375,748.3675000000001,5.813779824507753,5.521177611834929,5.202950983906079,6.752715039967778,6.350069261501856,,,,
226,56,12712,5.459002733230591,1738.2566192150116,67.48409835593749,6748.409835593749,8949.48473259006,145.95850000000002,2055.1163969963095,5080.503331635001,5033.318211172891,5854.8375300092275,3094.6472025808325,8949.48473259006,55.68749999999999,729.7925,4.110232793992619,5.324253582000534,6.253795900550254,6.711522525823601,6.6183542222751415,,,,
227,56,12768,5.3180248737335205,1749.5062909126282,72.33736611538484,7233.736611538483,8982.070629165995,152.95700000000002,1595.377017627511,5085.5910651864,5060.6336863250135,5744.561924754709,3237.508704411286,8982.070629165995,56.662499999999994,764.7850000000001,3.1907540352550217,5.307681656358214,6.360369824168872,6.657427183120158,6.8669849852568,-0.08822599798440933,118.56289672851562,2.44986891746521,0.006839206907898188
228,56,12824,5.8546528816223145,1761.1214346885681,69.1674450059718,6916.7445005971795,8924.060436514541,165.55599999999998,1841.7599359173596,5096.924993229246,5059.57288219028,5761.554967043506,3162.5054694710343,8924.060436514541,61.52499999999999,827.78,3.683519871834719,5.295552577262678,5.976145274593896,6.677966661856467,7.087151811828114,,,,
229,56,12880,5.56480598449707,1772.873183965683,68.16779675177592,6816.779675177593,8846.962415686547,140.6825,1889.5002405089535,5121.471780960566,5090.1258199954145,5652.551718824829,3194.410696861719,8846.962415686547,53.55,703.4124999999999,3.7790004810179076,5.267682824152267,6.461991969387174,6.627599615184201,6.610077314751321,,,,
230,56,12936,5.496869325637817,1784.4514563083649,75.63006866299051,7563.006866299051,9417.21399638187,108.27250000000001,1745.9346300828201,4987.163257420985,4963.32973557426,6138.718080353319,3278.495916028551,9417.21399638187,41.724999999999994,541.3625,3.4918692601656405,5.712015295919161,6.449433145215535,6.806950771265186,6.85913743284685,,,,
231,56,12992,5.839015960693359,1796.1985969543457,16.303294179527583,1630.3294179527584,7420.654915665704,147.579,5642.746497712946,5013.481155691438,4697.321010642716,5724.958152592833,1695.6967630728705,7420.654915665704,58.162499999999994,737.895,11.28549299542589,5.264188323017109,4.324244216883317,6.618911179189573,5.47072220618419,-0.1360180377960205,133.6471405029297,2.466273546218872,0.003837408497929573
232,56,13048,5.558529376983643,1807.0334107875824,64.2748174764613,6427.48174764613,8985.516962867461,151.166,2406.869215221331,4930.234614845904,4863.559071794924,6241.074987105485,2744.441975761976,8985.516962867461,57.825,755.83,4.813738430442662,5.760092560705434,5.349264381913284,6.802435116809229,6.6959200065538536,,,,
233,56,13104,5.85734748840332,1819.7005851268768,75.04489771076572,7504.489771076573,9163.423379440574,122.618,1536.3156083640015,5064.108525027048,5040.9624180080555,5855.444123744698,3307.979255695876,9163.423379440574,45.37499999999999,613.0899999999999,3.0726312167280025,5.3812724644592596,6.631992220383566,6.711337817509052,6.927302617165513,,,,
234,56,13160,5.366338491439819,1831.8474040031433,63.31446312950415,6331.446312950415,8920.134736232212,140.14249999999998,2448.545923281798,5153.230467527475,5077.9087645569,5830.67254208633,3089.4621941458818,8920.134736232212,52.9625,700.7125,4.897091846563596,5.398663097074981,6.748363502606031,6.7354991044487695,6.495009367339001,,,,
235,56,13216,5.689958333969116,1843.29771566391,70.70727225420319,7070.72722542032,8794.933180504102,161.28199999999998,1562.9239550837822,5194.582821994837,5170.9346092717715,5685.510809779343,3109.42237072476,8794.933180504102,55.5875,806.41,3.1258479101675642,5.29913113892127,7.232700647670872,6.68671023568398,7.05281779279665,-0.07565485686063766,110.27019500732422,2.4005985260009766,0.0026504043489694595
236,56,13272,6.041226625442505,1854.6592626571655,76.56892873849483,7656.892873849483,9349.943785908612,101.028,1592.0229120591287,5023.65432153448,5001.549742221837,6036.903056611978,3313.040729296633,9349.943785908612,37.8375,505.14,3.1840458241182574,5.629017914774583,6.70230875094358,6.776663214301793,6.941915654162072,,,,
237,56,13328,5.5645833015441895,1865.3704488277435,56.21413909215008,5621.413909215007,8711.606170544317,134.24349999999998,2955.9487613293095,5035.573449844394,4963.2966978905515,5946.59422074075,2765.0119498035665,8711.606170544317,53.55,671.2175,5.911897522658618,5.405973174902961,4.844315186305501,6.7351970027407395,6.296942423705565,,,,
238,56,13384,6.11744236946106,1877.0498406887054,72.50504036785394,7250.504036785393,8970.832189883611,129.97500000000002,1590.353153098219,4993.810670388964,4969.483227542632,6048.185397351703,2922.64679253191,8970.832189883611,41.74999999999999,649.875,3.1807063061964382,5.470477521694474,8.38009576946477,6.756299311658663,7.0736692454502474,,,,
239,56,13440,5.816551685333252,1888.2220313549042,5.0673954131045775,506.7395413104575,7597.751360066795,141.3425,6949.669318756338,5072.271907705868,4732.906578971024,5941.796896188974,1655.954463877822,7597.751360066795,57.3125,706.7124999999999,13.899338637512676,5.446936884593584,2.1177310021455154,6.756540665742961,5.16581037071898,-0.11864480376243591,136.45884704589844,2.4554684162139893,0.010337134823203087
240,56,13496,5.528452634811401,1899.5819635391235,62.215541561992026,6221.554156199204,8588.950114583167,139.09950000000003,2228.296458383962,5107.687158745546,5037.5133991573,5794.771814971367,2794.178299611799,8588.950114583167,49.712500000000006,695.4975,4.456592916767924,5.3226528502395505,8.21158771052358,6.70227922284452,6.652535448375488,,,,
241,56,13552,5.782829284667969,1910.5480995178223,74.68765958730499,7468.765958730499,9076.110506653577,92.22200000000001,1515.1225479230786,5119.520407866625,5098.181448966655,5822.451449050299,3253.659057603279,9076.110506653577,33.35,461.11,3.0302450958461575,5.4235233864343915,7.49256785203035,6.723152352673965,6.884659473479628,,,,
242,56,13608,5.753353834152222,1921.3189671039581,72.51451559512162,7251.451559512163,8857.634703819846,137.52,1468.6631443076826,5198.401415268358,5170.587480461463,5565.622293323919,3292.0124104959277,8857.634703819846,49.15,687.5999999999999,2.937326288615365,5.223290464013081,6.703144539136969,6.622999326764571,7.1602795853603896,,,,
243,56,13664,5.608079195022583,1932.0001394748688,73.8248686101123,7382.486861011231,9061.239056610188,117.01,1561.7421955989566,5213.040091898263,5190.897715074184,5734.098571986835,3327.1404846233518,9061.239056610188,42.7875,585.05,3.1234843911979135,5.350567993266262,6.746277178615887,6.7228439775244055,6.942482429229235,0.024920441210269928,92.37586212158203,2.510051727294922,0.0016386844217777252
244,56,13720,6.087863206863403,1943.0890746116638,74.01657196017004,7401.657196017004,9321.333623437795,136.415,1783.2614274207904,4935.884186740965,4910.125035344021,6265.924728026345,3055.408895411449,9321.333623437795,48.3125,682.075,3.5665228548415806,5.761395263086308,7.704814136545811,6.8164671276249935,6.909570254142201,,,,
245,56,13776,5.5635902881622314,1953.5745050907135,70.81040333988794,7081.040333988794,9016.752252673054,158.9045,1776.807418684259,5079.216539294928,5051.919913687767,5905.98208837041,3110.770164302644,9016.752252673054,56.6875,794.5225,3.5536148373685177,5.479941807290104,7.1708517685675774,6.7437172053784495,6.842268660127216,,,,
246,56,13832,5.309689044952393,1963.8575372695923,70.26821662800782,7026.821662800781,8624.261329136387,151.657,1445.7826663356054,5243.903065126975,5215.447062603998,5490.987421884605,3133.273907251782,8624.261329136387,50.2375,758.2850000000001,2.891565332671211,5.182633350692528,7.45459906683911,6.609588906136884,7.255082808126531,,,,
247,56,13888,5.808249235153198,1974.5576190948486,73.20459747585215,7320.459747585217,9150.393465653564,119.9915,1709.942218068347,4938.591507747631,4912.748382522909,6153.013913221015,2997.379552432548,9150.393465653564,42.71249999999999,599.9575,3.4198844361366945,5.554162986131203,7.630791797061396,6.782075983757518,6.904842006123404,-0.12993153929710388,108.71923065185547,2.3527674674987793,0.0029339175671339035
248,56,13944,5.699077367782593,1986.3014161586761,74.2137179453561,7421.371794535609,9297.093782636563,151.1555,1724.5664881009538,4974.905082422197,4952.04821352703,6126.553253730604,3170.5405289059586,9297.093782636563,54.85,755.7774999999999,3.4491329762019074,5.542195561485177,6.777656162189694,6.788089534493785,6.805856042255692,,,,
249,56,14000,5.395708799362183,1996.2433359622955,73.61345131117812,7361.345131117812,9122.138277492948,149.16250000000002,1611.630646375135,5129.5211283295575,5101.062705458808,5783.884973454403,3338.2533040385442,9122.138277492948,54.150000000000006,745.8125,3.22326129275027,5.308915452044032,6.499221669243467,6.701303973795082,7.1165754249261335,,,,
250,56,14056,5.185441970825195,2006.4341912269592,72.53963547109618,7253.963547109617,9079.20717090271,149.1475,1676.0961237930928,4987.166554767557,4961.561173159835,6098.144547974847,2981.0626229278632,9079.20717090271,51.6125,745.7375,3.3521922475861854,5.6114980177541085,7.562584440917784,6.788995540014314,7.003406660101709,,,,
251,56,14112,5.241481781005859,2016.105584859848,77.5437705730793,7754.377057307929,9440.329119926868,88.8485,1597.1035626189414,4998.879740267968,4977.678617973723,6074.720621239976,3365.608498686894,9440.329119926868,34.8125,444.24249999999995,3.1942071252378827,5.559970369019168,6.482203399227474,6.7739680177463315,6.901124848825008,-0.09967266768217087,117.89456176757812,2.2829949855804443,0.004090260714292526
252,56,14168,5.32575535774231,2025.8032772541046,73.82186860813252,7382.186860813252,9039.316677297782,145.645,1511.4848164845293,4975.233222216418,4942.801567210223,5935.916759639623,3103.3999176581583,9039.316677297782,47.35,728.225,3.0229696329690587,5.361757316528014,7.225427135016841,6.705638049627765,7.390401848446339,,,,
253,56,14224,5.241815090179443,2035.954747915268,72.16536719242663,7216.536719242662,9076.58609855333,158.4045,1701.6448793106697,5010.8575424109395,4983.113257624545,5992.354069305103,3084.23202924823,9076.58609855333,56.5875,792.0224999999999,3.4032897586213395,5.491120858012344,6.900761166874601,6.747866582263282,6.964345775043805,,,,
254,56,14280,5.153696537017822,2045.453227519989,66.78356935708058,6678.356935708058,8918.495163049061,114.4055,2125.732727341003,5078.769005283385,5040.695608085647,5871.294826515213,3047.2003365338496,8918.495163049061,44.075,572.0274999999999,4.251465454682005,5.365303305766565,7.010925189850793,6.7140228528427155,6.595001228777584,,,,
255,56,14336,5.12343692779541,2054.8484852313995,70.99990978749969,7099.990978749969,8762.679185842051,143.612,1519.0762070920805,5210.133265360988,5179.792353703424,5679.919726044956,3082.7594597970938,8762.679185842051,46.1625,718.06,3.038152414184161,5.33753964664682,8.13973439013799,6.692836701775199,7.234300482789463,0.04224000498652458,91.96795654296875,2.234987497329712,0.005500059574842453
256,56,14392,5.059663772583008,2064.2660319805145,65.18073909279245,6518.073909279245,8894.570883430535,142.6925,2233.8044741512904,5043.718337020151,4986.22335069605,5949.726445455955,2944.8444379745793,8894.570883430535,52.787499999999994,713.4625000000001,4.467608948302581,5.398061962293571,7.2525972792976905,6.738825340220004,6.598905876293587,,,,
257,56,14448,5.052651882171631,2073.767889022827,72.61929240751897,7261.929240751898,8916.780370935403,116.96100000000001,1537.8901301835058,5047.859274369825,5024.762276006826,5869.156257290662,3047.6241136447406,8916.780370935403,41.462500000000006,584.8050000000001,3.0757802603670124,5.377506498044651,7.466710878952209,6.704007251673623,6.932261885713726,,,,
258,56,14504,4.870696544647217,2083.1664683818817,77.14766048566867,7714.766048566866,9597.995759407691,109.41449999999999,1773.8152108408253,4967.053356780294,4943.900394535993,6290.837259370142,3307.158500037549,9597.995759407691,42.2,547.0725,3.5476304216816503,5.9341892744965925,6.358266124450294,6.840905428482571,6.876921873559196,,,,
259,56,14560,5.412559747695923,2092.893004655838,76.56290130980207,7656.290130980207,9329.122426364338,127.41750000000002,1545.4147953841284,5053.699242843073,5030.579597272897,6036.086965086934,3293.0354612774036,9329.122426364338,44.9375,637.0875,3.090829590768257,5.569981809616708,6.8401764204510425,6.777219774384813,7.03717740662433,0.013576527126133442,113.41223907470703,2.150195598602295,0.0013867821544408798
260,56,14616,5.166653156280518,2102.417605161667,74.72989373879241,7472.989373879241,9135.082523840967,129.5055,1532.5876499617261,4993.5148621824455,4967.183563584164,6036.404639446377,3098.6778843945895,9135.082523840967,42.3,647.5274999999999,3.0651752999234523,5.482003269846239,7.536107507453337,6.757061392018878,7.187531908333675,,,,
261,56,14672,4.8632519245147705,2112.008724451065,72.72631192569767,7272.631192569767,9263.038749066181,140.6395,1849.768056496416,5129.054310543179,5103.50403810526,5989.105482147315,3273.933266918867,9263.038749066181,52.2125,703.1975,3.6995361129928312,5.62717944384411,6.665960943223027,6.795821950466714,6.718534436787627,,,,
262,56,14728,5.422554969787598,2121.738736152649,74.56562911231302,7456.562911231304,9252.393166576105,118.9525,1676.8777553448006,5103.0958344915725,5080.672838479566,6017.001028655155,3235.3921379209482,9252.393166576105,41.7375,594.7625,3.3537555106896013,5.696063541738275,7.534999215989661,6.809927402416073,6.9434574038145565,,,,
263,56,14784,5.0314860343933105,2131.0588059425354,71.20778808636588,7120.778808636588,9079.628781460862,138.7985,1820.0514728242724,5147.819413887634,5122.994888517565,5789.242486891405,3290.3862945694555,9079.628781460862,52.3375,693.9925,3.6401029456485445,5.417026146995132,6.492159720415484,6.716354677571999,6.695541318884416,-0.09298334270715714,104.63845825195312,2.1671078205108643,0.0029123190324753523
264,56,14840,4.9149463176727295,2140.3480854034424,69.60392308470065,6960.3923084700655,9165.03547504179,105.083,2099.560166571723,5075.729820333248,5038.095947943382,6038.648735884546,3126.3867391572426,9165.03547504179,43.375,525.415,4.199120333143447,5.629365971354233,5.302027779569123,6.80794267741927,6.642292487488474,,,,
265,56,14896,5.033926248550415,2149.6652314662933,77.1547729638311,7715.477296383109,9465.579205080143,122.55799999999999,1627.5439086970334,4975.843683296271,4954.916765488069,6265.197342950358,3200.381862129786,9465.579205080143,42.074999999999996,612.79,3.2550878173940667,5.826308178285971,7.533098156280227,6.8324068834109655,6.938520961114015,,,,
266,56,14952,4.815638065338135,2158.7509891986847,76.40802922776572,7640.802922776571,9459.16546684354,102.6785,1715.68404406697,5001.712154731693,4978.3682896344535,6174.955309112512,3284.2101577310304,9459.16546684354,38.537499999999994,513.3924999999999,3.43136808813394,5.690090506611507,6.6532885988053945,6.822578910178329,6.986274100391301,,,,
267,56,15008,4.9366114139556885,2167.605021715164,74.13365897015697,7413.365897015698,9176.41580925603,117.9225,1645.1274122403338,5006.002778212759,4982.562556572967,6060.439509173788,3115.9763000822427,9176.41580925603,41.599999999999994,589.6125,3.2902548244806678,5.587055983127365,7.854604854210173,6.775458150629707,6.927030475955992,-0.029853252694010735,118.02080535888672,2.162630319595337,0.0012891242513433099
268,56,15064,5.15074610710144,2176.73698759079,74.44804796918774,7444.804796918774,9117.130758166779,120.8475,1551.4784612480044,5075.525905716227,5050.657727932062,5898.212238886583,3218.918519280195,9117.130758166779,41.5,604.2375,3.1029569224960087,5.432848714190772,6.960861873816505,6.740829635277364,7.143067037030632,,,,
269,56,15120,5.133362770080566,2186.0303168296814,71.22334521536176,7122.334521536176,8820.479504000086,153.1785,1544.9664824639112,5250.463393781024,5220.924569719867,5672.795126077384,3147.6843779227033,8820.479504000086,50.35,765.8924999999999,3.089932964927822,5.364672322785324,7.295891385830725,6.716798897513779,7.2602393158467935,,,,
270,56,15176,4.71588659286499,2194.7624986171722,73.56595204797091,7356.595204797091,8919.62803947814,122.833,1440.19983468105,5129.873676763935,5106.002721769972,5719.728224434559,3199.899815043582,8919.62803947814,41.7875,614.165,2.8803996693621006,5.280022400917226,7.14492170693588,6.660751723232489,7.100397163518979,,,,
271,56,15232,4.831449270248413,2203.5104949474335,76.96823310282363,7696.823310282364,9383.078885437038,124.304,1561.9515751546746,4966.732990065122,4945.244779042555,6091.834505872026,3291.2443795650124,9383.078885437038,45.287499999999994,621.52,3.12390315030935,5.555819147995735,6.651745469348888,6.774565434978409,6.941937876566452,-0.21341080963611603,109.26444244384766,2.112931728363037,0.001345362514257431
272,56,15288,4.940711259841919,2212.315390110016,76.3475354702905,7634.75354702905,9342.161291863336,103.44000000000001,1603.9677448342852,5106.689100736362,5084.291397516771,5945.877446922952,3396.2838449403835,9342.161291863336,39.662499999999994,517.2,3.2079354896685706,5.553993765614606,6.463410959349107,6.766425576440391,6.898000724097824,,,,
273,56,15344,4.684289932250977,2220.9540226459503,74.26507498598036,7426.507498598036,9057.752162566063,115.8435,1515.4011639680275,5101.889104676673,5078.16538512414,5798.732315929896,3259.019846636168,9057.752162566063,41.65,579.2175,3.0308023279360548,5.349165552870574,7.068951822611698,6.6916000719485895,6.993724198309591,,,,
274,56,15400,4.633772850036621,2229.878915309906,76.11072024811828,7611.072024811829,9428.071454076686,113.591,1703.4084292648583,4973.623230041843,4952.222616654351,6264.5918982931225,3163.479555783564,9428.071454076686,41.0625,567.9549999999999,3.4068168585297167,5.795598931428659,7.005235443294895,6.838391552424858,6.889850352400795,,,,
275,56,15456,4.742634296417236,2238.810683965683,72.15147294095617,7215.147294095617,8885.490300306465,131.9625,1538.3805062108488,5127.3777014672405,5103.220517651356,5743.17231683498,3142.317983471487,8885.490300306465,46.6,659.8125,3.0767610124216977,5.291953150144925,7.198287094458326,6.686566862419751,6.937224915433175,0.07493527978658676,95.7335205078125,2.1327621936798096,0.0013429553946480155
276,56,15512,5.397955656051636,2248.395404815674,73.37133428151948,7337.1334281519485,9023.941877592311,182.7235,1504.0849494403628,5135.456561571789,5102.361380221827,5714.3841013392885,3309.557776253024,9023.941877592311,63.8625,913.6175000000001,3.0081698988807255,5.27824905003458,6.523208065043377,6.676252736165935,7.274861165508352,,,,
277,56,15568,4.627809286117554,2256.9754843711853,68.09127248420342,6809.12724842034,8537.843761984675,124.1005,1604.616013564336,5330.066526785697,5297.046836822272,5454.194857210988,3083.6489047736886,8537.843761984675,43.0,620.5025,3.2092320271286723,5.232020703114558,7.953437838679535,6.629610366807438,7.0410054800347295,,,,
278,56,15624,4.624357461929321,2265.4982137680054,78.24939679302912,7824.939679302912,9659.9252016828,96.738,1738.2475223798879,5009.023571396135,4988.049901506268,6351.857285792284,3308.067915890516,9659.9252016828,36.5,483.69,3.4764950447597753,6.082720349511582,6.806312063452095,6.870179781964444,6.809550389797794,,,,
279,56,15680,4.970927000045776,2275.0085909366608,78.38244542308735,7838.244542308734,9641.307617318918,88.24600000000001,1714.817075010184,5003.437663439478,4981.535832889079,6290.905225059294,3350.4023922596234,9641.307617318918,34.2125,441.23,3.429634150020368,5.984479467593782,6.549577952104348,6.857168064489804,6.927829005941956,-0.06317109614610672,97.3313217163086,2.0545079708099365,0.0012450056383386254
280,56,15736,4.837228536605835,2283.8885548114777,75.29477206211308,7529.477206211308,9163.509670501728,84.02350000000001,1550.00896429042,5072.358605701558,5049.016102312407,5941.408992078832,3222.1006784228957,9163.509670501728,29.737500000000004,420.11750000000006,3.10001792858084,5.433486259053902,7.134240086089105,6.7509390222320445,7.1129672727776905,,,,
281,56,15792,4.870529413223267,2292.8477776050568,76.63475994315996,7663.475994315996,9380.291491281629,90.3835,1626.4319969656326,5093.349346763771,5071.684941148042,6007.382017499538,3372.9094737820897,9380.291491281629,35.325,451.9175,3.252863993931266,5.6309069403715215,6.5494472347527095,6.786481863449209,6.834675543946533,,,,
282,56,15848,4.983638763427734,2301.8690371513367,76.67286230053281,7667.28623005328,9552.046051990474,114.624,1770.1358219371941,4986.886567810504,4963.829673579607,6239.206376809358,3312.839675181115,9552.046051990474,43.7625,573.12,3.540271643874388,5.711193149469212,6.438158627309737,6.838064253041535,6.867847213374411,,,,
283,56,15904,4.798073053359985,2310.9176926612854,76.98741954529493,7698.741954529492,9398.704714899066,86.4685,1613.4942603695736,5017.660540561219,4996.607943325587,6123.294153799676,3275.410561099391,9398.704714899066,30.6375,432.3425,3.2269885207391473,5.568792049269918,7.482765009107005,6.8009517276766385,6.956701489551061,0.12720303237438202,102.39965057373047,2.045717477798462,0.002146932063624263
284,56,15960,4.8035173416137695,2319.6451601982117,77.07895517682147,7707.8955176821455,9506.628018785024,99.7415,1698.9910011028787,4977.910235636282,4956.159639635069,6181.761308597458,3324.8667101875667,9506.628018785024,38.662499999999994,498.7075,3.397982002205757,5.76338889461399,6.545178124756423,6.820547333662575,6.786357430687205,,,,
285,56,16016,5.317021608352661,2329.1577038764954,75.79543531205377,7579.543531205378,9364.969550171601,127.72700000000002,1657.6990189662242,5095.807928063151,5069.631141603804,6031.152980194911,3333.8165699766905,9364.969550171601,44.14999999999999,638.635,3.315398037932449,5.689889874499436,7.242995970369002,6.816051648952194,7.028543603267445,,,,
286,56,16072,4.902601003646851,2338.200009584427,70.88686864179732,7088.686864179732,8723.979008391518,105.5535,1529.7386442117856,5205.277684082984,5180.615130540869,5669.000747843533,3054.9782605479854,8723.979008391518,33.974999999999994,527.7674999999999,3.059477288423571,5.348184478233364,8.014176805758886,6.690700858708534,7.136082670644675,,,,
287,56,16128,4.802605867385864,2346.925735473633,77.17603582558066,7717.603582558065,9469.244977801245,95.664,1655.977395243181,5089.330096834719,5067.674114467688,6119.3788135998475,3349.8661642013985,9469.244977801245,35.31249999999999,478.32000000000005,3.3119547904863618,5.7436467938503215,6.762537236622011,6.832384916876805,6.98071612689625,-0.012299182824790478,95.39635467529297,1.9197567701339722,0.00550099229440093
288,56,16184,4.342151880264282,2354.8820860385895,78.21148503408853,7821.148503408853,9587.36856729252,90.852,1675.3680638836677,4988.5387292783835,4966.139248966266,6339.753163609733,3247.615403682787,9587.36856729252,31.6375,454.26,3.3507361277673358,6.011465832160124,7.078883180814868,6.859945003008671,7.097659106804879,,,,
289,56,16240,4.094199180603027,2362.394514799118,70.50707802518802,7050.707802518802,8882.426947137741,120.1555,1711.563644618939,5074.596997887958,5048.476011281891,5914.444528940287,2967.9824181974545,8882.426947137741,41.8,600.7774999999999,3.423127289237878,5.466177506052003,8.156775844025848,6.745329264804765,6.891142212200307,,,,
290,56,16296,3.9068551063537598,2369.715911626816,74.1606663632237,7416.066636322368,9232.419648078052,91.14699999999999,1725.2060117556823,5084.289636073746,5061.751266500549,6051.278787744952,3181.1408603330983,9232.419648078052,34.162499999999994,455.735,3.4504120235113644,5.604385012191622,7.185404314216016,6.804569080836943,6.838246699293774,,,,
291,56,16352,4.041018724441528,2377.1809437274933,75.47959660179133,7547.959660179133,9260.140744808705,115.879,1596.302084629571,5023.794521984186,4997.132780977236,6055.621760558412,3204.5189842502923,9260.140744808705,39.15,579.395,3.192604169259142,5.5682770175310985,7.075095119054402,6.786608679463352,7.276200506198184,-0.14068035781383514,107.3336181640625,1.805699348449707,0.006098885089159012
292,56,16408,3.9169487953186035,2384.717241048813,75.61374898134247,7561.374898134245,9312.329371043608,103.6715,1647.2829729093614,5102.300560502597,5080.468447047313,6091.988124607793,3220.3412464358134,9312.329371043608,37.325,518.3575000000001,3.2945659458187224,5.699838323347898,7.1625141042734,6.818760371422679,6.910280157841184,,,,
293,56,16464,4.02763295173645,2392.227659225464,65.30824359577562,6530.824359577562,8673.324595823517,154.011,1988.489236245953,5177.642601102233,5143.832444725862,5840.005635258429,2833.318960565086,8673.324595823517,49.9,770.0550000000001,3.976978472491906,5.425762256672723,8.766627287209992,6.756767276445757,7.0049825102599295,,,,
294,56,16520,3.97091007232666,2399.6690442562103,71.36606267382061,7136.606267382062,9022.245721054504,142.374,1743.2654536724435,5129.277517503224,5104.6801968309455,5891.992906223069,3130.252814831435,9022.245721054504,51.02499999999999,711.8699999999999,3.4865309073448865,5.370657351387343,7.191910771706126,6.756767161067634,6.841647587069522,,,,
295,56,16576,5.684432029724121,2408.9116859436035,74.88666305315715,7488.666305315715,9185.974503325006,115.57849999999999,1581.7296980092906,5064.136610500069,5037.830311182368,6014.707180200952,3171.267323124054,9185.974503325006,39.0625,577.8924999999999,3.163459396018581,5.523271235243075,7.282236243413008,6.77929445440642,7.251699639740385,0.05208861827850342,79.373779296875,1.8968943357467651,0.0018279670039191842
296,56,16632,5.615368604660034,2418.4217536449432,72.94487790761067,7294.487790761066,8993.989083508752,149.51850000000002,1549.9827927476845,5072.127832722563,5047.128115411514,5894.139004442064,3099.8500790666867,8993.989083508752,51.125,747.5925,3.0999655854953696,5.403239344749151,7.171580255203777,6.732393008564545,7.149369689294709,,,,
297,56,16688,5.502276182174683,2427.757529735565,67.67390948447337,6767.390948447338,8778.449797257072,122.2415,1888.8173488097357,5174.806551304589,5131.11960231985,5891.640292125663,2886.8095051314094,8778.449797257072,38.025,611.2075,3.7776346976194715,5.490790117530785,8.380241193166913,6.78060057216246,7.370237149019301,,,,
298,56,16744,5.513127565383911,2437.108151912689,74.73225818932427,7473.2258189324275,9329.768531726211,154.29149999999998,1702.251212793784,4962.090196036734,4934.858650172846,6345.841699960592,2983.9268317656188,9329.768531726211,50.599999999999994,771.4575,3.404502425587568,5.951390911079772,7.559481691841639,6.858241481998591,7.237286515769597,,,,
299,56,16800,5.354974985122681,2446.2123506069183,65.46575245731817,6546.575245731818,9407.89009055995,126.702,2734.6128448281315,4994.38281123854,4878.505366139326,6337.476369505013,3070.413721054936,9407.89009055995,39.15,633.51,5.4692256896562625,5.99972481665326,7.598859888667103,6.866712358729018,7.884271407897671,0.028254712000489235,80.98238372802734,1.843448281288147,0.0026258633006364107
300,56,16856,5.368913888931274,2455.745374917984,73.30379783216702,7330.379783216702,9257.366020686812,143.90200000000002,1783.0842374701097,5038.991860928335,5005.023226273544,6285.715249619635,2971.6507710671763,9257.366020686812,46.699999999999996,719.51,3.5661684749402194,5.984180768833881,7.778119981277515,6.858427695823983,7.2647886917901,,,,
301,56,16912,5.4029271602630615,2464.9387991428375,71.52349966096344,7152.3499660963425,8776.581976798465,136.2375,1487.9945107021217,5198.520634572294,5175.587922499005,5661.951427159294,3114.6305496391706,8776.581976798465,45.4,681.1875,2.9759890214042435,5.266536503860039,7.6117856663376,6.6790902726179695,7.080573281037035,,,,
302,56,16968,5.200953483581543,2474.7439398765564,72.06142316753491,7206.142316753492,9075.311542349926,158.752,1710.4172255964331,5130.272555018788,5106.084812093648,6051.507635937727,3023.8039064121986,9075.311542349926,53.4375,793.76,3.4208344511928663,5.619369871490518,7.931934815512042,6.8232676543200785,6.972052156441042,,,,
303,56,17024,5.778090000152588,2489.772394180298,72.16466809128298,7216.4668091282965,8992.48530360639,156.411,1619.6074944780923,5214.958800084294,5188.617217603454,5810.623303095313,3181.862000511077,8992.48530360639,51.74999999999999,782.0550000000001,3.239214988956185,5.393050500330981,8.166268676324536,6.753719440802441,7.083963681240803,0.08232077211141586,72.56346130371094,1.9253822565078735,0.0016401726752519608
304,56,17080,5.578189849853516,2503.966696500778,70.7582447424937,7075.824474249372,9069.179661059736,150.27100000000002,1843.0841868103648,5145.245118274964,5115.872222525378,6112.34334519082,2956.8363158689153,9069.179661059736,47.9875,751.355,3.6861683736207294,5.72738114213805,8.374942009834212,6.85569360420557,7.14336582620571,,,,
305,56,17136,5.524756193161011,2518.7260551452637,75.96041248316848,7596.0412483168475,9405.169477836487,109.6845,1699.4437295196396,5118.4122854909465,5095.844633919245,5999.291874483586,3405.8776033529007,9405.169477836487,41.6375,548.4225,3.3988874590392792,5.5411840698927435,6.5174207296450115,6.799901672493995,6.891892785083987,,,,
306,56,17192,5.566296339035034,2533.6639676094055,72.66598319912984,7266.598319912984,8904.618869468897,132.2745,1505.7460495559126,5214.297494425391,5188.700646394471,5659.864546025807,3244.7543234430905,8904.618869468897,44.2375,661.3725,3.0114920991118255,5.32054559941641,7.457844206226816,6.686677134738545,7.149667297451983,,,,
307,56,17248,5.413519620895386,2548.0963077545166,69.9853576986046,6998.53576986046,9160.135891403519,121.48400000000001,2040.116121543059,5171.487099447985,5141.280599034655,6056.445132520459,3103.6907588830604,9160.135891403519,44.3125,607.42,4.080232243086118,5.673408322501362,7.538015361377302,6.848386802977432,6.790566005116444,0.011130760423839092,66.77449035644531,1.8310521841049194,0.003625462995842099
308,56,17304,5.5651938915252686,2562.3112173080444,72.24449478282376,7224.449478282376,9150.302541614035,113.48349999999999,1812.3695633316602,5080.415851940291,5053.846359211676,6132.021161136529,3018.281380477507,9150.302541614035,38.575,567.4175,3.6247391266633207,5.777571554347666,8.205918600442656,6.83803641463816,6.974159727894715,,,,
309,56,17360,5.488577842712402,2575.878919363022,73.23502296981741,7323.502296981742,9036.885487324544,126.94900000000001,1586.434190342801,5190.556473425548,5164.171610505923,5789.129631421991,3247.7558559025515,9036.885487324544,41.775,634.745,3.1728683806856024,5.375271319405895,7.410154370431886,6.743700425605715,7.1995987963910855,,,,
310,56,17416,5.461169004440308,2589.8092753887177,77.88491047050934,7788.491047050933,9568.848066708171,86.7955,1693.561519657237,5140.454456196481,5119.319727929715,6098.800220017252,3470.047846690918,9568.848066708171,34.2375,433.97749999999996,3.3871230393144742,5.805609458255189,6.457635864105129,6.843267408081656,6.850918446355337,,,,
311,56,17472,5.8724541664123535,2604.859128713608,68.95795589086303,6895.795589086303,8740.578650345444,144.20499999999998,1700.5780612591407,5250.091768361327,5224.336273496418,5702.218302626052,3038.360347719392,8740.578650345444,48.637499999999996,721.025,3.4011561225182816,5.3385290949726585,8.089302566829298,6.73705411082811,6.986241631016197,0.015820980072021484,67.5769271850586,1.6666617393493652,0.009172082878649235
312,56,17528,5.690190076828003,2618.204557657242,77.53870630231842,7753.870630231841,9495.98941338527,97.4095,1644.7092831534305,5024.622550840344,5003.598683671176,6191.382123567488,3304.607289817783,9495.98941338527,36.099999999999994,487.0475,3.2894185663068605,5.776078988173457,6.790179353225092,6.8303167515471985,6.906631965156754,,,,
313,56,17584,5.782452344894409,2632.090597629547,71.8856312319249,7188.563123192489,9489.614756924106,135.63299999999998,2165.418633731615,5058.749209697095,5019.186363188823,6308.8757901004865,3180.7389668236183,9489.614756924106,50.51249999999999,678.1650000000001,4.330837267463231,6.064916249042279,6.822824834281817,6.878836078578788,6.686145446331021,,,,
314,56,17640,5.903889179229736,2645.8108513355255,73.53443439180917,7353.443439180917,9230.226559566803,144.14050000000003,1732.6426203858855,5126.470709789849,5095.591201835381,6122.635773309087,3107.590786257715,9230.226559566803,47.4875,720.7025000000001,3.465285240771771,5.780685998167361,7.994396163662083,6.846485495355443,7.135827418553949,,,,
315,56,17696,7.248871564865112,2663.524020910263,78.10372415055306,7810.372415055306,9668.372212541728,117.63850000000002,1740.3612974864213,5041.017063673107,5016.303591652395,6363.652009250936,3304.720203290791,9668.372212541728,41.05,588.1925,3.4807225949728426,6.15998528789878,6.88249114284306,6.884478093427475,7.084867595386068,0.09686819463968277,73.32379913330078,1.5530753135681152,0.0006915666162967682
316,56,17752,6.218324422836304,2679.7884423732758,76.50353761246805,7650.353761246806,9552.0039188513,119.328,1782.3221576044962,4999.114822506734,4977.079266561977,6290.114793994991,3261.8891248563114,9552.0039188513,44.2375,596.64,3.5646443152089926,5.909365277054662,6.7633714101313025,6.851310189803598,6.815557070829541,,,,
317,56,17808,6.320298671722412,2695.732896089554,70.38037256216558,7038.037256216557,9015.509065010836,123.382,1854.0898087942783,5194.155248758639,5167.417892079211,6014.82662299708,3000.6824420137546,9015.509065010836,39.7875,616.9100000000001,3.7081796175885566,5.750271623889149,8.562888465997696,6.842958566425431,7.012430149797517,,,,
318,56,17864,6.092559576034546,2710.4764091968536,72.471271223028,7247.1271223028,9072.963928691795,117.09,1708.7468063889974,5128.536371353533,5103.549334114332,6040.590231289739,3032.3736974020576,9072.963928691795,38.625,585.45,3.4174936127779945,5.691313345779603,8.027499502862385,6.826789875180306,7.126000076090976,,,,
319,56,17920,6.261354446411133,2726.1513278484344,74.92005028590873,7492.005028590873,9377.189156753884,124.84650000000002,1760.3376281630112,5097.738068528915,5075.105549065903,6171.8455646191,3205.3435921347836,9377.189156753884,44.3,624.2325000000001,3.5206752563260224,5.800740164186704,7.255693583730285,6.857164918181036,6.94080488747322,-0.003455276368185878,78.3769302368164,1.740106463432312,0.006324859336018562
320,56,17976,6.485323190689087,2741.705741405487,75.0421831497559,7504.218314975591,9329.418701253364,117.816,1707.3843862777728,5095.649640938383,5073.74912708364,6108.784961960703,3220.63373929266,9329.418701253364,40.537499999999994,589.0799999999999,3.414768772555546,5.676276460126231,8.123351503338279,6.831048722612471,6.865636693864458,,,,
321,56,18032,6.714223861694336,2758.3898141384125,76.7368325568244,7673.683255682437,9538.654863260472,105.113,1759.858607578034,5048.170570947661,5026.828114190603,6337.013259201285,3201.6416040591866,9538.654863260472,34.75,525.565,3.519717215156068,6.140775851677909,8.247084460509896,6.885518477124916,6.961177985401365,,,,
322,56,18088,6.228901624679565,2774.8576049804688,71.61324812077396,7161.324812077395,8960.489571061751,144.0105,1655.1542589843561,5146.5030993419305,5119.776069216414,5928.247899365086,3032.241671696666,8960.489571061751,45.475,720.0525,3.3103085179687124,5.467936398587857,8.204711266191154,6.782910252009726,7.253192529446829,,,,
323,56,18144,5.418519020080566,2787.697143316269,64.45154944691087,6445.1549446910885,8875.038393991652,148.85399999999998,2281.0294493005645,5127.946929041813,5081.884371059524,6031.564453947058,2843.4739400445947,8875.038393991652,51.224999999999994,744.27,4.562058898601129,5.6016813725445065,8.414547403370992,6.822201549072084,6.902566253248692,-0.015329457819461823,71.80152893066406,1.7840474843978882,0.0021250706631690264
324,56,18200,5.398789644241333,2800.183390378952,73.7637351266226,7376.37351266226,9122.084454311445,130.3915,1615.319441649186,5220.74565986345,5198.7486922913995,5749.278830890978,3372.8056234204682,9122.084454311445,47.875,651.9575,3.230638883298372,5.376488136845502,6.593461999340068,6.732233647594534,6.902550133716399,,,,
325,56,18256,7.2297961711883545,2814.0697927474976,74.22813795607273,7422.8137956072715,9206.082857882957,140.4735,1642.7955622756845,5070.304895359801,5044.073407251646,6016.592723840925,3189.4901340420315,9206.082857882957,48.5625,702.3675,3.2855911245513685,5.4833046255152,7.019725994572376,6.785105724376385,7.133580642611383,,,,
326,56,18312,6.091654062271118,2827.752845287323,67.32974149786206,6732.974149786205,9297.027062145786,121.1405,2442.9124123595825,5086.00031629531,5032.951889586286,6109.993051656241,3187.034010489546,9297.027062145786,48.025,605.7025,4.8858248247191645,5.726407384960959,6.062759236299488,6.833912680028127,6.543419493885443,,,,
327,56,18368,6.243157863616943,2841.1354219913483,70.31619656868351,7031.619656868352,8915.958891804039,165.923,1718.4162349356898,5129.97413510394,5105.621715340955,5920.534380983934,2995.4245108201067,8915.958891804039,53.62499999999999,829.6149999999999,3.4368324698713795,5.503911037479028,8.612305429720813,6.768367867000135,7.014607345458804,-0.03353368863463402,53.23173522949219,1.876943588256836,0.004395094234496355
328,56,18424,5.467822790145874,2854.3738174438477,68.09292146970098,6809.292146970098,8748.346609219388,138.641,1800.4134622492904,5195.826738374278,5159.659636598333,5816.668692208824,2931.6779170105647,8748.346609219388,45.3875,693.2049999999999,3.6008269244985813,5.426860954874046,8.214389447338794,6.758877600120834,7.15155906164992,,,,
329,56,18480,5.402902603149414,2866.022166490555,71.41143315117776,7141.143315117775,9018.606499029242,119.27949999999998,1758.1836839114678,5190.124920042621,5166.554829675674,5847.4285974766935,3171.177901552549,9018.606499029242,43.625,596.3975,3.5163673678229355,5.421400904827575,7.171868150155718,6.767969962408331,6.816366885764936,,,,
330,56,18536,5.3037989139556885,2878.1423859596252,71.50127543282446,7150.127543282447,9067.287170411593,111.403,1805.7566271291466,5183.4108023755525,5158.347444834072,5832.344390593535,3234.942779818059,9067.287170411593,41.625,557.015,3.6115132542582935,5.46056714809498,6.976853990453841,6.766977310476337,6.794103249368935,,,,
331,56,18592,5.390398740768433,2889.3174719810486,70.5908143691396,7059.081436913961,8854.028337156813,129.41649999999998,1665.5304002428525,5118.43426302287,5093.460732661276,5881.548123407718,2972.4802137490956,8854.028337156813,42.2,647.0825,3.3310608004857047,5.424546943797241,8.290360728235154,6.750899446724662,7.040213269659242,0.03826881945133209,52.36448287963867,1.9623923301696777,0.0007891406421549618
332,56,18648,5.324988603591919,2900.4195199012756,68.25450014910527,6825.450014910526,8651.043835280849,148.3845,1677.2093203703216,5236.375435192855,5202.422716753553,5711.694147434497,2939.349687846352,8651.043835280849,48.349999999999994,741.9225,3.3544186407406427,5.346344766690806,8.304560321084741,6.720535323679533,7.131081632175226,,,,
333,56,18704,5.471395492553711,2911.637200832367,67.55870165397982,6755.870165397981,8739.360341780217,143.35950000000003,1840.1306763822358,5148.781656471258,5112.655853156726,5885.497695299835,2853.8626464803824,8739.360341780217,45.975,716.7974999999999,3.6802613527644716,5.472458783078494,8.474723463790953,6.765189468912057,7.159217141353693,,,,
334,56,18760,4.954696416854858,2922.108733177185,63.261510039752714,6326.151003975272,8444.998842254969,171.471,1947.3768382796984,5206.394055488679,5166.355987835761,5658.256844081174,2786.7419981737953,8444.998842254969,56.3375,857.3549999999999,3.8947536765593975,5.265966622500082,8.689439683677444,6.674856470035022,7.016302593359936,,,,
335,56,18816,5.082336902618408,2932.6756925582886,68.18881845130778,6818.881845130779,8820.481292242748,165.3325,1836.2669471119693,5177.710564852584,5142.0885919193115,5915.966899952318,2904.514392290431,8820.481292242748,49.574999999999996,826.6625,3.672533894223939,5.540830114180525,8.923304717370975,6.788790570009228,7.245398772768749,0.09538203477859497,45.2650032043457,2.016716241836548,0.005135925021022558
336,56,18872,4.96127462387085,2943.1708750724792,73.87863833628055,7387.863833628055,9249.854002440206,113.735,1748.2551688121507,5163.730403226787,5139.972675913392,5906.111395495731,3343.7426069444746,9249.854002440206,44.1875,568.675,3.496510337624301,5.476826005060287,6.3396352654675745,6.776848250148395,6.780394667733044,,,,
337,56,18928,4.928638219833374,2953.8410935401917,64.84529548849589,6484.52954884959,8728.767685975185,167.2675,2076.970637125595,5184.720141804177,5148.607969182525,5880.850238916568,2847.917447058617,8728.767685975185,54.9625,836.3375000000001,4.153941274251191,5.44142675961746,8.75013687870699,6.774848026424037,6.931116281171611,,,,
338,56,18984,5.189216375350952,2964.4078595638275,72.93761541659379,7293.761541659378,9148.987567274,140.87650000000002,1714.3495256146225,5167.058712830369,5144.7488343730065,6001.694512148387,3147.293055125614,9148.987567274,49.150000000000006,704.3825,3.428699051229245,5.672497548559923,7.305661950477381,6.827219682360091,6.902050278499622,,,,
339,56,19040,4.834939002990723,2975.029051542282,58.53841174068995,5853.841174068995,8652.154355479222,125.285,2673.0281814102264,5157.1299431907755,5038.497463520833,5986.800177243364,2665.354178235859,8652.154355479222,49.2375,626.425,5.346056362820453,5.525477176157581,5.944728144488679,6.808573308311255,6.467928720286315,-0.019051412120461464,44.59169387817383,1.892978310585022,0.003769363509491086
340,56,19096,4.898484468460083,2985.5104579925537,63.651425203201086,6365.142520320109,8609.09006347734,157.753,2086.1945431572312,5144.851325908744,5095.25060357074,5917.55366116028,2691.536402317059,8609.09006347734,47.81249999999999,788.765,4.172389086314463,5.479889534149999,8.76096524816158,6.777056600439806,7.334472179821768,,,,
341,56,19152,5.16356086730957,2996.3094186782837,68.14497079616784,6814.497079616784,8932.612942879508,174.16500000000002,1943.9508632627249,5028.134824059473,4983.210194675378,6160.675442904398,2771.9374999751108,8932.612942879508,54.15,870.825,3.8879017265254494,5.767047861885301,8.371897594033664,6.830759487022113,7.425143186142425,,,,
342,56,19208,5.246017694473267,3007.464299440384,71.05081633234138,7105.081633234137,8915.927850766948,130.198,1680.6482175328097,5214.314651937959,5191.410466357405,5788.617389470395,3127.3104612965526,8915.927850766948,46.137499999999996,650.99,3.36129643506562,5.417919382814012,7.399977223437048,6.757512271303311,6.860103572057845,,,,
343,56,19264,5.1179726123809814,3018.08722281456,67.26939874944483,6726.939874944483,8764.880726088511,157.61700000000002,1880.323851144029,5169.31805715152,5132.388142416357,5924.223331545787,2840.6573945427244,8764.880726088511,47.52499999999999,788.085,3.760647702288058,5.526585241236488,8.782995866623999,6.7930359582619095,7.3344667299911634,0.013374452479183674,49.40423583984375,1.877494215965271,0.002765502082183957
344,56,19320,4.956218004226685,3028.5051856040955,62.93375010788368,6293.375010788368,8390.98814273486,166.0805,1931.5326319464907,5297.236639388168,5260.631526141471,5549.290336138815,2841.6978065960443,8390.98814273486,55.4375,830.4025,3.8630652638929814,5.268069804191533,8.498361047338951,6.6746508067612424,6.992885699501977,,,,
345,56,19376,4.86425518989563,3038.642601966858,70.86561419946128,7086.561419946129,9096.109870733519,106.7735,1902.774950787392,5212.652177410009,5186.6370210864925,5778.376657962999,3317.7332127705213,9096.109870733519,41.1375,533.8675,3.8055499015747842,5.389322286077537,6.776910197337056,6.746897196445182,6.726699858529192,,,,
346,56,19432,5.034260034561157,3048.6603569984436,67.1193299393357,6711.93299393357,8758.684471586344,171.2335,1875.517977652774,5230.61862536331,5200.214914522734,5801.773738611133,2956.910732975211,8758.684471586344,55.262499999999996,856.1675,3.7510359553055483,5.4341050314135115,8.771889152926695,6.763074761334506,7.0196651512110275,,,,
347,56,19488,5.0503973960876465,3059.061048746109,65.73227349810035,6573.227349810035,8862.435000198433,154.916,2134.291650388398,5231.256992547086,5166.410218498289,5842.18354727242,3020.2514529260143,8862.435000198433,51.724999999999994,774.5799999999999,4.268583300776796,5.452095262288601,7.7514837939764645,6.783056390004697,7.307997820429898,0.007297371979802847,32.44095230102539,1.8488410711288452,0.0024299498181790113
348,56,19544,4.7449541091918945,3068.769199371338,72.78375789763675,7278.375789763675,9014.324566660804,106.5905,1629.3582768971287,5208.726073266807,5186.669852862749,5827.786588700721,3186.5379779600826,9014.324566660804,37.2375,532.9525,3.258716553794257,5.439892573121644,7.501439140369407,6.771448281985437,6.94715722044137,,,,
349,56,19600,4.975415229797363,3078.8100922107697,60.00531540330945,6000.531540330945,8484.535664458155,194.23650000000004,2289.76762412721,5212.227153798276,5167.663192584684,5750.172880278026,2734.3627841801285,8484.535664458155,62.425,971.1825,4.57953524825442,5.373157696866915,9.055381081558314,6.733641852441825,6.912101793244188,,,,
350,56,19656,4.817662954330444,3088.725864171982,63.0131199910551,6301.31199910551,8529.721667367125,168.5355,2059.874168261616,5210.951474805297,5164.728858921018,5786.742415768118,2742.9792515990075,8529.721667367125,51.75,842.6775,4.119748336523232,5.416368079493458,8.888863023018782,6.75427006178496,7.266341103258483,,,,
351,56,19712,4.828627824783325,3098.4364326000214,69.3666718990707,6936.667189907069,8838.76723662885,127.2365,1774.8635467217825,5108.65618895429,5072.210076527486,5892.24382225949,2946.5234143693615,8838.76723662885,40.46249999999999,636.1824999999999,3.5497270934435656,5.4188278098768805,8.604063941014731,6.743752165173419,7.143994183044102,-0.19558119773864746,40.21442794799805,1.6980739831924438,0.00249030371196568
352,56,19768,4.639758825302124,3108.0329735279083,71.73507893197113,7173.507893197113,8908.542235888443,129.4485,1605.585842691329,5273.975084688074,5251.312353640971,5683.465805372773,3225.07643051567,8908.542235888443,44.9875,647.2425,3.2111716853826584,5.381219116816438,7.360160142103273,6.736891252522727,6.950724122479204,,,,
353,56,19824,4.667841672897339,3117.6709508895874,72.19309210632085,7219.3092106320855,9183.929275035543,130.76600000000002,1833.8540644034574,5096.784059291375,5061.569155980927,6109.99616576953,3073.9331092660127,9183.929275035543,45.525,653.8299999999999,3.6677081288069147,5.673904085232155,7.665472959173579,6.8293547105383245,7.078627912994743,,,,
354,56,19880,5.056045293807983,3127.6591277122498,75.6298336862779,7562.983368627791,9374.12139745108,117.427,1693.7110288232902,5095.04323066421,5073.519439029793,6145.5397674207925,3228.5816300302877,9374.12139745108,41.0625,587.135,3.3874220576465808,5.790574180373351,7.079220477202877,6.84632615387907,6.980608757483304,,,,
355,56,19936,4.564463376998901,3137.2773654460907,61.753775710957974,6175.377571095798,8514.338427921175,154.63600000000002,2184.3248568253775,5239.958047577641,5192.92678235994,5718.062622495538,2796.2758054256383,8514.338427921175,51.7375,773.1800000000001,4.368649713650756,5.351758027904266,8.565497553592701,6.737017294269564,7.01958767390005,-0.11074181646108627,38.5651741027832,1.8244913816452026,0.00480322539806366
356,56,19992,4.591700792312622,3146.911241054535,61.669795723563034,6166.979572356304,8554.236353720356,152.80900000000003,2234.447781364052,5249.799513446892,5202.402691185362,5822.136595155034,2732.0997585653204,8554.236353720356,46.125,764.045,4.468895562728104,5.496156042632125,9.084943383572847,6.792432242190691,7.194869873200791,,,,
357,56,20048,4.859713792800903,3157.066486597061,70.38039866831042,7038.039866831042,9142.866641787274,134.80200000000002,1970.0247749562336,5160.1446049081605,5135.543287099272,6049.248623404244,3093.61801838303,9142.866641787274,47.9625,674.01,3.9400495499124673,5.686005443136301,7.8519065319780905,6.844717918873405,6.7609825581516185,,,,
358,56,20104,4.7107932567596436,3166.780795812607,67.44393953362628,6744.393953362629,8826.367178919343,129.5665,1952.4067255567147,5167.937934519032,5134.942638634606,5845.443714384255,2980.9234645350884,8826.367178919343,43.6,647.8325,3.9048134511134296,5.446966887158323,8.533881167904514,6.76818946495924,6.919498027833311,,,,
359,56,20160,4.759825944900513,3176.6925055980682,71.85048649139921,7185.048649139919,9074.57386495012,120.114,1769.4112158102012,5157.749475588568,5133.655816559949,6037.035067465438,3037.5387974846826,9074.57386495012,39.175,600.5699999999999,3.538822431620402,5.71301018891684,8.39023252646201,6.838950684834215,7.006618350644358,0.08262952417135239,34.34381866455078,1.9133834838867188,0.0020651693921536207
360,56,20216,4.7630040645599365,3186.672833442688,68.28044846673734,6828.044846673734,8810.504108853524,130.6905,1851.7687621797897,5221.442213061595,5190.939311061071,5847.081215061107,2963.4228937924163,8810.504108853524,42.400000000000006,653.4525,3.7035375243595796,5.519536955930203,8.615265535003386,6.787203516895667,7.011706142626944,,,,
361,56,20272,5.269882440567017,3197.4914247989655,72.94845096892335,7294.8450968923335,9143.870461134135,135.0175,1714.0078642418007,5083.249457934329,5060.613418903656,5941.077309328668,3202.7931518054675,9143.870461134135,48.5125,675.0875,3.4280157284836017,5.413689110676108,7.225934192036299,6.7629384595350155,6.80832215711177,,,,
362,56,20328,4.83057713508606,3207.7321503162384,72.2072422998201,7220.72422998201,9032.30389883522,133.6145,1677.96516885321,5225.954249009506,5200.808540510468,5777.286064426796,3255.017834408424,9032.30389883522,47.724999999999994,668.0725,3.3559303377064196,5.423029489001698,6.899588995415139,6.759417154033009,7.030274817029451,,,,
363,56,20384,4.889844179153442,3217.7816779613495,70.88455920117286,7088.455920117287,8846.258762475547,127.672,1630.1308423582614,5244.984646096092,5216.269069371023,5716.252196326937,3130.0065661486105,8846.258762475547,42.8375,638.3599999999999,3.260261684716523,5.3727710171414085,7.623757585410533,6.743489552885961,7.124256353260043,-0.014111101627349854,35.785404205322266,1.7966666221618652,0.0018100602319464087
364,56,20440,4.644003629684448,3227.458967924118,74.10492212203366,7410.492212203364,9401.309655840334,112.26400000000001,1878.5534436369678,5174.2711432498745,5150.2122214637275,6057.725301594818,3343.584354245514,9401.309655840334,42.4,561.3199999999999,3.757106887273936,5.771005167494332,6.674827957992991,6.860872719046178,6.8069196506818574,,,,
365,56,20496,4.729616641998291,3237.4298191070557,76.2390106765159,7623.901067651592,9396.73897962378,132.321,1640.5169119721888,5078.076174872188,5054.0871524365275,6062.53756662422,3334.2014129995605,9396.73897962378,47.1375,661.605,3.2810338239443775,5.6017644194361536,6.660074093636874,6.8109032682409625,7.035222671373133,,,,
366,56,20552,4.055598020553589,3246.077006816864,70.34158466791726,7034.158466791727,8934.042312785614,149.2225,1750.6613459938887,5232.327560003352,5206.695905026425,5802.575207074911,3131.4671057107043,8934.042312785614,52.3125,746.1125,3.5013226919877773,5.40383803290477,7.457456099355762,6.77040583114576,6.900983205970104,,,,
367,56,20608,3.9722049236297607,3254.3311002254486,71.87220323048699,7187.220323048698,8975.542618447764,113.4285,1674.8937953990644,5127.188370590364,5104.230384464485,5865.731229756073,3109.81138869169,8975.542618447764,38.975,567.1424999999999,3.3497875907981287,5.403592035676133,8.29865147725151,6.74699601278593,6.877037489309301,-0.05652518942952156,35.4864616394043,1.7741327285766602,0.004686097148805857
368,56,20664,4.033890962600708,3262.6701657772064,72.37208399897705,7237.208399897704,8990.576746232273,119.8405,1633.5278463345685,5183.56291962057,5159.786770871364,5837.216131195264,3153.3606150370083,8990.576746232273,41.599999999999994,599.2025,3.267055692669137,5.446995396564055,7.504133131154237,6.77069310095988,6.979378535035541,,,,
369,56,20720,3.9344732761383057,3271.0099046230316,72.42026223354534,7242.026223354534,9184.227271456642,95.982,1846.2190481021103,5147.019022842753,5121.616253459141,6063.2336927480355,3120.9935787086083,9184.227271456642,34.650000000000006,479.90999999999997,3.6924380962042207,5.71246188238053,7.86365754228352,6.837795646152714,6.87237783726392,,,,
370,56,20776,4.131464004516602,3279.418098449707,72.19256115891169,7219.2561158911685,9149.945130562544,113.4975,1817.1915146713766,5248.155206501546,5223.491509516945,5797.036427351675,3352.908703210871,9149.945130562544,43.1125,567.4875,3.6343830293427537,5.480464309963535,6.681875120387751,6.777213479235316,6.7782240797150495,,,,
371,56,20832,4.034484386444092,3287.7438690662384,73.22617162477985,7322.6171624779845,9144.101909345918,126.27000000000001,1695.2147468679345,5177.640552863015,5155.749303948226,5963.7541765214555,3180.3477328244644,9144.101909345918,43.474999999999994,631.35,3.390429493735869,5.630207018707601,7.577243054559265,6.82293648002091,6.9290606584568435,0.015615520067512989,35.62367248535156,1.8824037313461304,0.002174270572140813
372,56,20888,4.081153631210327,3296.1626682281494,67.37050002219756,6737.050002219756,8693.78677258197,152.38500000000002,1804.3517703622153,5185.869743454311,5150.398123045528,5790.95082143198,2902.835951149991,8693.78677258197,51.575,761.925,3.608703540724431,5.387339616251472,8.098097796311297,6.740693100436326,7.029955117110772,,,,
373,56,20944,5.636964559555054,3306.306478738785,64.28113424000145,6428.113424000146,8602.777168632205,136.4035,2038.2602446320584,5108.442987476816,5055.798960078344,5907.228886332848,2695.548282299356,8602.777168632205,42.2,682.0175,4.076520489264117,5.4687401940621285,8.64983797010922,6.758654831512993,7.283384028438476,,,,
374,56,21000,5.514540672302246,3316.420379638672,71.36649134875731,7136.64913487573,8900.905950446608,128.3025,1635.9543155708761,5263.183300135992,5233.588682927353,5681.049737428686,3219.8562130179207,8900.905950446608,43.949999999999996,641.5125,3.271908631141752,5.358271524880659,7.396019881335454,6.724471956204544,7.135439142921923,,,,
375,56,21056,5.367807388305664,3326.5989966392517,73.67311899277635,7367.311899277636,9218.76099369739,109.31500000000001,1742.1340944197527,5191.985421718809,5163.793625595803,5973.9143645869835,3244.846629110406,9218.76099369739,37.412499999999994,546.575,3.4842681888395055,5.6187938296105955,7.168736571673292,6.835885400323718,7.15728738777316,-0.024159936234354973,40.9113655090332,1.8730592727661133,0.004170998930931091
376,56,21112,5.421436548233032,3336.701912164688,70.74768652995837,7074.768652995837,8899.637018724005,130.553,1694.3153657281673,5167.131802492298,5141.463396267207,5899.830831404566,2999.8061873194392,8899.637018724005,41.6875,652.765,3.388630731456334,5.52452276079628,8.4322033020301,6.785347259538982,7.079795705457307,,,,
377,56,21168,5.433590412139893,3346.803249835968,68.63952335324794,6863.952335324795,8817.003625576133,127.16650000000001,1825.8847902513398,5197.926641000553,5162.92068201131,5873.201941564236,2943.801684011898,8817.003625576133,41.75,635.8325,3.65176958050268,5.4560482055341115,8.367389911910742,6.780732527370729,7.118894571892064,,,,
378,56,21224,5.57498025894165,3357.0506370067596,69.54636572883258,6954.636572883259,8729.999370181558,123.291,1652.0717972982998,5306.497860568302,5274.045798336279,5587.92951633712,3142.0698538444385,8729.999370181558,40.2625,616.4549999999999,3.3041435945965993,5.307571253727072,8.170058468921225,6.695429939728813,7.102120659711277,,,,
379,56,21280,5.323107004165649,3367.4504764080048,74.13174687927099,7413.1746879270995,9273.041934173045,128.916,1730.9512462459465,5186.791668021702,5156.105388298906,5901.418878649772,3371.6230555232733,9273.041934173045,44.8125,644.5799999999999,3.461902492491893,5.469258428689072,6.813939283022076,6.791646945951074,7.154313152933803,0.047951117157936096,26.38043212890625,1.9544368982315063,0.002828238531947136
380,56,21336,5.74175500869751,3384.744531393051,70.87583793452988,7087.583793452987,8901.722966893354,123.9035,1690.2356734403675,5154.292325314878,5124.776934235658,5884.010731545476,3017.7122353478776,8901.722966893354,39.7,619.5174999999999,3.380471346880735,5.438929108139788,8.355670524569422,6.763906340625413,7.136242299166936,,,,
381,56,21392,5.614066123962402,3401.644239425659,74.48002689628544,7448.002689628544,9183.547524259688,95.49700000000001,1640.0478346311436,5180.699321109949,5159.011781542855,5844.060556622298,3339.4869676373896,9183.547524259688,35.375,477.485,3.2800956692622867,5.452201397908256,6.932539747421118,6.764932332470148,6.902075750472711,,,,
382,56,21448,5.14858865737915,3418.3302431106567,68.96043267796836,6896.043267796836,8636.281846322992,111.391,1628.8475785261573,5278.438460120555,5249.746911217303,5595.655058699838,3040.626787623154,8636.281846322992,36.5125,556.9549999999999,3.257695157052315,5.316063578798863,8.167006277631753,6.6900834894810215,7.111353108893779,,,,
383,56,21504,5.32655668258667,3434.3909487724304,70.08732262919142,7008.732262919144,9060.898305270463,112.86600000000001,1939.300042351318,5190.1429249244575,5160.917079548187,5863.556143012154,3197.342162258308,9060.898305270463,42.2875,564.3299999999999,3.878600084702636,5.451689481092685,7.103054106008274,6.774480092657684,6.799637183221849,0.031007088720798492,24.43849754333496,1.8249554634094238,0.009970818646252155
384,56,21560,5.623237609863281,3451.9223272800446,73.13541320877857,7313.541320877857,9106.684580822792,96.109,1697.0342599449345,5154.2032405258215,5130.23207821,5940.464840209854,3166.219740612937,9106.684580822792,34.1,480.545,3.3940685198898692,5.513820455938557,7.613349914402363,6.795290988787883,6.957610082536272,,,,
385,56,21616,5.456191778182983,3468.3492658138275,73.25236779599155,7325.236779599152,9122.162557434815,116.5695,1680.3562778356604,5158.407801593456,5135.994950031624,5991.3199832765395,3130.842574158274,9122.162557434815,38.425,582.8475,3.360712555671321,5.684557275000403,8.15874988499965,6.82053025290653,6.983832563349411,,,,
386,56,21672,5.3916497230529785,3484.1286981105804,73.97535055584717,7397.535055584719,9216.975835032692,127.68950000000001,1691.7512794479749,5094.60340966335,5071.579605049869,6096.450635023387,3120.5252000093055,9216.975835032692,40.375,638.4475,3.3835025588959495,5.7098997473631,8.32564354353177,6.830328151097662,7.095279354712731,,,,
387,56,21728,5.62952995300293,3499.675746202469,72.33677056060739,7233.67705606074,8955.577801105319,110.20250000000001,1611.6982450445798,5220.804295315431,5195.692443056471,5745.0416124476415,3210.5361886576784,8955.577801105319,38.275,551.0125,3.2233964900891596,5.365453261434615,7.323829311466021,6.737008739008961,7.052265889109317,-0.07122660428285599,30.3439998626709,1.7964930534362793,0.00785330031067133
388,56,21784,5.350757598876953,3515.3495881557465,70.0655381822668,7006.553818226682,8727.86534663795,109.86500000000001,1611.4465284112669,5241.073454535862,5206.185188867746,5679.058112299932,3048.8072343380168,8727.86534663795,35.125,549.3249999999999,3.222893056822534,5.342339380758833,7.973507894169434,6.710119292099081,7.2763632107919864,,,,
389,56,21840,5.73477578163147,3530.6518683433533,71.2556410923315,7125.564109233149,9108.64616461077,135.1645,1847.9175553776192,5067.268038389613,5035.773239190011,6144.899763370249,2963.74640124052,9108.64616461077,42.212500000000006,675.8225,3.6958351107552385,5.725162422967756,8.104823252988732,6.840066940633197,7.410022632523684,,,,
390,56,21896,5.280883073806763,3546.0842707157135,74.90313105503739,7490.313105503739,9179.296331704922,103.10150000000002,1585.881726201184,5057.556407932049,5034.72169571449,6035.638429403464,3143.6579023014583,9179.296331704922,35.087500000000006,515.5075,3.1717634524023675,5.575625734621997,7.331029007361478,6.7873938047029725,7.088496136195758,,,,
391,56,21952,5.731703519821167,3561.5287289619446,69.13624903229729,6913.624903229727,8897.70726993505,114.2205,1869.8618667053202,5154.415515138739,5127.8297185819865,5927.888938096305,2969.8183318387437,8897.70726993505,39.0375,571.1025,3.7397237334106412,5.565418283427537,8.473454270134953,6.790729082509237,6.846517081684198,-0.11915930360555649,35.35203552246094,1.7477120161056519,0.005966776516288519
392,56,22008,5.199218988418579,3577.0699808597565,72.38815581165133,7238.815581165132,9058.34340027628,123.0765,1696.4513191111482,5202.926690879207,5181.0015872496115,5838.913002943867,3219.430397332414,9058.34340027628,44.5625,615.3824999999999,3.3929026382222967,5.463890717616765,7.110440719577769,6.7799456318315094,6.815473051475288,,,,
393,56,22064,5.758660078048706,3591.278438091278,72.9859224641556,7298.59224641556,9332.902528089042,77.7225,1956.587781673483,5087.089507866317,5058.389214053208,6023.9468872122025,3308.955640876841,9332.902528089042,32.875,388.61249999999995,3.9131755633469663,5.523518940104574,6.388102174112584,6.792412817798723,6.717305493413271,,,,
394,56,22120,5.437350511550903,3605.802868127823,74.82771316515274,7482.771316515273,9207.509198058398,73.832,1650.905881543125,5212.762978032927,5191.472846020141,5844.486826627597,3363.0223714308013,9207.509198058398,28.85,369.15999999999997,3.3018117630862496,5.474884793633112,6.849067676295266,6.77943306785635,6.842020951118182,,,,
395,56,22176,5.602110862731934,3621.20943403244,75.42917634473255,7542.917634473254,9236.539355933386,56.1025,1637.5192214601302,5142.757870988963,5120.207100633073,5924.4499648201945,3312.0893911131907,9236.539355933386,20.2625,280.5125,3.2750384429202604,5.487007513503224,7.075739504481132,6.785535575997924,7.096713216889709,-0.04881461337208748,26.677419662475586,1.760599136352539,0.004567911848425865
396,56,22232,5.6167731285095215,3635.2415969371796,72.59112655126225,7259.112655126224,9105.80423343569,95.102,1751.5895783094672,5242.199259348732,5218.524762105813,5826.682783106832,3279.1214503288597,9105.80423343569,35.912499999999994,475.51,3.5031791566189345,5.452424890674313,6.915084115737066,6.7858805206910535,6.8665407964982075,,,,
397,56,22288,5.355850458145142,3649.495175600052,71.37611920793357,7137.611920793357,8937.196423663168,89.2635,1710.3210028698104,5196.82051125305,5172.477879658594,5834.6851758056655,3102.511247857502,8937.196423663168,31.949999999999996,446.3175,3.420642005739621,5.449555773108158,7.986814680128903,6.769770804540992,6.885798670581223,,,,
398,56,22344,5.2993550300598145,3662.973997116089,73.36948037019778,7336.948037019778,8985.58665933775,86.485,1562.1536223179723,5062.707015288293,5036.596753202222,5949.476292610036,3036.1103667277157,8985.58665933775,30.175,432.425,3.1243072446359452,5.42136031319282,7.874696004556569,6.7484224533257855,7.005127860409514,,,,
399,56,22400,5.342148065567017,3676.5170888900757,74.76441868000379,7476.441868000378,9208.589508971112,100.27049999999998,1631.8771409707329,5100.342131913874,5076.062526537009,6029.288805748935,3179.3007032221753,9208.589508971112,32.1375,501.35249999999996,3.263754281941465,5.6260584836640275,7.867373346445297,6.804620125694048,7.160496135258283,-0.11522600799798965,31.491867065429688,1.6262458562850952,0.005506974179297686
400,56,22456,5.4545207023620605,3691.003489971161,71.41414565265738,7141.414565265739,9082.9438992801,88.8905,1852.6388340143626,5232.627650766175,5206.294762303221,5708.751486972267,3374.1924123078343,9082.9438992801,36.4375,444.4525,3.7052776680287254,5.338511877882181,6.361557183680506,6.728498572744764,6.745267655999988,,,,
401,56,22512,5.258447885513306,3704.308741569519,73.11901417745985,7311.901417745985,9014.58258746286,105.61500000000001,1597.066169716877,5267.385745176272,5239.785555681619,5688.77774444137,3325.8048430214913,9014.58258746286,37.699999999999996,528.0749999999999,3.1941323394337546,5.353671908720913,6.928395613932515,6.733085960313011,7.077363249280839,,,,
402,56,22568,5.40838098526001,3718.7788767814636,71.89454134160815,7189.454134160815,9176.495892039706,84.89500000000001,1902.1467578788909,5225.878755675185,5197.759816922793,5817.4962340457205,3358.999657993985,9176.495892039706,35.2,424.475,3.8042935157577817,5.473010922759776,6.308939562214733,6.776082707427891,6.740229244369411,,,,
403,56,22624,5.447853088378906,3731.964839696884,65.34558814516258,6534.558814516257,8572.999234101713,122.79599999999999,1915.6444195854544,5284.369612071161,5233.558175372302,5646.905320757749,2926.0939133439624,8572.999234101713,37.012499999999996,613.98,3.8312888391709095,5.3328048464512054,8.227117160825346,6.7202368418076555,7.597694900375204,0.0535258948802948,20.461929321289062,1.7148059606552124,0.003451266558840871
404,56,22680,5.4604268074035645,3745.3080685138702,70.55805504681581,7055.805504681582,8967.063723502608,105.09600000000002,1806.1622188210272,5265.724719500227,5240.708701521592,5724.91914366216,3242.1445798404484,8967.063723502608,39.6375,525.48,3.6123244376420547,5.397487878254014,7.086445598547331,6.748920044221373,6.771359273911087,,,,
405,56,22736,5.152488708496094,3757.585329771042,74.47477713130928,7447.47771313093,9288.872261892811,76.438,1764.9565487618825,5195.630395528742,5172.442177684353,5893.725031322231,3395.14723057058,9288.872261892811,31.412499999999998,382.19,3.5299130975237656,5.553992750540284,6.466532703298099,6.795625163929794,6.833531432658082,,,,
406,56,22792,5.1828107833862305,3769.8023777008057,71.64649617426537,7164.649617426536,8916.263972368306,88.55799999999999,1663.0563549417698,5237.375512901066,5204.969319468186,5774.116097628714,3142.147874739592,8916.263972368306,30.1375,442.78999999999996,3.3261127098835397,5.391091526061919,7.7329393518224325,6.763055303929628,7.120069270479051,,,,
407,56,22848,4.967495679855347,3782.3160243034363,73.91732693430221,7391.732693430222,9125.147503386961,75.5085,1657.9063099567402,5205.878537018012,5184.2509614075425,5814.222157712053,3310.9253456749084,9125.147503386961,28.925,377.5425,3.3158126199134808,5.406025080634543,7.009825969375853,6.7603247783872025,6.879963308296167,0.012227584607899189,20.92600440979004,1.6866346597671509,0.004090072587132454
408,56,22904,4.866292476654053,3793.9976370334625,73.17963448912131,7317.963448912132,8983.479385384855,78.38900000000001,1587.1269364727236,5286.318506780684,5263.920842751196,5649.532807608051,3333.9465777768046,8983.479385384855,28.775000000000002,391.945,3.1742538729454473,5.332248511440815,7.128534014697869,6.718877829290695,6.953466858932475,,,,
409,56,22960,4.9587578773498535,3805.8112173080444,73.37331208705531,7337.331208705532,9091.018730682043,98.42699999999999,1655.2605219765114,5132.727432001953,5108.4107910849625,5980.5538332657015,3110.464897416341,9091.018730682043,32.125,492.135,3.3105210439530226,5.544095774598029,7.937940031123802,6.802060591540257,7.105996429332436,,,,
410,56,23016,4.935657501220703,3817.7017407417297,75.13794604203878,7513.794604203878,9205.350710024897,73.463,1618.0931058210192,5204.394183044184,5183.104251893181,5826.4858757613,3378.8648342635975,9205.350710024897,28.7625,367.315,3.2361862116420386,5.450969657061084,6.804143650252937,6.768375412300889,6.85867816411059,,,,
411,56,23072,4.810319185256958,3828.6977994441986,74.66768147714612,7466.7681477146125,9199.027007483188,75.61500000000001,1656.6438597685767,5144.878472614033,5122.915652013386,5974.47581818236,3224.551189300829,9199.027007483188,26.5625,378.075,3.3132877195371533,5.531027642699906,7.552700292704831,6.803959577623829,6.995807461227363,0.041436243802309036,21.89984130859375,1.6378865242004395,0.005549496505409479
412,56,23128,4.984348297119141,3841.4533309936523,73.28575373205905,7328.575373205904,9057.722986561595,69.326,1659.8216133556919,5184.499524030214,5162.091223520133,5813.4097927808425,3244.3131937807534,9057.722986561595,26.25,346.63,3.319643226711384,5.421258185886628,7.291676943397813,6.7551018735175505,6.920493587960429,,,,
413,56,23184,4.825814485549927,3853.22026515007,74.92619597284875,7492.6195972848745,9198.46164241391,81.87750000000001,1623.9645451290362,5187.068493765239,5165.166150347949,5870.087710860307,3328.3739315536045,9198.46164241391,30.2125,409.38750000000005,3.247929090258073,5.425853232515621,6.886013919499071,6.77520441519368,6.971764067822958,,,,
414,56,23240,5.067592620849609,3865.7465856075287,74.42353539034468,7442.35353903447,9157.3714186137,80.48349999999999,1634.5343795792319,5237.38948179778,5215.629903386688,5786.866183072139,3370.5052355415623,9157.3714186137,30.2625,402.4175,3.269068759158463,5.418454098589392,6.818925925211625,6.768103802704332,6.968394953133606,,,,
415,56,23296,5.0352942943573,3877.802455186844,74.55666054218516,7455.666054218515,9163.159626852796,60.3635,1647.1300726342806,5171.0599604192485,5149.810724102832,5892.904022173818,3270.2556046789778,9163.159626852796,21.375,301.8175,3.294260145268561,5.4995652943653175,7.774956713540206,6.789366769239186,6.955876413317713,0.03623690828680992,23.34490394592285,1.688745141029358,0.009000163525342941
416,56,23352,5.424734354019165,3890.3116583824158,75.0712508632786,7507.12508632786,9238.068236137313,83.8695,1647.0736498094523,5133.041145680218,5110.527809254484,6001.9881728625305,3236.0800632747814,9238.068236137313,29.487500000000004,419.34749999999997,3.2941472996189045,5.587499742273489,7.4153600661729415,6.806878512014644,6.981713555045096,,,,
417,56,23408,4.925475835800171,3901.504232406616,73.25986762523615,7325.986762523615,9059.737721106416,93.019,1640.7319585828022,5220.009150715194,5198.2833967542265,5842.619537159502,3217.118183946914,9059.737721106416,31.975,465.095,3.2814639171656044,5.505010124469281,7.886037356947391,6.7859045045050275,6.9451845695551855,,,,
418,56,23464,5.091145992279053,3912.5987181663513,72.6229089970975,7262.29089970975,8998.837200495429,107.601,1628.9453007856785,5223.76266877838,5200.702395662991,5794.524974495966,3204.3122259994616,8998.837200495429,36.9875,538.005,3.257890601571357,5.442508075477149,7.54710204959823,6.768273098653698,7.00387019622715,,,,
419,56,23520,5.060567617416382,3923.955899000168,74.29359503174821,7429.359503174821,9136.158219932706,74.8845,1631.9142167578846,5209.155431891213,5187.951062377859,5830.6984007088695,3305.4598192238363,9136.158219932706,28.512500000000003,374.4225,3.2638284335157692,5.4344477766203365,7.042573136741429,6.7738278244347185,6.856620339205768,-0.04886085167527199,23.705381393432617,1.6612526178359985,0.0036833223421126604
420,56,23576,4.774974584579468,3934.9357240200043,74.36544278489546,7436.544278489548,9136.938736303848,91.785,1608.6094578142995,5170.140901196895,5146.087078690642,5869.065644084374,3267.8730922194723,9136.938736303848,32.2625,458.92499999999995,3.217218915628599,5.439032034054214,7.134451781585598,6.765370790169965,7.069215859781207,,,,
421,56,23632,4.9556262493133545,3946.4262359142303,75.75516530596516,7575.516530596515,9322.562527731872,75.1815,1671.8644971353579,5147.554429404401,5124.5313981945355,6020.909521039194,3301.6530066926784,9322.562527731872,27.037499999999998,375.9075,3.343728994270716,5.659388502917435,7.080820646607752,6.825398669327719,7.043027542337321,,,,
422,56,23688,4.983860969543457,3957.3806178569794,74.05345339720097,7405.3453397200965,9058.570640581049,74.809,1578.416300860952,5188.967683521563,5165.926288598887,5776.677553544547,3281.893087036501,9058.570640581049,27.1,374.045,3.1568326017219044,5.401377782999338,7.163312409841411,6.74035647538169,7.0078208729664135,,,,
423,56,23744,4.925234079360962,3968.0533809661865,73.71262602129036,7371.262602129037,9105.194225076011,102.24600000000001,1631.6856229469731,5182.328397716528,5160.50692061951,5859.455657009392,3245.7385680666175,9105.194225076011,35.3,511.22999999999996,3.2633712458939463,5.4898496839707684,7.797132510100951,6.774121648885521,6.943985469466433,-0.020202532410621643,23.151023864746094,1.6910920143127441,0.003949917387217283
424,56,23800,4.726325035095215,3978.6502039432526,72.09069716325455,7209.0697163254545,9019.481068520834,102.75200000000001,1707.65935219538,5226.027409320677,5198.1416282989485,5882.363391547187,3137.1176769736467,9019.481068520834,35.387499999999996,513.76,3.4153187043907605,5.528436688734289,7.762195637000901,6.805416684737675,7.033932236387107,,,,
425,56,23856,5.0364830493927,3989.6190226078033,75.2010635646961,7520.10635646961,9232.526481807765,65.9015,1646.5186253381557,5193.082770729763,5171.563151473157,5880.010887234848,3352.5155945729175,9232.526481807765,25.25,329.5075,3.2930372506763113,5.514491858285816,6.970597771330861,6.791122122668938,6.908271919525784,,,,
426,56,23912,4.578777551651001,4000.3710629940033,75.4075140336194,7540.751403361941,9269.620249834847,63.784000000000006,1665.0848464729065,5197.628222320804,5175.594772036309,5904.339512644194,3365.280737190653,9269.620249834847,23.525,318.91999999999996,3.330169692945813,5.500496736623876,7.0660893066111905,6.8001815144662645,6.995975611819168,,,,
427,56,23968,4.9749555587768555,4011.077990293503,76.18923158322033,7618.9231583220335,9283.633958948165,69.6975,1595.0133006261315,5114.552031305668,5091.001185612036,5929.397404922542,3354.2365540256233,9283.633958948165,24.7625,348.48749999999995,3.1900266012522627,5.480877187956421,7.030396299709291,6.773998828473162,7.106512123542303,-0.08781355619430542,24.55694007873535,1.7426925897598267,0.007560108322650194
428,56,24024,5.970338344573975,4023.41597032547,73.96168652723155,7396.168652723154,9148.754627499015,101.5325,1651.0534747758593,5118.623293705796,5093.658219240502,5981.736897467612,3167.0177300314017,9148.754627499015,35.787499999999994,507.6625,3.3021069495517184,5.568740897289745,7.374427761179298,6.800086409446291,7.005686671409364,,,,
429,56,24080,5.557956695556641,4036.5280151367188,76.38368302755535,7638.368302755534,9319.637052437396,57.5125,1623.7562496818596,5143.024472611095,5121.637508074167,5940.544748421362,3379.0923040160324,9319.637052437396,22.4625,287.5625,3.2475124993637197,5.531219423550856,6.853233261251661,6.789297446583537,6.973996040808048,,,,
430,56,24136,4.659196376800537,4048.028973340988,71.5846091005731,7158.46091005731,9075.66499237943,76.295,1840.9090823221204,5106.123404947937,5070.00685128018,6078.197781513004,2997.4672108664263,9075.66499237943,24.575,381.475,3.681818164644241,5.640486127553444,8.002291228747831,6.827700814891423,7.223093023236868,,,,
431,56,24192,4.939993381500244,4059.342391729355,73.64566341402974,7364.566341402973,9091.373336651774,84.60050000000001,1642.2064952488004,5214.473295364284,5183.569828165515,5847.114706615491,3244.2586300362823,9091.373336651774,28.25,423.0025,3.284412990497601,5.502059815675697,7.43462721489365,6.786247055547676,7.2276965091471785,-0.06485772877931595,24.234046936035156,1.7459311485290527,0.00681845098733902
432,56,24248,4.9282073974609375,4070.2593924999237,73.92365155512766,7392.365155512767,9025.560053365176,55.7715,1577.4233978524092,5220.447562798474,5194.662513376953,5729.66833620348,3295.8917171616963,9025.560053365176,19.525,278.85749999999996,3.1548467957048185,5.350915448451222,7.225537836135401,6.727637089803709,7.152717178802405,,,,
433,56,24304,4.608719825744629,4080.988767385483,68.33474499867381,6833.474499867381,8710.61147478706,97.8015,1779.3354749196797,5221.160133066418,5180.580620350154,5721.94977938519,2988.6616954018714,8710.61147478706,31.2875,489.0075,3.5586709498393603,5.376012263531746,8.10415452479477,6.728871466535364,7.268828890240237,,,,
434,56,24360,4.564736604690552,4091.086585044861,73.073150651502,7307.315065150201,9001.07254020521,102.04050000000001,1591.7169750550092,5153.250455216839,5131.5691505301265,5807.038197139832,3194.0343430653784,9001.07254020521,37.012499999999996,510.2025,3.1834339501100186,5.37081486720705,7.049193395738706,6.736098528178952,6.921668813723305,,,,
435,56,24416,4.779913425445557,4101.668574810028,66.21170067557647,6621.170067557648,8596.68677031955,99.73250000000002,1875.7842027619022,5207.552175669487,5160.66580516789,5724.5660114794755,2872.120758840074,8596.68677031955,29.2625,498.6625,3.7515684055238037,5.340100293868573,8.487640140242865,6.715804696114868,7.4701783636493655,0.0822410061955452,15.651519775390625,1.7914432287216187,0.006535515189170837
436,56,24472,4.0880351066589355,4110.8937385082245,67.21083361741526,6721.0833617415265,8514.604763349198,110.60749999999999,1682.9139016076715,5306.262691575075,5269.365336818451,5543.877510122214,2970.727253226984,8514.604763349198,34.8625,553.0375,3.3658278032153426,5.284998434118221,8.542856816529415,6.67098528238474,7.147349756724501,,,,
437,56,24528,3.9293296337127686,4119.823901414871,74.14921170458904,7414.921170458903,9099.893137429604,91.91250000000001,1593.0594669707016,5237.205465274566,5213.201262769846,5753.738920692156,3346.154216737449,9099.893137429604,32.425,459.5625,3.186118933941403,5.42117585280534,6.963038644035244,6.744781619613415,7.065295959016879,,,,
438,56,24584,3.9466702938079834,4128.769862651825,73.22592694899453,7322.592694899453,9045.444102806414,74.58200000000001,1648.2694079069613,5163.252026620098,5139.052586945912,5921.164042223871,3124.2800605825432,9045.444102806414,23.862499999999997,372.90999999999997,3.296538815813923,5.530191752565763,7.887973016750734,6.793305793938189,7.172824237619766,,,,
439,56,24640,3.9813551902770996,4137.832803964615,75.08122844707772,7508.122844707773,9156.740219646124,74.41300000000001,1574.204374938352,5193.5715587237055,5167.891091615665,5798.42764504009,3358.3125746060346,9156.740219646124,26.2125,372.065,3.1484087498767037,5.437521638741387,6.935133841622277,6.744414841889289,7.20352605752967,-0.06291904300451279,14.843360900878906,1.6707124710083008,0.015568532049655914
440,56,24696,3.883026361465454,4146.779505968094,73.47003605373952,7347.003605373951,9051.328926139047,99.876,1604.4493207650962,5252.985890140905,5228.07837633633,5728.549712683936,3322.7792134551105,9051.328926139047,35.1,499.38,3.2088986415301926,5.412628504330799,7.036730993154539,6.747982543791991,7.064636243408943,,,,
441,56,24752,4.08265495300293,4155.944930791855,74.43551113242268,7443.551113242267,9233.494736234243,74.1265,1715.8171229919753,5153.11126828667,5131.263865806565,5938.199746922928,3295.2949893113146,9233.494736234243,28.950000000000003,370.6325,3.4316342459839504,5.528324383059047,6.970424785854538,6.797520149734813,6.835335765221507,,,,
442,56,24808,5.356960296630859,4166.788507938385,73.07726454285445,7307.726454285445,8988.46520126974,66.301,1614.4377469842952,5217.772457841634,5189.795116986425,5789.37843911647,3199.0867621532707,8988.46520126974,22.5625,331.505,3.228875493968591,5.429254686137415,7.627404455023683,6.756632729663793,7.116691407603304,,,,
443,56,24864,5.331582307815552,4177.476076126099,74.83407251238276,7483.407251238275,9231.430685284698,72.777,1675.2464340464217,5232.235501842778,5210.4516422401375,5809.566132859528,3421.8645524251706,9231.430685284698,29.05,363.885,3.350492868092843,5.465489891933067,6.619850828957247,6.772966500044423,6.898506192363265,-0.006870174780488014,14.384310722351074,1.496534824371338,0.0211950670927763
444,56,24920,5.41047477722168,4188.459509849548,75.9125030533302,7591.250305333019,9379.964268218715,80.11250000000001,1708.6014628856958,5181.756106390894,5159.910199151103,6026.801900775423,3353.162367443293,9379.964268218715,29.0375,400.5625,3.4172029257713916,5.750411799030829,6.997937955847405,6.8448975643518155,6.980550003746572,,,,
445,56,24976,5.372243404388428,4199.309973239899,74.72043687191454,7472.0436871914535,9266.81797394434,87.85249999999999,1706.921786752886,5192.337668144843,5170.763990459955,5903.433329140276,3363.3846448040636,9266.81797394434,33.4625,439.2625,3.413843573505772,5.485460029805752,6.8529286832409895,6.798725384730646,6.853052262071929,,,,
446,56,25032,5.359055995941162,4210.374740600586,76.84800066269571,7684.80006626957,9445.467569472705,83.50800000000001,1677.159503203136,5075.860249575892,5053.232842927566,6124.950661655699,3320.5169078170065,9445.467569472705,31.525,417.53999999999996,3.3543190064062722,5.6906440108698355,6.727213963636644,6.832225472852739,7.03687356792464,,,,
447,56,25088,5.4019694328308105,4221.305329084396,75.98697866007333,7598.697866007335,9316.1187750526,77.997,1639.423909045266,5124.555950848647,5101.989672578624,5968.8173858485125,3347.301389204088,9316.1187750526,28.450000000000003,389.985,3.2788478180905325,5.489241965146158,6.937688098518352,6.7906018186574295,7.0184781070705355,-0.07786508649587631,20.39463996887207,1.5231223106384277,0.004371597897261381
448,56,25144,5.706346750259399,4233.514235258102,74.63233497851917,7463.2334978519175,9233.956237127564,72.8625,1697.860239275646,5168.295165096012,5145.1990715110505,6030.855868371273,3203.1003687562898,9233.956237127564,25.875,364.3125,3.3957204785512927,5.734920915876215,7.584896285274886,6.839981432349508,6.974238570815978,,,,
449,56,25200,5.748581886291504,4251.014994382858,71.89196091329305,7189.196091329303,9166.223388649414,90.352,1886.6752973201112,5256.57796012683,5228.770825137026,5830.274645271804,3335.948743377611,9166.223388649414,36.675,451.76,3.773350594640222,5.513520332416172,6.359425136482475,6.799057745910468,6.741167383505265,,,,
450,56,25256,5.340308904647827,4266.708245277405,74.45137905887577,7445.137905887577,9244.374545728051,110.37150000000001,1688.865139840474,5228.254131707779,5206.862591576912,5884.529791436384,3359.8447542916683,9244.374545728051,41.0625,551.8575000000001,3.3777302796809474,5.490466120966674,6.739053826940663,6.807131386129207,6.8334222556747575,,,,
451,56,25312,5.980050325393677,4284.362362146378,73.58024313359624,7358.024313359622,9048.695209678026,94.93950000000001,1595.7313963184035,5269.708256829472,5242.655213183574,5723.210801250539,3325.4844084274882,9048.695209678026,32.1125,474.6975,3.1914627926368073,5.404296137227533,7.095533376918835,6.7467774280061406,7.229855677046716,0.05345110595226288,15.157933235168457,1.6263643503189087,0.004795538727194071
452,56,25368,5.602423667907715,4303.65988612175,74.80974750891453,7480.9747508914525,9375.500197988113,109.67600000000002,1784.8494470966598,5146.5128243013605,5124.627810505022,6133.613596101032,3241.8866018870795,9375.500197988113,39.8,548.38,3.569698894193319,5.85345110984456,7.220559024787894,6.860189617745557,6.832047117947334,,,,
453,56,25424,5.538510322570801,4321.919456958771,69.00215597248425,6900.215597248425,8897.260471597489,119.32050000000001,1877.7243743490626,5238.3443724392955,5195.707711234482,5828.282249051525,3068.978222545964,8897.260471597489,40.400000000000006,596.6025,3.755448748698125,5.53397306905245,7.655064628207338,6.7899531183901916,7.208788928444571,,,,
454,56,25480,5.598678827285767,4338.252207279205,72.27998351869812,7227.99835186981,9205.864095195431,86.134,1891.7317433256208,5155.828671768735,5131.837316217987,5943.479621598358,3262.3844735970733,9205.864095195431,33.475,430.66999999999996,3.7834634866512413,5.509182439486791,7.1229149542492065,6.8001000086002295,6.745223094304265,,,,
455,56,25536,5.595439910888672,4354.275854587555,68.85382260007552,6885.38226000755,8953.25328975366,122.236,1945.6350297461106,5289.297537261544,5258.936927426609,5653.8479255631055,3299.405364190555,8953.25328975366,47.3125,611.18,3.8912700594922214,5.307479930681147,6.4436555552474015,6.721962089948639,6.675675170925715,-0.08865352720022202,13.871048927307129,1.5509878396987915,0.006660940125584602
456,56,25592,5.8496222496032715,4371.396724939346,71.59949227412358,7159.949227412359,9152.354851234679,99.48250000000002,1892.923123822319,5247.774299176017,5222.304443693614,5847.428807988063,3304.9260432466144,9152.354851234679,37.775000000000006,497.4125,3.7858462476446375,5.4979842590646815,7.041235163789452,6.801666300031842,6.77364345242109,,,,
457,56,25648,5.565361499786377,4388.614869594574,74.09284585666114,7409.284585666115,9187.955468309388,109.12,1669.5508826432729,5300.212195079029,5277.369975966976,5754.035145504597,3433.920322804793,9187.955468309388,40.387499999999996,545.6,3.3391017652865456,5.504598424446001,6.629813363305997,6.787385952879711,6.940487879689987,,,,
458,56,25704,6.100069046020508,4405.027841091156,74.40717856979884,7440.7178569798825,9171.222784528409,80.9265,1649.5784275485262,5231.826593616773,5210.022503703465,5848.1687738234505,3323.054010704959,9171.222784528409,29.625,404.6325,3.2991568550970527,5.487284019467908,7.157031363187406,6.787271795577955,6.923313755614457,,,,
459,56,25760,6.2686474323272705,4422.098858594894,74.86281371116488,7486.281371116487,9198.102315116383,86.7585,1625.0624439998965,5226.728252903322,5203.994174580471,5810.143701073833,3387.958614042551,9198.102315116383,32.887499999999996,433.7925,3.2501248879997933,5.494633897518199,6.739833405240348,6.773508664979411,6.915982104350627,-0.07282592356204987,11.845444679260254,1.4431532621383667,0.008642573840916157
460,56,25816,5.83648943901062,4439.8127336502075,76.1686385318902,7616.86385318902,9423.112301028003,83.9195,1722.3289478389834,5194.77862453498,5173.331933775783,5978.571930769438,3444.5403702585663,9423.112301028003,32.2375,419.59749999999997,3.444657895677967,5.679531238405861,6.70288384304958,6.837560588890152,6.879939018826333,,,,
461,56,25872,5.696021795272827,4456.560534477234,73.87569044845873,7387.569044845874,9105.789420594305,74.1945,1644.0258757484323,5299.359749964229,5277.91426764736,5719.584993771811,3386.2044268224945,9105.789420594305,28.2375,370.97249999999997,3.2880517514968646,5.404173596957658,7.018633981852862,6.76443927464855,6.867026725952578,,,,
462,56,25928,6.723495006561279,4474.407595157623,74.56754959017078,7456.75495901708,9209.445508364315,88.408,1664.282549347236,5218.034052286865,5196.532687261139,5852.276857634872,3357.1686507294444,9209.445508364315,32.1625,442.03999999999996,3.328565098694472,5.486159102496606,7.037819457519979,6.792929003230946,6.940626998044457,,,,
463,56,25984,7.49904203414917,4496.478109836578,74.70520952081236,7470.520952081237,9313.628619782698,87.167,1755.9406677014622,5258.479116121677,5236.502653123653,5853.641774671922,3459.9868451107764,9313.628619782698,34.4625,435.835,3.511881335402924,5.472981322383463,6.570382845646134,6.808049216871071,6.811675426649204,-0.08733091503381729,15.458361625671387,1.3743557929992676,0.00500316359102726
464,56,26040,6.862821817398071,4515.459921836853,71.2076154649248,7120.761546492481,9331.300219017026,107.6945,2102.844172524546,5229.941713241512,5196.69230728289,6004.4059568666,3326.8942621504275,9331.300219017026,41.7875,538.4725,4.205688345049092,5.8024409154421175,6.622716745124201,6.8597919453025655,6.696632635563192,,,,
465,56,26096,6.163363456726074,4534.241305351257,72.76337924460466,7276.337924460466,9115.571840543284,92.19,1747.0439160828182,5198.489292361137,5174.262795453029,5995.517570140699,3120.0542704025847,9115.571840543284,30.5625,460.95,3.4940878321656363,5.6436188428083875,7.873938724366433,6.8430042014407775,7.067100725815045,,,,
466,56,26152,6.51548957824707,4551.837352752686,71.75726305544048,7175.726305544048,8922.281133303413,93.49800000000002,1653.0568277593661,5281.095714237943,5257.385526470473,5705.972358736572,3216.3087745668427,8922.281133303413,32.975,467.49,3.306113655518732,5.352221852062641,7.733133737538715,6.74937062300369,6.940372932796334,,,,
467,56,26208,6.271653413772583,4569.511294603348,75.10991837912009,7510.991837912008,9332.553795282682,102.28400000000002,1719.2779573706725,5224.122000786576,5202.530328397237,5928.216190617168,3404.3376046655144,9332.553795282682,38.075,511.41999999999996,3.4385559147413454,5.587431025427385,6.6778871631776076,6.824763095136881,6.906153013653195,-0.06813406944274902,13.811153411865234,1.44009268283844,0.009081103838980198
468,56,26264,6.113713502883911,4587.88846206665,67.58547996785754,6758.547996785754,9039.463205198277,98.29250000000002,2182.6227084125258,5248.997216310761,5207.739413226174,5852.009183026886,3187.4540221713924,9039.463205198277,40.824999999999996,491.4625,4.365245416825052,5.504735347730103,5.69889898466875,6.802647895837887,6.639659823273631,,,,
469,56,26320,5.140822410583496,4603.551176071167,74.3441665243887,7434.416652438868,9144.575978690895,76.09850000000002,1634.0608262520268,5315.46359992523,5294.069191857015,5651.8425549657695,3492.733423725126,9144.575978690895,30.550000000000004,380.49249999999995,3.2681216525040533,5.335567714392246,6.594634988022389,6.737273560192946,6.833793774392062,,,,
470,56,26376,5.184566020965576,4618.40638923645,73.91932984331824,7391.932984331823,9185.585214867595,112.57500000000002,1681.0772305357714,5253.367465399911,5231.178592388478,5758.832400648643,3426.752814218952,9185.585214867595,42.03750000000001,562.875,3.362154461071542,5.384690763138334,6.688815438311793,6.759164342649803,6.864236278899115,,,,
471,56,26432,5.173840522766113,4633.213438272476,75.19407191722598,7519.407191722599,9417.312712771152,85.267,1812.638521048553,5150.783761474925,5127.303293203819,6021.299669427117,3396.0130433440354,9417.312712771152,34.425000000000004,426.335,3.6252770420971063,5.584833861485069,6.457349092860856,6.823882166138196,6.818085136948328,-0.024630827829241753,11.575751304626465,1.5891920328140259,0.004118771757930517
472,56,26488,5.1708879470825195,4647.277928113937,75.31972681963633,7531.972681963633,9371.984856999727,90.738,1749.2741750360935,5172.257215027986,5150.469296813557,6008.796966687132,3363.1878903125935,9371.984856999727,35.3,453.69,3.498548350072187,5.6965179936018036,6.602486079301605,6.836711504816362,6.8315435998270475,,,,
473,56,26544,5.106748342514038,4660.981226205826,73.92018220329668,7392.018220329667,9177.530099166426,103.4155,1682.0963788367585,5195.657117168012,5173.319170846351,5899.25622972507,3278.2738694413556,9177.530099166426,37.2875,517.0775,3.364192757673517,5.480648012954324,7.019817910057624,6.8013652364795165,6.948367062895204,,,,
474,56,26600,5.312835216522217,4674.263181447983,69.30755776751087,6930.755776751087,9021.205528119734,96.4745,1993.975251368647,5236.718204801586,5201.356056991584,5780.119423861151,3241.0861042585834,9021.205528119734,39.475,482.3725,3.987950502737294,5.396674385392728,6.083601685222819,6.763935224672361,6.730128317849851,,,,
475,56,26656,5.0466179847717285,4688.141759634018,72.39694678752716,7239.694678752716,8954.20556704138,99.29150000000001,1615.2193882886631,5261.260327977441,5236.909649901227,5708.917713571793,3245.287853469585,8954.20556704138,36.175,496.4575,3.2304387765773264,5.416746725239549,7.05196493248713,6.742031135884477,6.941761411282682,0.03465825319290161,11.073280334472656,1.7431915998458862,0.011899956502020359
476,56,26712,5.153286933898926,4701.822508096695,72.61498555404728,7261.498555404727,9228.700209906367,92.409,1874.792654501639,5163.414588050518,5136.9377477383705,5878.727553008055,3349.9726568983115,9228.700209906367,37.8125,462.04499999999996,3.749585309003278,5.475021459659981,6.289230223007136,6.771076798662297,6.699881758209396,,,,
477,56,26768,5.139939308166504,4715.658379793167,73.07539105492624,7307.539105492624,9286.216342994627,98.971,1879.7062375020041,5154.707271876097,5126.893133035631,5968.531708771598,3317.684634223031,9286.216342994627,38.4125,494.85499999999996,3.759412475004008,5.538921590313702,6.800054197227737,6.797438953856152,6.782396334340526,,,,
478,56,26824,5.326545715332031,4730.269359827042,71.62810948915566,7162.810948915567,8945.226369566528,105.1225,1677.2929206509616,5327.643640712817,5304.894842456702,5674.760257886415,3270.466111680112,8945.226369566528,38.0125,525.6125,3.3545858413019234,5.367609472412106,7.214102441630689,6.7573558734997095,6.884351484056323,,,,
479,56,26880,4.990952968597412,4744.258133649826,74.08261268953045,7408.261268953045,9106.951153949554,92.86850000000001,1605.8213849965077,5317.51057819979,5294.4173575088125,5617.842075563598,3489.109078385955,9106.951153949554,35.0,464.3425,3.2116427699930155,5.288550559726764,6.678032839050178,6.721628563811271,6.969760655019232,-0.024226238951086998,8.286067962646484,1.5721076726913452,0.008716659620404243
480,56,26936,4.819764852523804,4757.651236534119,74.14552968191441,7414.552968191441,9122.875070278398,84.78250000000001,1623.5396020869587,5251.965613972316,5229.385634072935,5749.684854500261,3373.1902157781387,9122.875070278398,30.725,423.9125,3.247079204173917,5.395387647286761,6.969782971097334,6.7588591385605605,7.006337676673949,,,,
481,56,26992,4.997372150421143,4770.357159376144,73.29421852218633,7329.421852218633,9001.336828936133,86.82849999999999,1585.0864767175008,5332.641986048055,5310.911323705191,5573.185789765908,3428.1510391702254,9001.336828936133,31.6,434.1425,3.1701729534350016,5.313180936992585,7.310191734351772,6.711501167706368,6.8965444787811965,,,,
482,56,27048,4.8419578075408936,4783.268805265427,71.9952934503473,7199.529345034731,9122.147639156981,79.558,1843.060294122251,5265.054631772044,5238.845986171556,5763.2831440126965,3358.864495144285,9122.147639156981,33.475,397.78999999999996,3.686120588244502,5.467425333401778,6.270075060918199,6.778479868237906,6.725128246291289,,,,
483,56,27104,4.943494081497192,4795.853053331375,68.17274998855552,6817.2749988555515,8857.738200299002,114.23800000000001,1926.2252014434505,5244.017303450822,5195.972053761425,5805.78215283077,3051.9560474682316,8857.738200299002,38.287499999999994,571.19,3.852450402886901,5.493188326947285,7.780280767495488,6.782067434031963,7.222401149410535,0.032315682619810104,8.03589153289795,1.5645757913589478,0.009391090832650661
484,56,27160,5.2225189208984375,4808.868625640869,72.59671844245409,7259.6718442454085,8955.066844318848,76.7425,1618.65250007344,5385.790368906418,5362.893030087176,5529.6863718653,3425.3804724535466,8955.066844318848,28.6375,383.7125,3.23730500014688,5.263532598742002,7.073227686297171,6.713577897277327,6.939152656110029,,,,
485,56,27216,4.89782977104187,4821.451469421387,72.36362229134072,7236.362229134071,9103.26557008513,79.209,1787.6943409510582,5311.4496669882865,5287.003991619988,5665.37978891121,3437.8857811739194,9103.26557008513,32.775,396.04499999999996,3.5753886819021163,5.344614388534463,6.496072981524867,6.7402713402653145,6.750139431950219,,,,
486,56,27272,4.614927768707275,4833.332521915436,73.20800914604412,7320.800914604411,9145.07911379794,81.18950000000001,1743.08869919353,5320.09332939963,5297.705009995419,5674.734482733908,3470.344631064033,9145.07911379794,32.7875,405.9475,3.48617739838706,5.3839299966400835,6.582772480951338,6.7547994945002525,6.776056630893639,,,,
487,56,27328,4.749875783920288,4845.437877178192,75.02869246773768,7502.869246773769,9257.535685996914,98.22150000000002,1656.444939223145,5247.160363649937,5225.253912933306,5817.919783195217,3439.6159028016964,9257.535685996914,37.2625,491.10749999999996,3.31288987844629,5.446627906239423,6.615309586572802,6.7817496205590055,6.898892141209586,0.061847228556871414,6.9493536949157715,1.430766224861145,0.0065911454148590565
488,56,27384,4.710086822509766,4857.140276193619,74.64994176237141,7464.994176237141,9208.254092533152,94.81550000000001,1648.4444162960099,5237.876661582312,5212.816906316962,5803.355142674872,3404.8989498582796,9208.254092533152,33.5125,474.0775,3.29688883259202,5.425050680189942,6.912561448689976,6.776600798037338,7.112545190779163,,,,
489,56,27440,5.04404091835022,4869.750654220581,71.8317712396246,7183.1771239624595,9105.32920646136,88.867,1833.285082498899,5259.534420345179,5234.343131465213,5732.899397431347,3372.429809030012,9105.32920646136,35.487500000000004,444.335,3.6665701649977978,5.3599777912494675,6.682763668250509,6.747173178331417,6.7326551627757425,,,,
490,56,27496,4.537328243255615,4881.174911737442,73.38394919376475,7338.394919376475,9021.936530499557,66.966,1616.5756111230826,5333.158310479365,5311.585393497682,5615.349835725599,3406.5866947739587,9021.936530499557,26.599999999999998,334.83,3.233151222246165,5.311807632601465,6.9506270680679005,6.729382906398521,6.8300790027365865,,,,
491,56,27552,4.7354795932769775,4893.379497051239,73.32969529054185,7332.969529054184,8977.617830063737,75.054,1569.5943010095523,5356.037127441217,5334.250412599736,5505.487887134621,3472.1299429291157,8977.617830063737,30.3,375.27,3.1391886020191047,5.264564120715962,6.611860451021341,6.681212306319648,6.835992071703335,0.05607403442263603,7.996872425079346,1.443488597869873,0.010811305604875088
492,56,27608,4.679141283035278,4905.8359253406525,73.44295905077047,7344.295905077048,8994.839453999844,75.1225,1575.4210489227985,5378.892442219554,5356.985969511179,5492.620375744958,3502.219078254888,8994.839453999844,30.3,375.61249999999995,3.150842097845597,5.266587038425281,6.576749805000433,6.683396077189251,6.854822707768987,,,,
493,56,27664,4.834450960159302,4919.157791852951,73.780965668278,7378.0965668277995,9054.66089682875,72.226,1604.33833000095,5347.722431059223,5325.827232104878,5588.285137513058,3466.3757593156915,9054.66089682875,28.2,361.13,3.2086766600019003,5.343373744295751,6.7632520224429085,6.7210621634219345,6.895058510290271,,,,
494,56,27720,4.695862293243408,4931.235733747482,73.329824167423,7332.982416742299,9086.702707057353,67.5015,1686.218790315053,5280.238474503976,5258.059582186161,5714.099835822903,3372.6028712344505,9086.702707057353,27.625,337.5075,3.372437580630106,5.378115368746126,6.837133411329867,6.748188237699172,6.776264292131225,,,,
495,56,27776,5.083858013153076,4943.277232646942,72.83161043849145,7283.161043849144,8954.97406316487,72.6945,1599.118519315724,5331.655501479763,5308.350978238534,5619.596605511741,3335.377457653128,8954.97406316487,26.224999999999998,363.47249999999997,3.198237038631448,5.328603958422841,7.181121607559334,6.726693542491667,7.021066256279125,0.041574303060770035,7.090514659881592,1.363976001739502,0.004087183624505997
496,56,27832,4.730537176132202,4954.669857501984,73.39779532895346,7339.779532895346,9027.099221533648,71.2765,1616.043188638303,5262.03032158398,5239.030671789841,5703.43868388693,3323.6605376467182,9027.099221533648,26.325,356.3825,3.2320863772766053,5.363796132927532,7.252540814445404,6.741068780275851,6.942156329755948,,,,
497,56,27888,4.643118619918823,4966.739227294922,73.1786009490647,7317.860094906469,8955.233899604205,64.99650000000001,1572.3773046977367,5338.397779008534,5316.35417680048,5551.6856511505575,3403.5482484536496,8955.233899604205,25.137500000000003,324.98249999999996,3.144754609395473,5.276733575781393,6.972766467409246,6.696136406424167,6.925458209416045,,,,
498,56,27944,4.598963975906372,4978.418685913086,72.78346761877538,7278.346761877538,8939.798935739873,86.48600000000002,1574.9661738623354,5337.428168504909,5315.580483149901,5534.5783878343755,3405.2205479054974,8939.798935739873,31.6,432.42999999999995,3.149932347724671,5.25508597888223,6.976004098698797,6.68876507121406,6.970729593438902,,,,
499,56,28000,3.908482074737549,4988.266144514084,74.14980901544766,7414.980901544766,9040.87222233089,58.81450000000001,1567.0768207861252,5266.8762043999595,5245.464505464668,5674.086083420712,3366.786138910178,9040.87222233089,23.175,294.0725,3.13415364157225,5.329793311072924,7.001088419315181,6.718252195294923,6.891457110645473,0.01953989267349243,6.339860439300537,1.4565430879592896,0.003891249420121312
500,56,28056,3.899745225906372,4998.1897032260895,72.91152209887234,7291.152209887234,8957.845192037945,61.1255,1605.5674821507105,5315.007362641673,5293.277913349153,5640.331183176823,3317.5140088611206,8957.845192037945,23.2125,305.6275,3.211134964301421,5.395708016160732,7.328856511919869,6.734308156426445,6.876687623867641,,,,
501,56,28112,3.886472463607788,5007.825570106506,73.77601260954145,7377.601260954145,9089.61217918192,73.5455,1638.4654182277736,5251.066056507214,5228.273680201294,5780.916732458012,3308.6954467239084,9089.61217918192,26.450000000000003,367.72749999999996,3.2769308364555476,5.419631214914243,7.209175330446592,6.766404762349976,7.007462980007664,,,,
502,56,28168,3.8734402656555176,5017.370329618454,73.13461232597749,7313.461232597749,8999.344320965853,65.85400000000001,1620.029088368105,5358.90502510706,5336.850235630143,5517.775100281598,3481.5692206842564,8999.344320965853,27.775,329.27,3.2400581767362104,5.2502811242308205,6.56936106163912,6.692972991455682,6.807246638174671,,,,
503,56,28224,5.303603410720825,5028.408806324005,74.34010257042246,7434.010257042246,9134.064923413582,66.30950000000001,1633.7451663713364,5269.303201250348,5247.3397235147995,5704.014323383156,3430.0506000304276,9134.064923413582,27.825,331.5475,3.267490332742673,5.3668529363239,6.618429167272688,6.732967974206486,6.784261007029928,0.18779538571834564,4.24780797958374,1.454868197441101,0.006210197228938341
504,56,28280,5.599438428878784,5040.320377826691,72.94548199469926,7294.548199469926,9172.663361223822,77.07150000000001,1801.043661753895,5276.915023200356,5253.510875301623,5783.708919752304,3388.9544414715165,9172.663361223822,31.662499999999998,385.35749999999996,3.6020873235077904,5.434926651968015,6.6106330711196115,6.779355742195656,6.741741164169205,,,,
505,56,28336,5.385892629623413,5051.766276836395,69.85034998484684,6985.0349984846835,8763.65706975699,89.314,1689.308071272306,5349.93245213052,5317.466372823394,5638.496743178561,3125.1603265784292,8763.65706975699,30.275,446.57000000000005,3.3786161425446126,5.390537221082488,7.972460650479335,6.750337256974182,7.097620494945981,,,,
506,56,28392,5.438419818878174,5063.327594995499,72.5277116144134,7252.77116144134,8961.080832956746,91.3125,1616.997171515406,5303.4071146586075,5281.68750595143,5696.227764693688,3264.853068263059,8961.080832956746,31.962500000000002,456.5625,3.2339943430308127,5.440400063613254,7.7229493014999075,6.756977003455323,6.923730427363332,,,,
507,56,28448,5.281463146209717,5075.206707000732,73.06398220453293,7306.398220453293,9097.590197797388,74.5575,1716.6344773440942,5290.88520285119,5268.6299019317685,5753.767079061026,3343.8231187363613,9097.590197797388,28.3375,372.7875,3.433268954688189,5.424083303614233,7.196075252408027,6.777991325073397,6.858028567862941,-0.12575525045394897,7.090583324432373,1.1382802724838257,0.004430640954524279
508,56,28504,5.190001487731934,5086.595525979996,72.83498073454153,7283.498073454153,8956.107241219528,80.53900000000002,1592.0701677653742,5338.888701873061,5314.832893443661,5587.743818567387,3368.363422652139,8956.107241219528,28.8625,402.695,3.1841403355307483,5.334657677812972,7.101234190438641,6.718183580590254,7.0434523820721235,,,,
509,56,28560,5.593183994293213,5100.836856365204,74.10824717334843,7410.824717334843,9163.799619469537,73.98349999999999,1678.9914021346926,5242.958128888829,5221.073005988471,5844.456804345651,3319.342815123885,9163.799619469537,27.25,369.9175,3.357982804269385,5.479501308305396,7.346740723599307,6.795900147090882,6.8994304351515625,,,,
510,56,28616,5.92363715171814,5121.771174192429,71.9546804994995,7195.46804994995,8834.286709645748,66.8455,1571.9731596957981,5369.106449144159,5346.801174363787,5519.266491964896,3315.020217680853,8834.286709645748,24.425,334.22749999999996,3.143946319391597,5.283008000717136,7.584760401761191,6.694255355205052,6.920650376163802,,,,
511,56,28672,5.6467978954315186,5142.283989429474,73.73941366972434,7373.941366972433,9175.276076285452,73.4525,1727.8822093130188,5295.431284267194,5273.476782993146,5767.673600488487,3407.6024757969644,9175.276076285452,29.2125,367.2625,3.4557644186260372,5.45717659533592,6.841980926425463,6.786328306550361,6.799348471002785,0.053123582154512405,4.5255255699157715,1.1333645582199097,0.00606162054464221
512,56,28728,5.812560796737671,5163.590138435364,70.61089729533867,7061.089729533867,8807.578772463907,90.232,1656.2570429300395,5265.9557326053055,5238.960410848033,5728.363216636002,3079.2155558279037,8807.578772463907,30.074999999999996,451.15999999999997,3.3125140858600792,5.406946684640988,8.039167686622,6.756206857693236,7.110910875735191,,,,
513,56,28784,5.810196876525879,5184.397219181061,68.392212511954,6839.2212511954,8808.401683237571,91.7705,1877.4099320421715,5248.0415664357015,5214.713592625601,5818.7813464428455,2989.6203367947264,8808.401683237571,32.150000000000006,458.85249999999996,3.754819864084343,5.456257297271223,8.094609689836155,6.788352987289918,6.9785715523260725,,,,
514,56,28840,5.338367462158203,5202.19788312912,71.40009284808522,7140.009284808522,9096.827172046433,83.30699999999999,1873.5108872379099,5308.864054663289,5284.510979014877,5751.774354697901,3345.052817348531,9096.827172046433,32.8,416.53499999999997,3.74702177447582,5.492576956293817,6.964801197652658,6.787372147205876,6.744167384921325,,,,
515,56,28896,6.132760524749756,5223.534264326096,71.26327766530628,7126.327766530629,9069.172948911077,79.557,1863.288182380447,5310.190815619719,5285.657199957323,5704.0830035903255,3365.0899453207503,9069.172948911077,32.050000000000004,397.78499999999997,3.726576364760894,5.426063199524243,6.818944864808552,6.761823919517156,6.725099567256904,-0.018678978085517883,6.384949207305908,1.1786308288574219,0.012078390456736088
516,56,28952,6.883727788925171,5245.436175584793,71.96915564418558,7196.9155644185585,8959.077453434911,78.027,1684.1348890163513,5257.602514913415,5234.335497595573,5669.304473041942,3289.772980392968,8959.077453434911,30.1,390.135,3.368269778032703,5.352075570837795,7.049232280660805,6.715729733958212,6.876901430421195,,,,
517,56,29008,6.01042366027832,5266.729436635971,71.98245033531519,7198.245033531519,9067.930255140194,67.93900000000001,1801.7462216086747,5253.779208366885,5230.481992157391,5767.414289683273,3300.515965456921,9067.930255140194,27.7125,339.695,3.603492443217349,5.438200213776812,6.993261481642417,6.76361952083675,6.748679957037431,,,,
518,56,29064,5.339818954467773,5286.748249053955,72.19130018925522,7219.130018925522,8864.167204063024,61.65700000000001,1583.3801851375024,5362.857394141129,5341.056498675151,5532.688118755703,3331.479085307322,8864.167204063024,23.674999999999997,308.28499999999997,3.1667603702750045,5.291863201950103,7.267038997506688,6.699073322168849,6.880273810570295,,,,
519,56,29120,5.65549898147583,5304.727833509445,75.39763364132608,7539.763364132608,9280.832763831328,57.157,1683.9123996987205,5229.837031016206,5208.5446154220335,5917.520234131847,3363.3125296994813,9280.832763831328,22.775,285.78499999999997,3.367824799397441,5.581005194060508,6.985225525654173,6.8173916264966765,6.867779790468175,-0.130604088306427,5.028423309326172,1.1101726293563843,0.006438039243221283
520,56,29176,5.328360557556152,5322.714205980301,71.02813247578865,7102.813247578865,8921.61109801721,80.73949999999999,1738.058350438346,5321.714007652348,5298.8749436815015,5700.770210655492,3220.8408873617186,8921.61109801721,30.3,403.6975,3.476116700876692,5.385829271628231,7.470665112631789,6.76937170880439,6.825205479517038,,,,
521,56,29232,5.244715452194214,5339.71900343895,72.08817867510683,7208.817867510683,9178.538357743892,75.15050000000001,1894.569990233208,5251.761273707443,5227.273947973354,5839.5281182653,3339.0102394785904,9178.538357743892,30.8125,375.7525,3.789139980466416,5.51563460933265,6.750904914375885,6.7937044717362935,6.720976009222921,,,,
522,56,29288,5.223422288894653,5356.244717121124,73.99508325868155,7399.508325868154,9141.369195367322,63.1695,1678.6913694991688,5298.814359794297,5277.315651820465,5756.4089254923965,3384.960269874927,9141.369195367322,24.6625,315.84749999999997,3.357382738998338,5.490538342479774,7.019504050886233,6.787204002994872,6.863719591178844,,,,
523,56,29344,5.1339569091796875,5373.717530250549,73.34636552734813,7334.6365527348125,9075.597275514921,69.8445,1671.1162227801096,5295.371806080198,5273.273046269436,5722.691733554061,3352.9055419608603,9075.597275514921,27.025,349.22249999999997,3.342232445560219,5.421634382370368,7.053909136282749,6.7674030279251465,6.862054024728191,-0.0635346844792366,3.8956940174102783,1.1050317287445068,0.0024171594996005297
524,56,29400,5.613003730773926,5390.185918092728,74.66080407429253,7466.080407429253,9254.757375852903,65.7065,1722.9704684236497,5267.768821490886,5246.347056808786,5858.507674998713,3396.2497008541895,9254.757375852903,26.5125,328.5325,3.4459409368473,5.558464529207069,6.804303814649294,6.8196178095871645,6.8193866796560645,,,,
525,56,29456,5.195772886276245,5407.180398225784,74.49336474821337,7449.336474821335,9158.469180090522,77.0755,1632.0572052691855,5236.7292591714,5215.349507861484,5801.792628164534,3356.676551925988,9158.469180090522,28.799999999999997,385.37750000000005,3.264114410538371,5.4442830743152095,6.92832251744262,6.771372322344354,6.930450429451751,,,,
526,56,29512,5.523504972457886,5423.496736526489,72.02721399601577,7202.721399601578,8956.556767992184,73.8315,1680.0038683906055,5321.775293448741,5296.113382293417,5719.434205934476,3237.122562057707,8956.556767992184,26.425,369.1575,3.3600077367812107,5.446313000415356,7.720141733981884,6.781883973134882,6.978441789025459,,,,
527,56,29568,5.345068693161011,5439.213524580002,74.10824857396076,7410.8248573960755,9137.810980340035,76.78750000000001,1650.1986229439592,5282.232201646151,5260.469619985051,5738.334615281991,3399.4763650580426,9137.810980340035,29.4,383.9375,3.3003972458879183,5.42319423686486,6.806221713835067,6.769567899137883,6.936092555050649,0.003234388306736946,3.2346439361572266,1.1001932621002197,0.004628052935004234
528,56,29624,5.5120720863342285,5455.064226865768,74.82263197959102,7482.263197959103,9284.738484260888,70.4945,1731.980786301784,5259.946216400828,5238.325043321443,5864.145117698226,3420.593366562661,9284.738484260888,28.525,352.47249999999997,3.463961572603568,5.609174809487441,6.713659547235768,6.818997601234325,6.797683728537508,,,,
529,56,29680,5.167828559875488,5470.122653722763,74.58773244652266,7458.773244652266,9199.178341241328,71.751,1668.6540965890622,5262.941203890272,5241.395271756422,5794.451018518812,3404.727322722516,9199.178341241328,27.7625,358.755,3.3373081931781248,5.489467082215515,6.86113499060907,6.788759210904774,6.889517986772924,,,,
530,56,29736,5.365839004516602,5484.390462636948,74.75924350986955,7475.924350986954,9262.318730995114,73.06900000000002,1713.3253800081602,5247.488596293351,5225.890538059765,5884.583184386424,3377.73554660869,9262.318730995114,29.012500000000003,365.345,3.4266507600163205,5.587797466021865,6.800778168817702,6.818320826071656,6.81123059252339,,,,
531,56,29792,5.1975061893463135,5499.010377168655,72.92139580199671,7292.139580199671,9075.270328268058,68.783,1714.347748068385,5279.271090802658,5256.987844913578,5769.514251265767,3305.7560770022897,9075.270328268058,26.525,343.91499999999996,3.42869549613677,5.433379209729486,7.259981698253941,6.777945963336464,6.841418528668176,-0.07434909790754318,4.54838752746582,1.1327325105667114,0.005089117214083672
532,56,29848,5.267836809158325,5514.227148294449,75.04561741561088,7504.561741561087,9285.721086610116,64.94550000000001,1716.2138450490274,5248.679694911769,5227.366661131113,5894.645242489953,3391.075844120161,9285.721086610116,26.1,324.72749999999996,3.4324276900980553,5.583694886792838,6.845034993139205,6.823694187380164,6.822300598191853,,,,
533,56,29904,4.860560417175293,5527.903105020523,73.16811927604283,7316.8119276042835,9220.812647532832,82.733,1821.2677199285486,5258.530132227104,5235.361178777352,5823.547553891327,3397.265093641505,9220.812647532832,33.425,413.66499999999996,3.6425354398570975,5.463080050569342,6.60315188450179,6.793512959522416,6.750825960728924,,,,
534,56,29960,5.565606355667114,5543.523308038712,75.89553160936397,7589.553160936397,9454.489149665376,73.0695,1791.866488728981,5190.48945225704,5168.605193199704,6054.607876139409,3399.881273525969,9454.489149665376,29.724999999999998,365.34749999999997,3.5837329774579616,5.7275976482270625,6.670852710853242,6.850101915050842,6.774679708561842,,,,
535,56,30016,4.8058812618255615,5557.3701803684235,74.59445775636384,7459.4457756363845,9243.532392865338,65.825,1718.261617228955,5262.702837399955,5241.13585609039,5856.588990713659,3386.943402151679,9243.532392865338,25.837500000000002,329.125,3.4365232344579097,5.559943219813773,6.95758435196723,6.812516982595836,6.8529224409301355,0.09705755859613419,3.6497914791107178,1.1904832124710083,0.004175868351012468
536,56,30072,4.841317892074585,5570.554757118225,75.71231965991319,7571.231965991318,9339.499058969112,79.245,1689.0220929777925,5248.5578178378855,5227.342234362866,5902.142197995497,3437.356860973615,9339.499058969112,30.9875,396.225,3.3780441859555843,5.572031857051996,6.71660309148666,6.819183549443457,6.835166948282729,,,,
537,56,30128,5.117209434509277,5583.554555177689,74.13011221397512,7413.011221397512,9235.70241081403,91.8195,1730.8716894165177,5262.7209376593,5239.486354996825,5880.378055715477,3355.3243550985535,9235.70241081403,33.475,459.09749999999997,3.4617433788330354,5.582691559722564,7.011533171587599,6.823301617165233,6.967848979927759,,,,
538,56,30184,5.11482572555542,5597.196762561798,73.24493291677722,7324.493291677722,9043.51276552423,66.095,1652.924473846509,5311.922259858493,5290.169121444403,5724.820633705183,3318.692131819047,9043.51276552423,25.275,330.475,3.3058489476930184,5.443184303107408,7.301688958774551,6.7706021514566,6.8504157410059365,,,,
539,56,30240,4.952971458435059,5610.834209442139,71.97762477403803,7197.762477403803,9122.790230319264,75.7395,1849.2882529154622,5292.981156627788,5268.338769682447,5741.096118668929,3381.694111650336,9122.790230319264,31.0125,378.6975,3.698576505830924,5.447118686854317,6.706987692900263,6.779835778096812,6.743439294821497,0.11583659797906876,3.467336654663086,1.27325439453125,0.007333442103117704
540,56,30296,4.753270149230957,5623.881194353104,71.94759318750407,7194.759318750407,9103.612163939826,91.552,1817.3008451894193,5288.5755778194525,5265.674836559763,5790.290992125472,3313.321171814355,9103.612163939826,34.175,457.76,3.6346016903788385,5.478074338966626,7.577177740782616,6.797038495618444,6.763524638608156,,,,
541,56,30352,4.797332048416138,5636.672233581543,75.68239784227089,7568.239784227089,9326.523699716938,55.81300000000001,1702.4709154898492,5213.128122436123,5191.890604949568,5969.096213277655,3357.4274864392837,9326.523699716938,22.150000000000002,279.065,3.4049418309796984,5.633969632322541,7.010609761190404,6.8322204258377415,6.874819611865917,,,,
542,56,30408,4.729633331298828,5649.416530609131,74.22879209345001,7422.879209345001,9306.773355742147,76.432,1807.4621463971466,5207.175707015641,5184.887852555326,5987.956625999885,3318.8167297422624,9306.773355742147,29.712500000000002,382.15999999999997,3.614924292794293,5.661835553904904,7.017945681192366,6.83898506834794,6.807453472300059,,,,
543,56,30464,5.488999128341675,5663.081508636475,75.98579248028985,7598.579248028986,9415.152835235214,56.04550000000001,1760.5280872062299,5164.3135666974395,5142.288953870152,6134.527094203357,3280.6257410318576,9415.152835235214,21.2375,280.22749999999996,3.5210561744124593,5.893349054773966,7.282665335399181,6.873262945302861,6.921839115613472,-0.026366323232650757,4.663395404815674,1.1662216186523438,0.01904514618217945
544,56,30520,4.791795969009399,5676.411258935928,75.47150750592459,7547.15075059246,9328.17104708531,57.9515,1723.0687964928493,5210.362107528269,5189.173714581344,5993.294617680541,3334.8764294047687,9328.17104708531,22.975,289.7575,3.4461375929856986,5.685353690983036,7.083084556702476,6.8414785121567325,6.8462549713506835,,,,
545,56,30576,5.003303527832031,5689.014777898788,74.11532264421567,7411.532264421567,9463.219699337356,72.244,1979.4434349157896,5205.778286410421,5181.119634201151,6101.933419833861,3361.2862795034953,9463.219699337356,29.875,361.22,3.958886869831579,5.933452044232543,6.682192721346275,6.8772603749329635,6.7231132237915086,,,,
546,56,30632,4.729417085647583,5701.399743556976,75.63918252705689,7563.918252705689,9405.43745048988,57.857,1783.6621977841937,5211.944450105131,5190.652959205923,6038.758315481658,3366.6791350082235,9405.43745048988,23.6,289.28499999999997,3.5673243955683875,5.776959181646384,6.907882218475448,6.8663590172633855,6.819558739298171,,,,
547,56,30688,4.967956781387329,5715.185479402542,75.47664303151367,7547.664303151369,9339.968846754879,55.9715,1736.333043603509,5222.479358519499,5201.323207830643,5989.162760411666,3350.8060863432115,9339.968846754879,21.962500000000002,279.85749999999996,3.4726660872070183,5.706805416086978,7.069917753384494,6.849588241029644,6.877209890748256,0.1623617559671402,3.3347034454345703,1.138956904411316,0.008653136901557446
548,56,30744,4.60392165184021,5728.065169811249,76.28928785577591,7628.928785577591,9579.232894200068,72.71950000000001,1877.584608622476,5170.386718478088,5147.942873135618,6222.826009329796,3356.406884870271,9579.232894200068,29.3125,363.59749999999997,3.7551692172449522,6.069542529501874,6.7599616518960834,6.891579942521326,6.779598183552309,,,,
549,56,30800,4.833867073059082,5740.153199911118,77.38494244187603,7738.494244187605,9563.054410408378,58.232,1766.328166220776,5163.794580390435,5142.8121296115205,6176.813917862625,3386.240492545754,9563.054410408378,23.675,291.15999999999997,3.532656332441552,6.0137532778761384,6.829617658546036,6.884266312824211,6.835995953714989,,,,
550,56,30856,5.00926947593689,5752.930944919586,76.94326771193752,7694.3267711937515,9598.59657850717,61.6195,1842.6503073134181,5204.050117840229,5182.8520965273265,6185.292090483577,3413.3044880235934,9598.59657850717,25.0375,308.09749999999997,3.685300614626836,6.063527011491509,6.782679526575702,6.907877154873633,6.8230445704114695,,,,
551,56,30912,4.6193976402282715,5764.840599536896,76.62253875566199,7662.253875566199,9512.832597918266,69.7875,1780.7912223520675,5213.569457614852,5192.236543181123,6083.0771207468815,3429.755477171385,9512.832597918266,28.0,348.9375,3.561582444704135,5.934047101948577,6.734729309959364,6.88043478981938,6.805699985065397,0.16644562780857086,4.130740642547607,1.1884318590164185,0.00451669842004776
552,56,30968,4.782707214355469,5777.262821435928,72.9050784662885,7290.5078466288505,9313.987906743052,86.5875,1936.8925601142014,5201.061903702444,5176.89033055077,6130.703194362534,3183.2847123805177,9313.987906743052,32.3875,432.9375,3.873785120228403,5.997487120435441,7.457349069434269,6.888897775891891,6.811025012089948,,,,
553,56,31024,4.7260825634002686,5790.37922501564,76.52310414160415,7652.310414160414,9537.755593629761,61.925000000000004,1823.5201794693476,5197.834800152157,5176.197193936159,6207.8756960694855,3329.8798975602767,9537.755593629761,23.6875,309.625,3.647040358938695,6.11573958228169,7.1274561602580615,6.906260077953808,6.887044374737248,,,,
554,56,31080,4.653387069702148,5802.30534029007,73.56818878709794,7356.818878709794,9337.39797320962,81.55000000000001,1899.029094499826,5226.499486702374,5203.419838990645,6018.205505805367,3319.1924674042543,9337.39797320962,31.0375,407.75,3.798058188999652,5.805682862961932,7.51016643134659,6.8600219454997715,6.754157758220299,,,,
555,56,31136,4.329717636108398,5813.801626205444,77.09506991311387,7709.5069913113875,9559.906397156752,62.844,1787.555405845364,5183.400961842397,5162.21646301982,6183.166173781419,3376.7402233753323,9559.906397156752,24.9125,314.22,3.5751108116907275,6.065577861404742,6.891067586098143,6.890434621200622,6.84635689885294,-0.053761158138513565,4.420368671417236,1.0200570821762085,0.003899700241163373
556,56,31192,4.112693786621094,5824.293595314026,77.22555045900819,7722.555045900819,9645.598037601629,67.10000000000001,1855.9429917008092,5175.407413810134,5153.929296200069,6240.988024572581,3404.610013029049,9645.598037601629,27.462500000000002,335.5,3.7118859834016185,6.200508047969265,6.613082823709399,6.908217488438946,6.821205030576706,,,,
557,56,31248,4.085082530975342,5834.718581914902,76.96868758767425,7696.868758767425,9563.559071182692,91.601,1775.0893124152676,5173.861458956184,5152.301164095755,6146.766483240819,3416.7925879418744,9563.559071182692,35.5,458.005,3.5501786248305347,5.8929007867666945,6.562020229858869,6.876897420793997,6.844257657507888,,,,
558,56,31304,3.9902501106262207,5845.218837022781,77.39657281553718,7739.657281553718,9562.170628702017,62.70100000000001,1759.8123471482975,5179.221350105601,5158.173483154241,6178.018092456072,3384.152536245945,9562.170628702017,24.925,313.505,3.519624694296595,5.972559000064511,6.777396991476164,6.882405671432912,6.877075358890203,,,,
559,56,31360,3.9018232822418213,5855.478549957275,74.25667870329991,7425.66787032999,9231.03701634923,75.2,1730.1691460192403,5223.4426022764765,5194.8667027842985,6024.80113064603,3206.235885703201,9231.03701634923,26.0,376.0,3.4603382920384806,5.788096870893699,7.703275594408945,6.856649179266427,7.076873514633685,-0.0024754207115620375,4.119199752807617,1.014052391052246,0.009557374753057957
560,56,31416,3.966235637664795,5866.0626475811005,77.35095368055147,7735.095368055146,9624.626732554945,58.981500000000004,1830.5498644998004,5174.387467917812,5153.385082979967,6270.18811029025,3354.4386222646963,9624.626732554945,23.1125,294.9075,3.6610997289996003,6.213567049782797,6.963331938188005,6.912513892092879,6.87102779566689,,,,
561,56,31472,5.489883899688721,5878.342833042145,77.4610820227141,7746.10820227141,9601.532278129675,58.663500000000006,1796.7605758582654,5160.209352778475,5139.280435369311,6214.063801465694,3387.4684766639807,9601.532278129675,23.775000000000002,293.3175,3.5935211517165304,6.102891141123505,6.781293894119069,6.898152466868443,6.853652600697318,,,,
562,56,31528,5.3072381019592285,5890.441932439804,75.57368147251807,7557.368147251807,9349.344916520622,59.6195,1732.3572692688135,5219.752331168235,5198.605109141603,6009.148615687835,3340.1963008327866,9349.344916520622,22.925000000000004,298.09749999999997,3.4647145385376272,5.726448280428233,7.132111383233243,6.85266793652755,6.885074628139981,,,,
563,56,31584,5.368129730224609,5902.633331298828,76.74926517838821,7674.926517838821,9532.828927378123,59.95100000000001,1797.951409539301,5199.927303811954,5178.725401240847,6133.940893520183,3398.8880338579397,9532.828927378123,24.375,299.755,3.595902819078602,5.969090823702428,6.779826597833173,6.887822186811915,6.843758260084455,-0.12070507556200027,5.201923847198486,0.9300333857536316,0.009945114143192768
564,56,31640,5.295917987823486,5915.226822376251,78.0009219537127,7800.0921953712705,9701.583117845108,71.046,1830.4449224738362,5149.34004377542,5128.20331448758,6284.911164847606,3416.6719529975007,9701.583117845108,28.375,355.23,3.660889844947672,6.226342509981079,6.620012577646372,6.910299380463947,6.860253581326392,,,,
565,56,31696,5.299816131591797,5927.319118976593,77.43862897260446,7743.8628972604465,9593.024083957289,64.6525,1784.5086866968427,5195.679557192,5174.682874910559,6139.571129714778,3453.4529542425116,9593.024083957289,26.425,323.2625,3.5690173733936854,5.935598604559154,6.612572772202558,6.886291770821393,6.841512293423704,,,,
566,56,31752,5.531336545944214,5943.394063472748,76.75039350059588,7675.039350059587,9543.931842107695,63.08800000000001,1805.804492048107,5203.119473342895,5181.9351697736,6161.864981126304,3382.066860981391,9543.931842107695,24.975,315.44,3.611608984096214,6.034792646267756,6.882211937033828,6.896810506851048,6.852071673649143,,,,
567,56,31808,5.7487640380859375,5965.6733140945435,76.31056510718976,7631.056510718977,9542.199497349377,66.21950000000001,1844.9234866304005,5203.717060839086,5182.359984101821,6166.191271163951,3376.008226185427,9542.199497349377,26.299999999999997,331.09749999999997,3.689846973260801,6.067226048179859,6.867890975857747,6.902681438228458,6.824306017373273,-0.06350352615118027,4.036950588226318,0.8349525928497314,0.011411557905375957
568,56,31864,5.348918676376343,5986.274107694626,77.74252954133225,7774.252954133226,9733.877292813413,55.575,1904.0493386801863,5184.26683402522,5163.282594071194,6364.0845011031615,3369.7927917102497,9733.877292813413,22.075000000000003,277.875,3.8080986773603724,6.524387574315951,6.8870541620801955,6.938808469981846,6.871502476331163,,,,
569,56,31920,5.501947402954102,6008.621214151382,77.32082291922288,7732.082291922288,9660.83923476653,59.5385,1869.2184428442433,5191.643833853297,5170.486600356229,6274.357259749605,3386.4819750169277,9660.83923476653,23.950000000000003,297.6925,3.7384368856884866,6.292414841030113,6.856146870143373,6.924776247576458,6.836887533696607,,,,
570,56,31976,5.191661596298218,6030.033185482025,78.21930456624388,7821.930456624387,9734.236730759501,52.107,1860.199274135114,5147.286385699446,5126.118871633767,6389.418775676495,3344.8179550830064,9734.236730759501,20.7375,260.53499999999997,3.7203985482702278,6.396434048116743,6.9616543464478635,6.925219907593485,6.887226657935792,,,,
571,56,32032,5.677476167678833,6051.5383105278015,77.52849100526129,7752.849100526128,9574.396210536965,48.5885,1772.958610010837,5170.876593084271,5149.539992115544,6214.659014824599,3359.737195712365,9574.396210536965,19.3625,242.9425,3.545917220021674,6.074723964081292,6.956771153865472,6.890931371306171,6.92181215177893,0.029049986973404884,3.5034873485565186,0.7377500534057617,0.006656695157289505
572,56,32088,5.128697395324707,6071.163778543472,76.56273955589637,7656.273955589637,9501.226011024983,61.737500000000004,1783.214555435346,5174.213553133434,5153.089416961182,6184.963064412999,3316.2629466119834,9501.226011024983,23.65,308.6875,3.566429110870692,6.095319253178535,7.138223276476186,6.892200591584306,6.866906754509123,,,,
573,56,32144,5.759868144989014,6091.538609266281,77.81884518271838,7781.884518271839,9689.575483160566,50.769000000000005,1856.921964888729,5143.966695956009,5122.718421398535,6381.63214419295,3307.943338967617,9689.575483160566,20.1,253.845,3.7138439297774584,6.474485950880451,7.070531218691851,6.924492681346495,6.8839678228379615,,,,
574,56,32200,5.71727442741394,6112.157640457153,77.52895807424059,7752.89580742406,9667.327444045148,50.650000000000006,1863.7816366210882,5184.475967966543,5163.3293698067855,6319.607877956494,3347.7195660886537,9667.327444045148,20.0625,253.25,3.7275632732421764,6.360562339075051,6.991886427856142,6.925741401185266,6.894667608748969,,,,
575,56,32256,5.534108877182007,6131.23042678833,77.56037418306686,7756.037418306687,9660.395843355345,46.894000000000005,1857.46442504866,5169.851834677274,5148.194411021152,6340.523978196761,3319.871865158586,9660.395843355345,17.6125,234.47,3.714928850097319,6.420058527924619,7.122391955769636,6.924617066416212,6.978887641938281,-0.013277326710522175,3.791749954223633,0.6888951659202576,0.0018337182700634003
576,56,32312,5.363994598388672,6149.454170465469,76.17078850443929,7617.07885044393,9570.236362960495,59.58200000000001,1893.5755125165679,5185.36361136306,5163.707599052756,6345.010358782274,3225.226004178222,9570.236362960495,20.8625,297.91,3.7871510250331357,6.4320174024517,7.721105573302266,6.935048399417854,6.955299840152569,,,,
577,56,32368,5.372047185897827,6168.9727573394775,77.81104895650148,7781.104895650148,9693.250161671447,49.4815,1862.6637660213,5171.822378490618,5150.680522359904,6347.937280841263,3345.3128808301844,9693.250161671447,19.5,247.4075,3.7253275320426,6.4368399007756345,7.007665290491663,6.926245617594191,6.905600561093417,,,,
578,56,32424,5.283196210861206,6187.433723449707,77.48666205263588,7748.6662052635875,9661.194640671285,45.125,1867.4034354076985,5189.7405668960855,5168.157934643803,6321.229996022499,3339.964644648786,9661.194640671285,17.587500000000002,225.625,3.7348068708153965,6.382105317130929,7.045230956294931,6.927103630922674,6.954882844794831,,,,
579,56,32480,5.934064626693726,6206.165538549423,77.59867002893716,7759.867002893716,9719.725718808346,49.925000000000004,1909.9337159146287,5183.008815386708,5161.707925890365,6372.226947854463,3347.498770953882,9719.725718808346,19.575,249.625,3.819867431829257,6.523651984762861,6.972322821511192,6.940488196140284,6.917653741681606,0.0408761166036129,3.5910890102386475,0.6793504357337952,0.013072551228106022
580,56,32536,5.6296820640563965,6225.027730464935,77.68074535958665,7768.074535958665,9683.275416510483,43.962500000000006,1871.2383805518198,5174.686351869884,5153.295771087926,6366.901995893377,3316.3734206171084,9683.275416510483,17.0125,219.8125,3.7424767611036396,6.5021433691330035,7.124381271745978,6.929243984968386,6.93968302250675,,,,
581,56,32592,5.2994701862335205,6242.853974580765,77.96626557480859,7796.626557480859,9697.00784758438,43.638000000000005,1856.743290103522,5120.277052111891,5098.837449701752,6408.33628396602,3288.671563618359,9697.00784758438,16.975,218.19,3.713486580207044,6.472638749175258,7.148683987217054,6.924863137713514,6.94006791765531,,,,
582,56,32648,5.307373285293579,6260.437017202377,77.73384164879408,7773.384164879408,9690.089097015578,45.30650000000001,1871.3984321361727,5175.273617298813,5153.916947923302,6359.114422183908,3330.974674831672,9690.089097015578,17.637500000000003,226.5325,3.7427968642723455,6.447458975404166,7.067730750838455,6.928841812128352,6.944619322998101,,,,
583,56,32704,5.408121347427368,6278.502958059311,77.50902027730966,7750.902027730965,9678.900116982913,42.669000000000004,1885.3290892519503,5163.2454567127115,5141.644246258213,6374.598861138634,3304.301255844282,9678.900116982913,16.425000000000004,213.345,3.7706581785039006,6.5036789725015245,7.154572357000195,6.93328558751112,6.953863801940736,0.03295837342739105,3.143690824508667,0.6774482727050781,0.00014151819050312042
584,56,32760,5.3554017543792725,6295.266080856323,77.56531083819567,7756.531083819567,9683.60411267562,44.081500000000005,1882.9915288560533,5158.860505806083,5137.407251291485,6378.832456101431,3304.77165657419,9683.60411267562,17.05,220.4075,3.7659830577121065,6.512940428536159,7.139270642860448,6.932694467724062,6.940765986765138,,,,
585,56,32816,7.584011793136597,6316.92645406723,76.21579645210787,7621.579645210786,9559.916552722421,57.4945,1880.842407511633,5186.189028800839,5164.276434160741,6326.389221074351,3233.5273316480693,9559.916552722421,20.7875,287.47249999999997,3.761684815023266,6.335751787076902,7.6340368542388175,6.93029859716385,6.932748929805276,,,,
586,56,32872,5.75307297706604,6335.974358081818,77.42919503083037,7742.919503083038,9678.974714848559,46.91250000000001,1889.1427117655207,5186.938594561545,5165.595642557973,6340.106056245404,3338.8686586031545,9678.974714848559,18.2875,234.5625,3.7782854235310417,6.473682946541282,7.044528044164975,6.934121221770314,6.9296412967346575,,,,
587,56,32928,6.000680685043335,6354.243848085403,77.01878851049798,7701.878851049798,9597.444002419965,50.8875,1844.677651370167,5198.936264725865,5177.447079482673,6237.0037462999135,3360.4402561200523,9597.444002419965,19.425,254.4375,3.689355302740334,6.258861768508027,7.036529512141498,6.91718500351247,6.952600669459566,0.012446406297385693,3.29526424407959,0.6846745610237122,0.003243720857426524
588,56,32984,6.064539432525635,6373.621717214584,78.16581051351454,7816.581051351456,9742.576038537147,53.91250000000001,1872.0824871856903,5189.380963155927,5167.860724672244,6331.387972785375,3411.188065751772,9742.576038537147,21.400000000000006,269.5625,3.7441649743713805,6.466351667360474,6.759541715901499,6.929181508979759,6.949631926452966,,,,
589,56,33040,5.254918336868286,6391.608792304993,77.35350518181633,7735.350518181633,9679.05040260259,41.2625,1902.4373844209572,5184.323250661293,5162.280414290254,6361.589092519473,3317.4613100831175,9679.05040260259,15.787500000000001,206.3125,3.8048747688419144,6.477031788892594,7.149414651454991,6.93796283095643,6.976844161933343,,,,
590,56,33096,4.935893535614014,6407.274580717087,77.29598239520715,7729.598239520714,9657.570189893962,47.150000000000006,1880.8219503732491,5184.958581783552,5162.6111027886245,6345.184821488941,3312.385368405021,9657.570189893962,17.650000000000002,235.75,3.761643900746498,6.475329854642885,7.188775296633825,6.93175718190328,6.985720493653134,,,,
591,56,33152,4.935830116271973,6422.1366600990295,77.52599470504566,7752.599470504565,9699.418237386273,41.45,1905.3687668817072,5172.295970320114,5150.729390112843,6386.818691666984,3312.5995457192885,9699.418237386273,15.825000000000003,207.25,3.8107375337634144,6.551631280133094,7.147647091901713,6.9394141289672815,6.964179511291428,-0.02228589542210102,2.7109715938568115,0.7002550959587097,0.005712626036256552
592,56,33208,4.919088363647461,6437.088685512543,77.76121776461721,7776.121776461721,9673.755684405183,53.67,1843.9639079434637,5118.229703431172,5095.124585046576,6410.406134317889,3263.349550087295,9673.755684405183,18.337500000000002,268.35,3.687927815886928,6.497894569030921,7.255137070292341,6.921417246040745,7.108957722511549,,,,
593,56,33264,5.00279974937439,6452.273535728455,77.32361435496836,7732.361435496836,9652.903882844545,51.194,1869.3484473477088,5191.109043392672,5169.509659639994,6295.782397355084,3357.1214854894606,9652.903882844545,19.5,255.97,3.7386968946954178,6.35434211721689,7.004800148352207,6.92712468547235,6.962123702585315,,,,
594,56,33320,5.027796268463135,6467.682774543762,77.6091737947163,7760.917379471631,9657.041642009717,42.7135,1853.4107625380861,5173.831562667556,5152.056426414559,6331.66001292593,3325.3816290837876,9657.041642009717,16.475,213.5675,3.7068215250761725,6.415082723938975,7.1040719762926035,6.9234173566826565,6.965590132340056,,,,
595,56,33376,5.020005702972412,6482.286046504974,76.76469734626016,7676.469734626015,9630.75236054197,53.225,1901.0576259159554,5184.507438724653,5162.964421858902,6358.013838516083,3272.738522025889,9630.75236054197,19.550000000000004,266.125,3.8021152518319106,6.492553945674162,7.36169217828732,6.937689427390308,6.936151501506921,-0.0017203366151079535,2.4100444316864014,0.6765305995941162,0.00890340656042099
596,56,33432,5.498090982437134,6497.853293657303,76.66402815041225,7666.402815041225,9577.730662300935,54.23350000000001,1857.0943472597103,5196.672342147709,5175.523151187075,6235.508383147335,3342.2222791536005,9577.730662300935,21.587500000000002,271.1675,3.7141886945194207,6.205137163990925,6.968025113804245,6.918121459544994,6.869331246280855,,,,
597,56,33488,5.096265077590942,6513.225620269775,78.12982288381158,7812.982288381158,9691.4166371565,45.107000000000006,1833.3273487753424,5131.904037732406,5110.696569073372,6376.060856082224,3315.355781074276,9691.4166371565,17.625,225.535,3.666654697550685,6.445754207022949,7.073891409895192,6.917934379114243,6.93598367472808,,,,
598,56,33544,4.939478158950806,6528.207386016846,77.25294256583624,7725.294256583624,9633.248434625979,48.307,1859.6471780423572,5193.372453351687,5172.0229098450345,6286.565670588907,3346.682764037074,9633.248434625979,18.950000000000003,241.535,3.7192943560847143,6.354980586617559,7.032996168259613,6.92437627280287,6.919419979752623,,,,
599,56,33600,4.080818176269531,6541.074212551117,77.26081988580003,7726.081988580004,9683.31927703188,44.400000000000006,1912.8372884518762,5182.801672820451,5161.093909169616,6377.523526747907,3305.7957502839727,9683.31927703188,17.1,222.0,3.8256745769037526,6.553737034165714,7.1685610193340645,6.941565835671502,6.9412252746366025,-0.0665121003985405,2.198896884918213,0.6369403600692749,0.0011783018708229065
600,56,33656,3.980306386947632,6551.999329090118,77.69423117112217,7769.423117112217,9705.762806896666,46.85000000000001,1889.4896897844496,5169.784258381329,5148.4623907250425,6374.311411823199,3331.451395073468,9705.762806896666,18.275,234.25,3.7789793795689,6.50535243264486,7.059304034106323,6.934489952235125,6.926754371280355,,,,
601,56,33712,4.134317398071289,6562.967062473297,77.47743827004041,7747.743827004042,9675.632088548457,41.2625,1886.6257615444151,5172.514818582809,5150.746948487175,6373.023320230905,3302.608768317552,9675.632088548457,15.787500000000001,206.3125,3.77325152308883,6.519717823476286,7.176602736584525,6.933789794495548,6.9649252004823,,,,
602,56,33768,5.5187835693359375,6575.432409524918,75.24946250269082,7524.946250269082,9354.574962524208,58.62050000000001,1771.008212255126,5220.202830473986,5196.048149279954,6043.165965950697,3311.40899657351,9354.574962524208,20.725,293.1025,3.542016424510252,5.862421538024458,7.180360716329187,6.87409629550987,7.093847147489144,,,,
603,56,33824,5.53094482421875,6588.7043516635895,77.16586090150378,7716.586090150377,9646.31857605671,55.682,1874.0504859063344,5189.461561590553,5168.3329061272,6332.947816382444,3313.370759674268,9646.31857605671,22.137500000000003,278.40999999999997,3.7481009718126694,6.470296651458392,6.9917452697321005,6.9296758960556115,6.847338010997922,-0.02636459469795227,2.203150749206543,0.6267725825309753,0.0014881528913974762
604,56,33880,5.3639209270477295,6601.432864904404,77.39749135965684,7739.749135965684,9679.081626913634,45.625,1893.70749094795,5184.737981754131,5163.298343544197,6361.226579142903,3317.8550477707317,9679.081626913634,17.6875,228.125,3.7874149818958998,6.519066178481672,7.124430267634725,6.93580780434508,6.928018738938452,,,,
605,56,33936,5.3156163692474365,6614.556511878967,77.47823199506627,7747.823199506627,9670.32759853801,45.375,1877.1293990313814,5189.257363163517,5167.888340385964,6319.440609673675,3350.8869888643353,9670.32759853801,17.637500000000003,226.875,3.7542587980627626,6.4336465728585885,7.0370809975257815,6.9303477022582465,6.94164762575554,,,,
606,56,33992,5.30816650390625,6627.234393596649,77.5256131705255,7752.56131705255,9677.119307165136,49.544000000000004,1875.0139901125851,5161.916699455944,5140.662950127642,6354.30082632976,3322.8184808353753,9677.119307165136,19.5125,247.72,3.7500279802251706,6.451892501999885,7.057439609899583,6.929901158227052,6.89896879571359,,,,
607,56,34048,4.965529918670654,6639.4788653850555,75.68003853096664,7568.003853096663,9497.740008769717,59.462500000000006,1870.2736556730529,5180.413134084884,5150.43579037067,6341.032392746496,3156.70761602322,9497.740008769717,20.1125,297.3125,3.7405473113461056,6.443375534561622,7.77777248330919,6.928164008043254,7.108651202122721,0.011245888657867908,1.7929892539978027,0.5945103764533997,0.004692185204476118
608,56,34104,5.77094841003418,6659.889196395874,77.6223514151963,7762.235141519631,9706.888201549587,45.6815,1898.9715600299553,5160.7922017775845,5139.444555344333,6396.897939300361,3309.9902622492255,9706.888201549587,17.712500000000002,228.4075,3.7979431200599105,6.5508643659034345,7.121045485735557,6.937580200858342,6.928569830743028,,,,
609,56,34160,5.9766623973846436,6682.306435823441,77.41240426983194,7741.240426983193,9691.862493376648,50.225,1900.397066393456,5183.865853370009,5162.349235594839,6367.6600359407275,3324.202457435922,9691.862493376648,18.950000000000003,251.125,3.800794132786912,6.531853174881189,7.129945489922685,6.937826912174963,6.946790924973622,,,,
610,56,34216,5.628880023956299,6703.862035989761,77.57082766028407,7757.082766028406,9666.782631280348,49.606500000000004,1860.093365251943,5191.543359691377,5169.9338928265515,6301.772190471293,3365.0104408090565,9666.782631280348,19.525000000000002,248.0325,3.720186730503886,6.401388077071232,6.910195372666697,6.925205431575878,6.939215623171418,,,,
611,56,34272,5.470388889312744,6724.762586116791,77.29073036252238,7729.073036252238,9680.956060165214,48.45,1903.4330239129754,5184.121751970446,5162.799154067042,6360.5295541984415,3320.4265059667723,9680.956060165214,18.9375,242.25,3.8068660478259506,6.507627185316176,7.100602881953699,6.938493757684725,6.903203881941492,-0.10112306475639343,2.4580957889556885,0.6047585606575012,0.001557888463139534
612,56,34328,6.000166654586792,6746.453284740448,77.40937284514968,7740.937284514968,9688.367267721818,49.675,1897.754983206851,5185.224198434647,5164.103266539347,6353.350301068225,3335.0169666535944,9688.367267721818,19.525000000000002,248.375,3.7955099664137015,6.459857381103543,7.047202255796213,6.936479372736106,6.8949098112070635,,,,
613,56,34384,6.098525285720825,6770.170121669769,77.77934601076456,7777.934601076457,9713.927291477357,51.2065,1884.7861904009,5174.547489130979,5153.495847656181,6368.237919663489,3345.689371813867,9713.927291477357,20.1875,256.0325,3.7695723808018,6.504163883926769,7.003671400894164,6.933134529066014,6.887167203465609,,,,
614,56,34440,5.478327512741089,6793.866543054581,77.67100419266548,7767.100419266547,9637.075198698425,49.282000000000004,1820.692779431878,5170.1738418136565,5148.913133300265,6302.469956609542,3334.6052420888836,9637.075198698425,19.4875,246.41,3.641385558863756,6.32863484737477,7.033207016761502,6.912622572526222,6.901614626803757,,,,
615,56,34496,5.374420404434204,6814.777108192444,77.36844823257138,7736.844823257137,9629.098360356658,43.706500000000005,1848.5470370995192,5180.34014065414,5158.622639112552,6321.554094023808,3307.5442663328486,9629.098360356658,16.975,218.5325,3.6970940741990383,6.385616842321643,7.156907364853053,6.921735792189673,6.944573383771897,0.009839490056037903,1.1698594093322754,0.6607851386070251,0.007350151892751455
616,56,34552,6.5062103271484375,6835.437014341354,77.20284670600432,7720.284670600433,9663.956961270607,44.025000000000006,1899.6472906701736,5184.732579875023,5163.081938765978,6355.136814882594,3308.8201463880123,9663.956961270607,17.025000000000002,220.125,3.799294581340347,6.45976291517038,7.16154899332365,6.937020061337669,6.939955914274615,,,,
617,56,34608,5.79106068611145,6859.320111036301,77.84701049912582,7784.701049912582,9676.436830768283,50.944500000000005,1840.7912808557016,5169.663632233404,5148.593549284537,6326.912962334518,3349.5238684337646,9676.436830768283,20.1625,254.7225,3.6815825617114033,6.396602943303513,6.985474546925909,6.919645726424295,6.893303855837368,,,,
618,56,34664,5.723710298538208,6879.907852888107,77.57149935105527,7757.149935105526,9682.400619329099,43.962500000000006,1881.2881842235738,5181.474505625991,5159.7671889167095,6348.4860169829,3333.9146023462004,9682.400619329099,17.012500000000003,219.8125,3.7625763684471476,6.466603952548386,7.082846500154471,6.931818607891789,6.955541940968131,,,,
619,56,34720,5.429331302642822,6898.934647798538,77.64351053284426,7764.351053284427,9713.409077197402,45.625,1903.4330239129754,5184.121751970446,5162.429838527838,6360.5295541984415,3352.87952299896,9713.409077197402,17.6875,228.125,3.8068660478259506,6.507627185316176,6.9942957935147385,6.938493757684725,6.960877472504445,-0.04101758077740669,1.2710760831832886,0.6767300963401794,0.003110097721219063
620,56,34776,5.709225177764893,6918.702344894409,77.4713029445723,7747.130294457229,9670.481330755274,42.425000000000004,1880.9260362980456,5188.427691407911,5166.6772003911665,6321.018515913826,3349.4628148414486,9670.481330755274,16.3625,212.125,3.761852072596091,6.399867816880086,7.041268041626522,6.931155227983966,6.978293551621101,,,,
621,56,34832,5.268071413040161,6937.714749097824,76.96989795258285,7696.989795258286,9581.781430334933,45.357,1839.4346350766464,5202.068873179563,5180.561992680432,6231.942473538747,3349.838956796186,9581.781430334933,17.675,226.785,3.6788692701532932,6.272705878682792,7.048370602772371,6.916261343996526,6.942338024195249,,,,
622,56,34888,5.285427570343018,6957.445156097412,77.63960767847699,7763.960767847699,9632.125341732595,52.0385,1816.126073884896,5145.760784028915,5124.7304469463525,6271.209946978163,3360.9153947544314,9632.125341732595,20.737500000000004,260.1925,3.6322521477697913,6.266767418814047,6.889543627774531,6.909401366250585,6.903661404266371,,,,
623,56,34944,4.998531341552734,6975.90745639801,77.52298764152617,7752.298764152618,9668.939157446943,42.419,1874.2213932943264,5161.088786207201,5139.410025873844,6358.682616798189,3310.2565406487547,9668.939157446943,16.375,212.095,3.7484427865886527,6.443095677936791,7.13579643369849,6.929603267070356,6.957660203368595,-0.005854375660419464,1.3431859016418457,0.6849603652954102,0.0012475885450839996
624,56,35000,5.283456563949585,6993.721341848373,77.57841146218195,7757.841146218196,9682.62276620993,49.85,1874.9316199917344,5187.008610372652,5165.039661572391,6328.501094721774,3354.121671488156,9682.62276620993,18.875000000000004,249.25,3.749863239983469,6.432253935216629,7.060628998810563,6.929710535669051,6.968768751470782,,,,
625,56,35056,5.5071423053741455,7011.345524787903,77.4575453277475,7745.75453277475,9661.38029731987,46.83200000000001,1868.7937645451211,5189.375744944352,5167.962275988024,6298.359270538038,3363.021026781833,9661.38029731987,18.3125,234.16,3.7375875290902427,6.347673824130032,6.996907415150336,6.926812636856048,6.941196827072534,,,,
626,56,35112,5.163034677505493,7028.655067682266,77.74659510589186,7774.659510589185,9715.417592498223,46.85000000000001,1893.9080819090375,5185.700556050829,5164.389975374349,6349.356958125092,3366.0606343731306,9715.417592498223,18.275000000000002,234.25,3.787816163818075,6.4611846045224555,6.9787774935387255,6.935386387635266,6.941235591479775,,,,
627,56,35168,5.183564901351929,7045.432809352875,78.30944857057492,7830.94485705749,9745.66039125286,49.475500000000004,1865.2400341953708,5133.034542234018,5111.96592570876,6410.032200833186,3335.628190419676,9745.66039125286,19.512500000000003,247.3775,3.7304800683907415,6.499292414827469,7.001207834594494,6.927512562954695,6.903060154208537,0.017328917980194092,1.0800737142562866,0.6782739758491516,0.005524421576410532
628,56,35224,5.051893949508667,7061.582904815674,77.74888142928543,7774.888142928543,9710.74433937722,46.6625,1889.193696448675,5186.508980006448,5165.038588397227,6334.360251018676,3376.3840883585435,9710.74433937722,18.237500000000004,233.3125,3.77838739289735,6.4055393102448415,6.95864469159147,6.933572017282207,6.950913762298021,,,,
629,56,35280,4.944133043289185,7078.417557954788,77.25764017574718,7725.764017574719,9619.130073081706,39.58800000000001,1853.778055506988,5173.723129103313,5151.923753662297,6305.196732983988,3313.9333400977184,9619.130073081706,15.137500000000003,197.94,3.707556111013976,6.366772673476357,7.149043582661342,6.922929522431541,6.981785723011554,,,,
630,56,35336,5.052430629730225,7094.872284889221,78.03733557120066,7803.733557120066,9746.309814683214,46.97500000000001,1895.6012575631485,5166.385795963946,5145.006863545004,6391.14975249831,3355.1600621849047,9746.309814683214,18.3,234.875,3.7912025151262974,6.544700651224639,6.963795767448792,6.936564920913704,6.948236566867085,,,,
631,56,35392,5.079851388931274,7111.462162971497,77.01157179890701,7701.157179890701,9636.889477680552,40.275,1895.4572977898504,5185.883006794793,5163.20973256982,6355.394088953398,3281.495388727154,9636.889477680552,14.562500000000002,201.375,3.790914595579701,6.510805061172333,7.322626002870295,6.936238244388451,7.024858659684812,-0.09253907203674316,1.458866000175476,0.6633415818214417,0.0006955389981158078
632,56,35448,4.818051815032959,7128.029461145401,77.68330457428274,7768.330457428274,9682.540671242183,43.769000000000005,1870.4412138139096,5162.623047663885,5141.28050271732,6352.502787118085,3330.037884124099,9682.540671242183,16.9875,218.845,3.740882427627819,6.423479669695913,7.071452715344227,6.928357862045075,6.946525118861869,,,,
633,56,35504,5.001906156539917,7142.6537981033325,77.01715224592266,7701.715224592266,9638.81373161988,44.45,1892.6485070276146,5183.8481284547715,5161.791169513452,6357.343245948583,3281.470485671298,9638.81373161988,16.425,222.25,3.785297014055229,6.5037100236245,7.299240854645339,6.935376513196758,6.980730168247942,,,,
634,56,35560,4.868371486663818,7157.750537157059,77.81963668356354,7781.963668356357,9682.216093822677,43.819500000000005,1856.43292546632,5130.187080870717,5108.709979394895,6381.5548591625775,3300.661234660098,9682.216093822677,17.025000000000002,219.0975,3.7128658509326398,6.458429966614105,7.121072444037691,6.924645338133479,6.943455677653309,,,,
635,56,35616,4.899628400802612,7172.657094955444,78.23995231359044,7823.995231359044,9724.04005116177,46.82000000000001,1853.2248198027262,5112.155724419789,5090.955825081491,6424.512666027847,3299.527385133922,9724.04005116177,18.337500000000006,234.1,3.7064496396054523,6.5069021968844885,7.051349137675597,6.924139500198341,6.928575450372875,-0.056271571666002274,1.0940676927566528,0.6792505383491516,0.004021530970931053
636,56,35672,5.1481406688690186,7187.011919975281,77.80936426688919,7780.93642668892,9711.544227442646,42.731500000000004,1887.876300753726,5157.410879824778,5136.1041361247735,6395.331562285224,3316.2126651574217,9711.544227442646,16.4375,213.6575,3.7757526015074516,6.537977908165468,7.109006081994881,6.9343013623350815,6.953445467529237,,,,
637,56,35728,4.632454872131348,7201.495334148407,77.73492123073298,7773.492123073297,9690.58826339451,42.612500000000004,1874.4836403212119,5181.743328502294,5160.389531395253,6355.925861833764,3334.662401560745,9690.58826339451,16.400000000000006,213.0625,3.748967280642424,6.495926526789566,7.079305825194686,6.930118205092248,6.958821272571906,,,,
638,56,35784,4.788326025009155,7215.876539945602,77.80437580393217,7780.437580393218,9714.436689294304,49.612500000000004,1884.3866089010874,5175.739298329056,5154.595326313442,6362.3911549841905,3352.0455343101157,9714.436689294304,19.512500000000003,248.0625,3.7687732178021744,6.4807130332005585,6.999267525469645,6.932825047950823,6.9048691230749375,,,,
639,56,35840,4.984763860702515,7231.917221546173,77.63873041365633,7763.873041365633,9662.52226423841,55.307,1843.3422228727782,5186.45008058794,5165.435849127714,6308.1061975883495,3354.416066650061,9662.52226423841,22.0625,276.53499999999997,3.6866844457455565,6.38753312208092,6.9187104469672684,6.92023509126705,6.862644240299387,-0.06370072066783905,1.1454936265945435,0.655479371547699,0.005142346490174532
640,56,35896,4.85816216468811,7245.564131259918,77.47677663623588,7747.677663623589,9696.628872733192,47.400000000000006,1901.5512091096039,5184.660201033375,5163.015398743066,6363.9374805606385,3332.6913921725545,9696.628872733192,17.700000000000003,237.0,3.8031024182192077,6.526665751540554,7.123530613496302,6.938113099951758,6.975543893602613,,,,
641,56,35952,4.851115703582764,7260.395624637604,77.6220652978622,7762.206529786219,9634.9775996939,42.6895,1830.0815699076802,5151.9430055183875,5130.404928019147,6321.922488877281,3313.05511081662,9634.9775996939,16.525000000000002,213.4475,3.6601631398153605,6.334436219472088,7.113167761651829,6.915437808586972,6.9577257089205755,,,,
642,56,36008,5.3069093227386475,7275.65550160408,77.6993339274157,7769.93339274157,9672.665641476719,50.894000000000005,1851.8382487351487,5163.520033402532,5142.462386441308,6353.131603732074,3319.534037744644,9672.665641476719,20.125,254.47,3.7036764974702976,6.460700436211634,7.019913519758731,6.923235170955688,6.88643985431536,,,,
643,56,36064,5.313101768493652,7291.375828027725,77.63066023074352,7763.066023074352,9700.516997746636,54.212500000000006,1883.2384746722837,5177.4551914453,5155.927789400393,6352.824491660921,3347.692506085714,9700.516997746636,20.775,271.0625,3.766476949344568,6.486343031983373,7.005005706798733,6.932539464482514,6.931909644719276,0.10845160484313965,0.8569579124450684,0.6001091003417969,0.005976516753435135
644,56,36120,4.563322067260742,7305.043631315231,77.93566440709174,7793.566440709173,9665.953999069117,50.694500000000005,1821.6930583599449,5171.956038759383,5150.704480969818,6272.107708835272,3393.846290233845,9665.953999069117,20.1125,253.4725,3.6433861167198898,6.286976167921617,6.855087690024716,6.9117112623079064,6.933301768124152,,,,
645,56,36176,4.696426868438721,7318.916540622711,77.36662125778383,7736.662125778383,9668.587024809944,49.612500000000004,1882.312399031561,5187.373960779651,5166.216462936036,6332.330855478276,3336.2561693316684,9668.587024809944,19.512500000000003,248.0625,3.764624798063122,6.442955897367729,7.049707482677638,6.931911134832651,6.894986809885245,,,,
646,56,36232,5.132485866546631,7333.177338838577,77.26544686551189,7726.544686551189,9618.57212338697,65.71300000000001,1826.314436835782,5119.8001582384595,5096.252080869663,6349.9261484085355,3268.6459749784362,9618.57212338697,23.787500000000005,328.565,3.6526288736715644,6.368550540359187,7.180948454626871,6.915113461838118,7.020482509939108,,,,
647,56,36288,4.884483575820923,7347.647376537323,77.95010023260537,7795.010023260536,9736.85878127162,53.9065,1887.9422580110845,5162.593394288255,5141.557240562526,6380.759690848165,3356.0990904234554,9736.85878127162,21.4125,269.5325,3.7758845160221695,6.489510722257157,6.940193313311927,6.933921449354231,6.873656964415352,-0.03484123572707176,1.0389351844787598,0.5989678502082825,0.006975258234888315
648,56,36344,4.522363662719727,7361.408965587616,78.16383652916878,7816.383652916878,9721.080928623633,55.244,1849.453275706755,5131.2536970669025,5110.26767026122,6393.4580573531175,3327.622871270515,9721.080928623633,21.337500000000002,276.22,3.6989065514135104,6.48693043632069,7.03075454989919,6.922890797147994,6.897020662269979,,,,
649,56,36400,4.005845069885254,7372.800008296967,77.3131692879261,7731.31692879261,9636.027285568203,57.325500000000005,1847.3848567755927,5186.320214185953,5164.562818401097,6313.300423480454,3322.7268620877485,9636.027285568203,21.425000000000004,286.6275,3.694769713551185,6.41908602411821,7.1716398396106635,6.921722884000501,6.934479592593348,,,,
650,56,36456,3.865713596343994,7384.065682649612,77.31667126191715,7731.6671261917145,9701.175743925372,52.875,1916.6336177336573,5182.801672820451,5161.478473142028,6377.523526747907,3323.652217177465,9701.175743925372,20.85,264.375,3.8332672354673147,6.553737034165714,7.064033705120895,6.941565835671502,6.869940579750597,,,,
651,56,36512,3.8763442039489746,7395.44541311264,77.65011318950636,7765.0113189506355,9703.270601445729,54.26950000000001,1883.9897824950926,5171.244098676353,5149.973771898107,6380.007089750568,3323.2635116951597,9703.270601445729,21.512500000000003,271.34749999999997,3.767979564990185,6.523948212670269,7.041056241584306,6.932438955828165,6.857593257009642,0.022622257471084595,0.7498049139976501,0.5743224620819092,0.0010939346393570304
652,56,36568,3.944186210632324,7406.991638660431,77.55882178469886,7755.882178469887,9612.730094821174,75.933,1780.9149163512884,5130.740539873371,5109.289197949577,6264.875326194902,3347.8547686262727,9612.730094821174,27.612500000000004,379.66499999999996,3.5618298327025775,6.17430397239363,6.995679608298453,6.896164474810048,6.965248135069631,,,,
653,56,36624,5.4017863273620605,7420.120520591736,78.06684436350076,7806.684436350077,9748.74583649231,52.613,1889.4484001422322,5129.089770397542,5108.155129267605,6422.635094246598,3326.1107422457117,9748.74583649231,20.825000000000003,263.065,3.778896800284465,6.5547818575804,7.001014072259668,6.93489206006732,6.872983180659863,,,,
654,56,36680,5.449843168258667,7434.295201778412,77.12645427396816,7712.6454273968175,9663.418749918164,61.575,1889.1983225213492,5179.623131924688,5158.18109926534,6357.888471826944,3305.5302780912234,9663.418749918164,23.275000000000002,307.875,3.7783966450426982,6.486497979926973,7.196342645978887,6.9334186281230625,6.882962762780388,,,,
655,56,36736,5.251214027404785,7447.904383659363,77.75288962071942,7775.2889620719425,9725.684799248926,48.5065,1901.8893371769839,5154.340473615087,5133.080448105351,6400.7714877808985,3324.913311468027,9725.684799248926,18.962500000000002,242.5325,3.8037786743539677,6.555226632138059,7.053148068868153,6.938450276974911,6.916133187991834,-0.11817339062690735,1.4506148099899292,0.6126983761787415,0.004533246159553528
656,56,36792,5.320520401000977,7461.129142999649,77.57426273461681,7757.4262734616805,9696.200119174904,49.800000000000004,1888.9738457132219,5179.654105327043,5158.464876043125,6369.806676303249,3326.3934428716525,9696.200119174904,19.55,249.0,3.777947691426444,6.522908421999932,7.06826272633387,6.934487369300223,6.892178530113518,,,,
657,56,36848,4.850283861160278,7474.640709161758,77.9722729920414,7797.22729920414,9725.361372132878,50.956500000000005,1877.1775729287383,5170.151021382321,5148.92166653438,6372.896563974764,3352.4648081581136,9725.361372132878,20.137500000000003,254.7825,3.754355145857476,6.459409371347235,6.969415984115943,6.930594125637128,6.903625513132093,,,,
658,56,36904,7.22651743888855,7503.0930070877075,77.94986145272466,7794.986145272467,9720.661467367094,52.369,1873.306322094627,5160.686103872043,5139.593398467706,6381.166986343331,3339.4944810237625,9720.661467367094,20.762500000000003,261.845,3.746612644189254,6.480227912092531,6.987106012091281,6.929660141220621,6.878032216295023,,,,
659,56,36960,6.427059650421143,7529.698801279068,78.08690003031003,7808.6900030310035,9735.955547481215,58.551,1868.714544450213,5125.739409379268,5104.770137277461,6423.610146554461,3312.3454009267557,9735.955547481215,22.725,292.755,3.7374290889004262,6.533840202564199,6.999379846774845,6.928320939925113,6.87892873362774,0.049166519194841385,0.7500932216644287,0.6173018217086792,0.005493773613125086
660,56,37016,6.195138216018677,7555.990533828735,77.39670826132092,7739.670826132091,9649.769278936044,49.78750000000001,1860.3109528039515,5176.76461840187,5155.149419966485,6331.120628031895,3318.648650904148,9649.769278936044,18.862500000000004,248.9375,3.720621905607903,6.444272722086693,7.149015184620678,6.925629842229749,6.942348703130081,,,,
661,56,37072,5.992584943771362,7580.51127576828,77.93836713911881,7793.836713911882,9743.963732153621,55.3875,1894.7395182417406,5185.805015446681,5164.70875844144,6348.631771357556,3395.3319607960666,9743.963732153621,22.0375,276.9375,3.7894790364834816,6.475524059968768,6.838584520900168,6.935739750306202,6.8887314115496325,,,,
662,56,37128,6.040773868560791,7603.216554403305,77.58698309442575,7758.698309442574,9671.659580127545,42.356500000000004,1870.6047706849718,5158.597981941973,5137.028588625791,6362.772982462271,3308.886597665274,9671.659580127545,16.362500000000004,211.7825,3.7412095413699435,6.437115743513446,7.131096230998279,6.928526059340305,6.9590881875660955,,,,
663,56,37184,5.886953592300415,7627.515452384949,77.42088082488152,7742.088082488153,9698.139753897727,44.275000000000006,1911.7766714095742,5182.834232113626,5161.127653941119,6376.092727628509,3322.0470262692174,9698.139753897727,17.075000000000003,221.375,3.8235533428191486,6.522773138333575,7.106223926681487,6.9410129089602135,6.950755261132274,-0.033609453588724136,0.8050433993339539,0.5897995829582214,0.01266553346067667
664,56,37240,6.0893354415893555,7651.815915584564,77.33110339206829,7733.110339206828,9626.361888938314,49.7695,1843.4820497314872,5148.577077519688,5126.990757274795,6341.555143747972,3284.806745190343,9626.361888938314,18.900000000000002,248.8475,3.686964099462974,6.411836165455509,7.225113833569156,6.920547787748263,6.931920591132547,,,,
665,56,37296,6.78626823425293,7676.455148458481,77.98796383470281,7798.796383470282,9742.15650717108,49.794000000000004,1893.566123700797,5146.510759001716,5125.525112176284,6408.44893594064,3333.7075712304386,9742.15650717108,19.5625,248.97,3.7871322474015945,6.5521397758273485,7.018302679994784,6.9360451298030155,6.896153004452048,,,,
666,56,37352,6.433863639831543,7700.976072311401,77.92681342091069,7792.68134209107,9736.31482716444,46.975,1896.6584850733702,5164.182734359308,5142.986138688453,6393.161700134068,3343.1531270303726,9736.31482716444,18.3,234.875,3.7933169701467406,6.546680781633688,7.02723771154633,6.936883675213344,6.927880311213888,,,,
667,56,37408,6.073767423629761,7722.385236501694,77.45362180063722,7745.362180063722,9689.845635761052,41.45,1903.033455697332,5184.489776945209,5162.855978916026,6363.607570997367,3326.2380647636865,9689.845635761052,15.825000000000001,207.25,3.8060669113946646,6.524932081504014,7.119075965414429,6.938522403148284,6.969784580274641,-0.020027339458465576,0.7704577445983887,0.6178320646286011,0.0007694419473409653
668,56,37464,5.945893287658691,7746.350420713425,75.87822010078256,7587.822010078256,9510.62688305814,62.338,1860.466872979884,5177.887919088312,5151.684502656216,6327.826325673325,3182.800557384815,9510.62688305814,21.4,311.69,3.7209337459597682,6.396212312666102,7.628218083856823,6.925270385595035,7.055172270677849,,,,
669,56,37520,6.6517722606658936,7768.175111293793,77.558760033026,7755.876003302602,9698.73987524736,41.444,1901.4198719447586,5155.35593795768,5133.6903984415585,6400.438597305866,3298.301277941494,9698.73987524736,15.837500000000002,207.22,3.802839743889517,6.554645735141827,7.173222722290337,6.938311335876705,6.964199827103324,,,,
670,56,37576,5.34842848777771,7789.656056642532,77.87254880718154,7787.254880718154,9724.188648454001,46.91250000000001,1890.0212677358468,5164.464666617588,5143.246044536615,6389.430297872399,3334.7583505816015,9724.188648454001,18.2875,234.5625,3.7800425354716936,6.537384918131103,7.03679803518868,6.934909159165699,6.924880958187801,,,,
671,56,37632,5.325863599777222,7811.426998376846,77.98936823731839,7798.9368237318395,9722.034743019209,41.188,1881.9099192873696,5118.8375262922145,5097.281496684149,6432.302559284987,3289.7321837342224,9722.034743019209,15.800000000000004,205.94,3.7638198385747392,6.55282600420282,7.160029338593076,6.932721423227808,6.963814235581012,-0.06998172402381897,0.7447702884674072,0.6860618591308594,0.0027653563302010298
672,56,37688,5.140808582305908,7832.396800518036,77.6290423736127,7762.904237361271,9634.686942054019,48.20850000000001,1823.5742046927476,5158.059681277364,5136.843632223889,6294.243597253568,3340.4433448004506,9634.686942054019,19.012500000000003,241.0425,3.647148409385495,6.238874526424162,7.004451056071044,6.911896574704853,6.919975065231965,,,,
673,56,37744,5.8585851192474365,7853.231873035431,77.61313773502779,7761.313773502779,9696.498374018724,46.96900000000001,1888.2156005159436,5157.537287886745,5136.38333112371,6390.805037183767,3305.6933368349555,9696.498374018724,18.3125,234.845,3.776431201031887,6.533023357081999,7.0686115423750655,6.934356393732928,6.923466505432661,,,,
674,56,37800,5.223597049713135,7872.448517560959,78.16934344759395,7816.934344759396,9735.096548074102,48.25050000000001,1869.9117033147077,5160.47134098368,5139.014621318536,6351.630337381059,3383.4662106930446,9735.096548074102,18.925000000000004,241.2525,3.739823406629416,6.457256044844663,6.856152360894343,6.928486395947812,6.961873623724942,,,,
675,56,37856,5.41947865486145,7892.0338389873505,77.74153695894839,7774.153695894838,9728.53393125945,56.862500000000004,1897.517735364611,5184.426578195544,5163.459269354627,6360.571789118108,3367.9621421413412,9728.53393125945,22.675,284.3125,3.795035470729222,6.498859605066756,6.879964314872741,6.936730584975948,6.856796186120444,-0.13244277238845825,0.8210878968238831,0.6486199498176575,0.008226907812058926
676,56,37912,5.505767107009888,7911.630352258682,77.98361661076606,7798.361661076606,9714.98631338048,40.013000000000005,1876.6116523038734,5116.438907236128,5094.241493812884,6433.1150408659605,3281.8712725145188,9714.98631338048,14.537500000000003,200.065,3.753223304607747,6.548468651769894,7.224073768766133,6.931171316372351,7.032330824227728,,,,
677,56,37968,5.289993524551392,7930.068958044052,77.94982867051348,7794.982867051348,9710.626305591013,44.013000000000005,1871.6304385396652,5152.903568026754,5131.578723454564,6387.043663709073,3323.5826418819393,9710.626305591013,17.050000000000004,220.065,3.7432608770793303,6.498563156969366,7.082725999645643,6.929329285912807,6.944751745398568,,,,
678,56,38024,5.555120944976807,7949.453190088272,77.70493833605457,7770.4938336054565,9703.073043078002,46.96900000000001,1885.6102094725438,5175.40918884432,5154.128022033032,6368.153004125443,3334.920038952559,9703.073043078002,18.312500000000004,234.845,3.7712204189450875,6.502228680213218,7.055778767677797,6.933354470734824,6.9247020814675775,,,,
679,56,38080,5.197577953338623,7967.388310432434,77.33624963577759,7733.62496357776,9662.776749543895,31.856500000000004,1897.295285966136,5164.293315506982,5140.137875777371,6393.67713101318,3269.099618530716,9662.776749543895,10.837500000000002,159.2825,3.7945905719322717,6.547723242527386,7.346165657164933,6.9370749081454175,7.1295827876202065,0.013280704617500305,0.4507422149181366,0.6682775020599365,0.0006662923842668533
680,56,38136,5.088127613067627,7985.54496884346,77.68020046778055,7768.020046778056,9711.526830511526,51.206500000000005,1892.3002837334711,5148.326355804133,5127.227320995668,6407.229975835211,3304.2968546763154,9711.526830511526,20.1875,256.0325,3.7846005674669425,6.549937906590317,7.052356688941378,6.935666208615809,6.879055447529267,,,,
681,56,38192,4.979848146438599,8003.3524396419525,78.16914623450299,7816.9146234503005,9713.895402581944,35.407,1861.5737791316433,5110.428929183981,5088.308164143307,6435.6102972668195,3278.2851053151235,9713.895402581944,13.287500000000001,177.035,3.7231475582632867,6.536183855655857,7.213342695930465,6.926769217992616,7.014439321196936,,,,
682,56,38248,4.883403539657593,8020.1878826618195,77.94681813900178,7794.681813900179,9676.93778495022,43.864000000000004,1838.3919710500404,5122.28029015632,5100.977454889839,6368.626260292598,3308.31152465762,9676.93778495022,17.075,219.32,3.676783942100081,6.397667975314606,7.082949100385531,6.9189796874342,6.954192631671169,,,,
683,56,38304,5.473430871963501,8037.98050069809,78.38627271305046,7838.6272713050475,9736.594647755373,39.6385,1858.3288764503275,5090.953153198523,5069.575585874684,6452.425043891748,3284.1696038636264,9736.594647755373,15.175,198.1925,3.7166577529006553,6.541285557771069,7.144077135812756,6.925887345482205,6.977091270208825,0.00036635310971178114,0.48665013909339905,0.7328009605407715,0.006157517898827791
684,56,38360,5.1063573360443115,8054.803646564484,76.30201715263817,7630.201715263817,9479.869172818457,56.3455,1793.3219575546404,5079.104239359731,5052.746842711511,6395.872170187251,3083.997002631208,9479.869172818457,18.9,281.72749999999996,3.586643915109281,6.407689245103337,7.7736888493778435,6.906175037723165,7.085408812565068,,,,
685,56,38416,5.193904638290405,8071.701268672943,75.28373306035094,7528.373306035095,9454.818124248097,52.3885,1874.0563182130018,5174.666493387638,5150.226817625895,6313.693053363865,3141.1250708842304,9454.818124248097,17.725,261.9425,3.7481126364260033,6.374012240217938,7.77781820665694,6.928140227312653,7.049320504588459,,,,
686,56,38472,5.606694221496582,8089.076134443283,77.65140148454302,7765.140148454302,9683.393264984776,44.313,1873.9401165304748,5134.9299334453235,5112.8010025771555,6411.861482245055,3271.531782739722,9683.393264984776,16.425000000000004,221.565,3.7478802330609495,6.532403068158111,7.228640985238967,6.930272600726283,6.987845851920172,,,,
687,56,38528,5.193829774856567,8106.635330915451,77.79867768499099,7779.867768499098,9721.650516988062,40.0315,1901.7512484889623,5154.625162354001,5133.003482703799,6400.704624900664,3320.945892087396,9721.650516988062,15.212500000000002,200.1575,3.8035024969779245,6.555064667370169,7.104142244169642,6.938409489199294,6.988966608640423,-0.1101936623454094,0.8441587090492249,0.7523511052131653,0.0012007957557216287
688,56,38584,4.78011679649353,8122.454251527786,77.71719757866265,7771.719757866265,9693.219597719748,41.5565,1879.9433398534818,5159.799435585374,5137.640913203797,6389.2022917220365,3304.017305997709,9693.219597719748,15.175,207.7825,3.7598866797069634,6.526126856892067,7.203728166924432,6.931935137725916,7.023467187550568,,,,
689,56,38640,4.651727199554443,8135.205476284027,77.81379530659146,7781.379530659147,9702.135688831717,42.600500000000004,1878.15565817257,5153.120328361749,5131.739374279312,6378.293554095915,3323.8421347358017,9702.135688831717,16.425,213.0025,3.7563113163451396,6.481491089423259,7.0854124054383405,6.931051455004105,6.9591442270505866,,,,
690,56,38696,4.274872303009033,8148.175635814667,78.01829097861909,7801.82909786191,9713.71419020533,36.888,1874.9970923434198,5119.463394314638,5097.523448453332,6427.562782972633,3286.1514072326977,9713.71419020533,13.912500000000001,184.44,3.74999418468684,6.543232175801589,7.188166452983014,6.930665767028908,7.002747539051724,,,,
691,56,38752,4.2155537605285645,8160.6180584430695,77.99653481322365,7799.653481322366,9698.89792864252,41.182,1858.0624473201558,5140.154183837318,5118.607553905674,6403.327036136916,3295.570892505605,9698.89792864252,15.8125,205.91,3.716124894640311,6.512663599698404,7.1649234759794265,6.925569973079381,6.9607332639039345,-0.03399432823061943,0.5545112490653992,0.7124202251434326,0.00028461715555749834
692,56,38808,5.578579664230347,8174.961630582809,78.27109243195136,7827.1092431951365,9737.318035308223,35.645,1874.5637921130883,5086.662205485869,5064.807680104328,6456.281475394376,3281.0365599138486,9737.318035308223,13.3625,178.225,3.7491275842261773,6.558185809729314,7.162989431692061,6.930666891815723,7.020687304443676,,,,
693,56,38864,5.476760625839233,8189.059945106506,77.99102676839095,7799.102676839095,9690.023208612189,31.113,1859.8075317730927,5123.264733156209,5100.681339678512,6420.323524112789,3269.6996844993996,9690.023208612189,11.387500000000003,155.565,3.7196150635461858,6.524290536357724,7.261621599417906,6.926166259047877,7.054903131122002,,,,
694,56,38920,5.393402576446533,8203.963082075119,78.31331855798038,7831.331855798039,9732.158520013862,36.819500000000005,1864.0071642158218,5104.421615769859,5082.399369611659,6439.911792444091,3292.2467275697704,9732.158520013862,13.912500000000003,184.0975,3.7280143284316436,6.539722732202067,7.152144717753597,6.927496136941012,7.014434100446445,,,,
695,56,38976,5.376413822174072,8218.194211959839,77.90000302589029,7790.000302589027,9628.29751056812,42.61450000000001,1795.6827079790914,5115.07147867811,5093.424132365284,6330.41940233163,3297.8781082364903,9628.29751056812,15.825000000000005,213.0725,3.5913654159581823,6.313234136770083,7.131298351300682,6.905072423738931,7.013223777066579,0.10595372319221497,0.42029324173927307,0.7330474853515625,0.003399145556613803
696,56,39032,5.371118545532227,8232.414836406708,78.48351014922062,7848.351014922062,9729.952770259195,35.3325,1846.2692553371326,5087.222790344271,5065.209360259407,6446.123012185274,3283.82975807392,9729.952770259195,13.300000000000004,176.6625,3.6925385106742654,6.511750555793658,7.162949060910886,6.922192860666677,7.024157608037702,,,,
697,56,39088,5.765802621841431,8249.525811195374,78.40386582562704,7840.386582562704,9685.146098230285,32.30200000000001,1812.4575156675812,5069.23719057331,5046.763075135511,6407.717868416772,3277.428229813514,9685.146098230285,12.050000000000004,161.51,3.6249150313351626,6.392117646563219,7.172264536119997,6.911503158832397,7.058090052221993,,,,
698,56,39144,6.4940619468688965,8276.314078330994,78.53707405801012,7853.707405801012,9734.704529011735,31.032500000000002,1849.964623210723,5058.205006594076,5035.884060554945,6482.773727682275,3251.9308013294594,9734.704529011735,11.412500000000001,155.1625,3.699929246421446,6.5495693280350125,7.237244834304744,6.923566351995805,7.057264800375746,,,,
699,56,39200,6.146641254425049,8303.500862121582,77.84255423633326,7784.255423633325,9703.770599718882,37.019,1882.4961760855585,5155.265520080825,5133.4252070226175,6399.858865012424,3303.9117347064594,9703.770599718882,13.925,185.095,3.7649923521711166,6.536980906278118,7.164437454048534,6.932755973404951,7.008568346554923,0.029610445722937584,0.5093240141868591,0.723930835723877,0.0064890203066170216
700,56,39256,5.395744562149048,8328.115727901459,77.82713369485865,7782.713369485864,9677.980985300012,28.469500000000004,1866.7981158141467,5124.683666733779,5101.663315554427,6411.491612138212,3266.4893731617985,9677.980985300012,10.1875,142.3475,3.7335962316282933,6.5225335425410425,7.27427270739571,6.928148451936925,7.094213900778184,,,,
701,56,39312,5.6561291217803955,8359.352777957916,78.13515143018445,7813.515143018446,9705.204857015891,35.701,1855.9887139974467,5095.091220255888,5072.041525667954,6446.976022479437,3258.228834536454,9705.204857015891,12.675,178.505,3.711977427994893,6.535473765631369,7.305374676496517,6.925169885687447,7.076153241916352,,,,
702,56,39368,5.414544105529785,8387.111357688904,78.53269023674731,7853.269023674731,9740.26105529103,33.8575,1853.134531616298,5052.424274338526,5030.415962466786,6486.838592367139,3253.4224629238897,9740.26105529103,12.662500000000001,169.2875,3.706269063232596,6.554268886544773,7.221029318914794,6.924510680590575,7.0278459847078105,,,,
703,56,39424,5.574796438217163,8418.13231754303,78.50289990603814,7850.289990603815,9714.448145098166,35.2015,1828.9566544943516,5082.644519010013,5060.835086222134,6444.319167658793,3270.1289774393717,9714.448145098166,13.287500000000001,176.0075,3.6579133089887033,6.474837372764592,7.192184148421256,6.916943757001868,7.018625751230315,-0.020894041284918785,0.4885292053222656,0.7091378569602966,0.003302690340206027
704,56,39480,5.4135518074035645,8472.497827529907,78.23314366832687,7823.314366832688,9680.08135069651,48.1575,1808.6094838638232,5104.062450930206,5082.833179102476,6392.7307986831165,3287.350552013393,9680.08135069651,18.262500000000003,240.7875,3.6172189677276467,6.437975598635999,7.052426520731196,6.910805091559931,6.969337111095446,,,,
705,56,39536,5.304100751876831,8530.278597831726,78.05357710245914,7805.357710245915,9635.00627751213,44.95750000000001,1784.6910672662152,5100.64824421601,5079.2392061923465,6352.246249769799,3282.7600277423307,9635.00627751213,16.9375,224.7875,3.5693821345324297,6.32795333176277,7.127397830722624,6.90233725543941,6.981950655087455,,,,
706,56,39592,5.083942890167236,8563.169606924057,78.42859604440542,7842.859604440544,9701.808078510725,32.07600000000001,1826.8724740701823,5078.781593268136,5056.567000016625,6443.199603856956,3258.6084746537704,9701.808078510725,11.950000000000001,160.38,3.653744948140365,6.46169811311719,7.240421064380383,6.9162329662129025,7.041375608929463,,,,
707,56,39648,5.6066734790802,8595.277589559555,77.99858548365036,7799.858548365037,9700.946221225568,29.882000000000005,1871.2056728605312,5115.849017879871,5093.054737556749,6435.096062632529,3265.850158593039,9700.946221225568,10.812500000000002,149.41,3.7424113457210626,6.54477979106259,7.270310454872955,6.929596030072773,7.071791277977904,-0.007464563939720392,0.6436827778816223,0.7188119292259216,0.006342735607177019
708,56,39704,5.72343897819519,8633.105355262756,78.39336932374995,7839.336932374994,9727.424106339171,35.27600000000001,1852.8111739641756,5076.067007983415,5054.047618104205,6467.5381708062505,3259.88593553292,9727.424106339171,13.275000000000002,176.38,3.7056223479283514,6.544333408892613,7.230813686215964,6.924336390443337,7.011776536352248,,,,
709,56,39760,5.4741575717926025,8663.628297567368,78.59218856896626,7859.218856896626,9723.576330346856,37.8895,1826.4679734502297,5039.300368846113,5017.674352539236,6468.690343295467,3254.8859870513897,9723.576330346856,14.537500000000003,189.4475,3.6529359469004596,6.451979354574892,7.140199373164226,6.916038928228703,6.9962059229767215,,,,
710,56,39816,5.26307487487793,8696.369306564331,78.85640380313106,7885.640380313106,9714.312665979724,50.34550000000001,1778.326785666619,5069.113470119637,5047.951362641828,6397.953421226408,3316.3592447533156,9714.312665979724,19.4125,251.7275,3.5566535713332375,6.294602487481,6.948370933269286,6.900016354508921,6.9622377149716845,,,,
711,56,39872,5.6054370403289795,8730.539696931839,78.77845927943508,7877.845927943508,9749.615967990405,32.314,1839.4560400468959,5027.926132849065,5005.8915272057875,6507.547044030412,3242.0689239599933,9749.615967990405,12.025000000000002,161.57,3.678912080093792,6.552052822591494,7.2313875424909195,6.920584645169525,7.039175043160797,0.07727012783288956,0.5009564757347107,0.69346684217453,0.008760047145187855
712,56,39928,5.163302659988403,8747.363177061081,78.67713703231756,7867.713703231756,9719.999337413325,31.9955,1820.2901341815686,5029.178068355616,5007.014786541026,6465.735308010812,3254.2640294025127,9719.999337413325,11.975000000000001,159.9775,3.640580268363137,6.434282286560836,7.192562789267813,6.9141193968590615,7.051522132938318,,,,
713,56,39984,5.045928955078125,8764.250984668732,79.04466620212841,7904.466620212841,9766.088627177962,37.708,1823.9140069651205,4984.471719637215,4963.03095446326,6540.334892806789,3225.753734371173,9766.088627177962,14.4875,188.54,3.647828013930241,6.554613820504937,7.158931033986414,6.9161636479452175,6.9989074159063245,,,,
714,56,40040,5.383327007293701,8781.808556318283,78.71867900666551,7871.867900666551,9741.857680663516,41.0325,1828.9572799969656,5059.239157812134,5037.510671058635,6479.113882199297,3262.7437984642183,9741.857680663516,15.125000000000004,205.1625,3.657914559993931,6.527827601968366,7.19410653427599,6.917380793024026,7.014942328858598,,,,
715,56,40096,4.887479305267334,8799.490841150284,78.10804745174967,7810.804745174968,9736.821865168007,46.84400000000001,1879.173119993039,5168.418247429841,5147.053462368884,6378.385852129673,3358.436013038333,9736.821865168007,18.2875,234.22,3.7583462399860785,6.495455836696805,6.9563731440904695,6.931460321634199,6.95049840421759,0.04894574359059334,0.549582839012146,0.7429125905036926,0.005127813667058945
716,56,40152,5.075829744338989,8822.38777923584,78.26545402454127,7826.545402454127,9722.569859720894,39.6385,1856.385957266768,5094.693139645214,5073.107397730183,6446.97441835885,3275.5954413620448,9722.569859720894,15.175,198.1925,3.7127719145335356,6.535167642919595,7.179173600863378,6.925280221635659,6.975738204607098,,,,
717,56,40208,4.979468822479248,8846.460869312286,78.98308136130026,7898.308136130026,9739.85527334598,37.589000000000006,1803.9581372159553,5019.022855202113,4997.658605830357,6501.939317539195,3237.915955806786,9739.85527334598,14.450000000000001,187.945,3.6079162744319104,6.51157788902499,7.168493271026069,6.910100415487496,6.981183699245967,,,,
718,56,40264,5.026788949966431,8870.154432058334,78.65736876457997,7865.736876457997,9750.972704039068,49.63850000000001,1835.5973275810702,5097.655848171723,5075.790221212923,6431.283271370012,3319.6894326690553,9750.972704039068,18.887500000000003,248.1925,3.6711946551621404,6.499065035639732,6.994314353790849,6.919035512371197,6.981479890584905,,,,
719,56,40320,4.580756425857544,8890.668561458588,78.155685789183,7815.568578918299,9721.024747847863,43.882000000000005,1861.5741689295653,5117.387577515162,5096.197693202656,6420.692288324404,3300.33245952346,9721.024747847863,17.0375,219.41,3.7231483378591306,6.514817445742086,7.111193540770305,6.926590400189257,6.935800502063292,-0.006061827298253775,0.4926408529281616,0.7332668304443359,0.002262979047372937
720,56,40376,4.854578733444214,8912.423359632492,79.90548593157473,7990.548593157473,9785.593889816948,37.321000000000005,1757.7242966594745,4996.740566256443,4974.810665315572,6505.374856354706,3280.219033462241,9785.593889816948,14.4375,186.605,3.515448593318949,6.438361872658695,7.000536877504668,6.896276869241754,7.032474881922316,,,,
721,56,40432,4.89199161529541,8944.063378334045,79.06202283589056,7906.202283589057,9662.024103766696,52.953500000000005,1702.8683201776403,5031.507389464253,5010.7942779596715,6310.962648150316,3351.061455616381,9662.024103766696,21.400000000000006,264.7675,3.4057366403552805,6.116842307314964,6.776685476155714,6.870127142240207,6.916767961715089,,,,
722,56,40488,4.8182666301727295,8959.368177890778,78.2514074410143,7825.140744101429,9675.062713526695,39.38250000000001,1810.5394694252655,5106.819748253133,5085.338490982921,6389.6074614850695,3285.455252041625,9675.062713526695,15.137500000000003,196.9125,3.621078938850531,6.431367659970009,7.16095525533718,6.91130046148752,6.974199851143326,,,,
723,56,40544,4.5868518352508545,8974.678443908691,79.1883474885068,7918.834748850681,9737.46707749623,41.9455,1776.6868286455506,5067.8217408662,5046.147593627906,6418.1978243269405,3319.2692531692906,9737.46707749623,16.3625,209.7275,3.553373657291101,6.4128601193193795,6.987702222458142,6.901468946325734,6.988134798694687,-0.05058205500245094,0.6801066398620605,0.7929667830467224,0.005415070801973343
724,56,40600,5.399329900741577,8994.23259806633,79.07150137974645,7907.150137974645,9752.948859302955,39.24550000000001,1806.553221328309,5038.872695965115,5017.60815540088,6486.516431883865,3266.4324274190885,9752.948859302955,15.137500000000001,196.2275,3.613106442656619,6.5076182153555395,7.143739228919277,6.9108095055770535,6.9725843210766225,,,,
725,56,40656,5.083271741867065,9015.178251743317,79.58988590062172,7958.988590062172,9711.065918024728,32.9525,1719.1248279625563,4987.473892051237,4965.667508759862,6481.293203907457,3229.772714117272,9711.065918024728,12.55,164.7625,3.4382496559251123,6.399455513401512,7.225801377637893,6.884904049260117,7.019993953534944,,,,
726,56,40712,4.8984010219573975,9035.956106901169,79.48748933012271,7948.748933012271,9809.303733068393,39.24550000000001,1821.309300056122,5013.10452505184,4991.38017905749,6517.059083178077,3292.244649890316,9809.303733068393,15.137500000000001,196.2275,3.6426186001122445,6.540338656607935,6.976658759482515,6.9153012341649935,7.022710175416299,,,,
727,56,40768,4.269142150878906,9055.675210237503,80.29882378841558,8029.8823788415575,9805.098945765869,32.9405,1742.2760669243116,4909.102581121903,4887.6490608425665,6597.907768706033,3207.1911770598363,9805.098945765869,12.575,164.7025,3.4845521338486236,6.510980082361828,7.199365814035866,6.8924681158455625,7.020652138555737,-0.021944185718894005,0.45785364508628845,0.7969895005226135,0.007496214937418699
728,56,40824,4.150595188140869,9079.853261470795,80.21426786395016,8021.426786395015,9737.015363979712,34.21,1681.378577584696,4905.56126920387,4884.160038196037,6547.644287665755,3189.3710763139566,9737.015363979712,13.212500000000002,171.04999999999998,3.3627571551693918,6.406792341601665,7.195499448265296,6.87418120875352,7.011596328221356,,,,
729,56,40880,4.209365129470825,9095.984248876572,79.2230836890806,7922.3083689080595,9777.223189135606,43.483000000000004,1811.4318202275472,5030.624207737355,5009.731113549249,6496.38841392596,3280.834775209646,9777.223189135606,17.012500000000003,217.415,3.622863640455094,6.519152672559778,7.018730580942758,6.912299818148395,6.956652581073931,,,,
730,56,40936,4.074463367462158,9109.43587398529,79.82590381648984,7982.5903816489845,9759.31597943967,37.5525,1739.173097790686,4970.503323525072,4948.419939122871,6531.4174497353015,3227.898529704369,9759.31597943967,13.812500000000004,187.7625,3.4783461955813717,6.4696572985984275,7.22861489743466,6.891230668564054,7.044558636390167,,,,
731,56,40992,4.1606223583221436,9124.546737909317,80.85768517486571,8085.768517486572,9795.730301590835,23.8225,1686.139284104263,4816.541125602744,4793.865239742447,6638.06787356566,3157.6624280251754,9795.730301590835,8.7375,119.1125,3.372278568208526,6.459111801875416,7.276366635226476,6.875982282349205,7.120617399397511,0.007962550036609173,0.6937840580940247,0.7985870838165283,0.01285529788583517
732,56,41048,5.717308759689331,9142.83550953865,80.5342547416046,8053.425474160458,9644.12623147275,27.786000000000005,1562.9147573122932,4842.678202091029,4820.9483418002255,6457.7743524904,3186.351878982352,9644.12623147275,10.6125,138.93,3.125829514624586,6.144795626216965,7.185382193388855,6.8319892569084795,7.076804941216465,,,,
733,56,41104,5.3610146045684814,9162.83738398552,80.83273606138405,8083.273606138405,9799.909987373478,29.722500000000004,1686.913881235074,4854.009730913869,4832.288409452162,6617.056774826926,3182.8532125465526,9799.909987373478,11.287500000000001,148.61249999999998,3.3738277624701483,6.465777492386907,7.221091281151185,6.876266890680269,7.0563288697967135,,,,
734,56,41160,5.2906694412231445,9179.842278957367,80.53218826841862,8053.218826841862,9774.45300565282,34.091,1687.143178810957,4898.3243981298965,4877.149232509171,6561.813595851624,3212.6394098011942,9774.45300565282,13.175000000000002,170.45499999999998,3.374286357621914,6.419797743184577,7.15657883140581,6.875937579468821,7.010956396778842,,,,
735,56,41216,5.371102809906006,9196.464715242386,79.08205526677133,7908.205526677133,9738.12848311295,40.408,1789.5149564358178,5044.889375903722,5023.701950509865,6463.136060985022,3274.992422127929,9738.12848311295,15.712500000000002,202.04,3.5790299128716354,6.436274255328506,7.1209208643128346,6.905343008089994,6.960842066238091,-0.02690112590789795,1.175571322441101,0.8189190030097961,0.0014118509134277701
736,56,41272,5.939739942550659,9223.909960508347,80.40543649490571,8040.543649490571,9812.862955808887,41.64150000000001,1730.677806318317,4886.801912375741,4865.936839045937,6595.9825284050075,3216.8804274038803,9812.862955808887,16.425,208.20749999999998,3.461355612636634,6.491569041184106,7.057752120428226,6.8889902535627625,6.963159101587436,,,,
737,56,41328,5.336637735366821,9251.004673480988,80.57824150346126,8057.824150346126,9774.521593194411,29.728500000000004,1686.9689428482866,4884.948226462849,4863.213977967841,6575.569585176407,3198.952008018006,9774.521593194411,11.275,148.64249999999998,3.3739378856965727,6.422376094703501,7.200020995312117,6.8759087549369875,7.060238605148975,,,,
738,56,41384,5.433359861373901,9278.42600774765,80.90251065622202,8090.251065622201,9806.699459905958,32.491,1683.9573942837549,4867.437666408713,4846.195704389111,6601.840264786805,3204.859195119151,9806.699459905958,12.512500000000001,162.45499999999998,3.36791478856751,6.45092212428861,7.14939870161066,6.875295374055237,7.028950486202943,,,,
739,56,41440,5.398648500442505,9305.7513692379,80.33940563781073,8033.940563781074,9769.405137270303,28.572000000000003,1706.8925734892312,4915.0269373795145,4892.7916335998225,6573.99527069804,3195.409866572266,9769.405137270303,10.6875,142.85999999999999,3.413785146978462,6.463574552606331,7.270084835486669,6.881955711809054,7.065229743258155,-0.1078772321343422,0.5009950995445251,0.8043539524078369,0.0003980764595326036
740,56,41496,5.682682275772095,9334.55766582489,81.14637490967695,8114.637490967695,9860.196075755943,35.5035,1710.0550847882487,4866.392343053991,4844.947567016856,6617.5589165107285,3242.637159245215,9860.196075755943,13.8,177.51749999999998,3.4201101695764975,6.485625334090523,7.00893035571139,6.883046733967717,7.04050421259983,,,,
741,56,41552,5.534555912017822,9360.286013126373,81.60321946952637,8160.321946952635,9883.38775594402,53.291500000000006,1669.7743089913865,4798.761202191432,4778.334784222051,6661.376066628525,3222.0116893154964,9883.38775594402,21.8375,266.4575,3.339548617982773,6.440927695852175,6.775070417999113,6.871142394644778,6.90201963557392,,,,
742,56,41608,5.808276891708374,9388.009627819061,79.73624955516424,7973.624955516423,9620.133718104822,36.660000000000004,1609.8487625883988,4943.338685520583,4922.126513370842,6374.447440827549,3245.686277277273,9620.133718104822,14.387500000000003,183.29999999999998,3.219697525176798,6.130374843644099,7.052868662972078,6.84463913060167,7.005451450100176,,,,
743,56,41664,6.174979209899902,9412.590500593185,80.43578883148209,8043.57888314821,9826.115370042822,31.403,1751.1334868946146,4870.744442466455,4849.229115198328,6633.12663292635,3192.988737116473,9826.115370042822,11.925,157.015,3.502266973789229,6.536441728365391,7.199525691529046,6.895215397195699,7.0462830443364926,0.08264175057411194,0.928217351436615,0.7787410616874695,0.00041238777339458466
744,56,41720,5.670398235321045,9437.824337720871,80.69552909159282,8069.552909159282,9723.484662561645,32.4165,1621.5152534023612,4891.61909832637,4870.218360647898,6514.787865288308,3208.6967972733355,9723.484662561645,12.525,162.08249999999998,3.2430305068047227,6.3163420168226025,7.168493296813464,6.855419913269714,7.025396466901497,,,,
745,56,41776,5.456692457199097,9461.350551128387,79.43628571530218,7943.628571530218,9573.398415132075,32.3035,1597.4663436018564,4973.555795413797,4951.968609372724,6343.529254259776,3229.8691608722993,9573.398415132075,12.475000000000001,161.51749999999998,3.194932687203713,6.079019372181163,7.139319871818435,6.839476449874406,7.034945105758349,,,,
746,56,41832,5.246587038040161,9486.51408982277,80.37529468684406,8037.529468684406,9817.511830566109,42.959,1737.0233618817024,4961.837410165173,4940.640079477783,6533.660909185805,3283.850921380302,9817.511830566109,16.962500000000002,214.795,3.4740467237634047,6.466401738106494,6.932396966367836,6.890591539771611,6.9826801300113255,,,,
747,56,41888,5.426800966262817,9511.235233306885,80.57016898964032,8057.0168989640315,9772.67476383955,30.1355,1685.522364875518,4837.420309587245,4814.596703479031,6611.308525978537,3161.366237861012,9772.67476383955,10.712500000000002,150.67749999999998,3.3710447297510355,6.441777681762121,7.316179761771964,6.875661103604476,7.1182635845604,0.005788572132587433,1.007433533668518,0.8102986812591553,0.006224569398909807
748,56,41944,5.392097234725952,9537.692569494247,78.95932097609735,7895.932097609735,9549.155946010856,32.722500000000004,1620.5013484011215,4943.426411558174,4920.831275299173,6359.501225711976,3189.654720298879,9549.155946010856,11.887500000000003,163.61249999999998,3.2410026968022425,6.103753353474374,7.337804255119233,6.846215413707528,7.073894136611973,,,,
749,56,42000,6.072583198547363,9566.414405584335,79.65127657337085,7965.127657337085,9528.497051931905,31.9045,1531.4648945948202,4911.646323354444,4890.064410560113,6309.513120420513,3218.983931511393,9528.497051931905,12.450000000000001,159.52249999999998,3.06292978918964,5.948304634052343,7.1496257272582895,6.810246623504066,7.0334263018892775,,,,
750,56,42056,5.177725076675415,9589.795147895813,80.38993626157996,8038.993626157996,9808.020541460925,34.228,1734.79891530293,4897.794893334036,4876.512126922056,6599.205475878733,3208.815065582193,9808.020541460925,13.175,171.14,3.46959783060586,6.50365264180738,7.16861923261857,6.89026890862751,7.016748595664006,,,,
751,56,42112,5.378274440765381,9613.244555234909,81.6115914204675,8161.159142046752,9747.001609573545,37.417500000000004,1548.424967526794,4815.965980376856,4794.385402608434,6498.221504801131,3248.780104772415,9747.001609573545,14.95,187.08749999999998,3.096849935053588,6.144622930824876,6.871472995359162,6.828828139731232,7.056585474353459,0.1369055211544037,1.1443541049957275,0.7910251617431641,0.006107043940573931
752,56,42168,5.624323129653931,9634.631590127945,80.68072540492787,8068.072540492786,9761.452125861353,29.5975,1663.782085368568,4881.519494420565,4859.6034963035145,6565.953694826056,3195.498431035299,9761.452125861353,11.262500000000003,147.9875,3.327564170737136,6.3794244180545325,7.214814930914395,6.868846214760467,7.053299131783975,,,,
753,56,42224,5.215116500854492,9659.00330233574,78.39779441669089,7839.779441669089,9395.249939254561,27.923000000000002,1527.5474975854722,4984.361362290995,4962.105201956766,6175.783936209239,3219.466003045322,9395.249939254561,10.6125,139.615,3.0550949951709447,5.83250348145803,7.243280209352267,6.798271893536859,7.066199883761323,,,,
754,56,42280,5.8190717697143555,9681.808155298233,79.90114253624293,7990.114253624293,9535.164421932071,33.305,1511.7451683077775,4872.397701598622,4851.134434529091,6336.147566209385,3199.0168557226852,9535.164421932071,13.100000000000001,166.52499999999998,3.023490336615555,5.9617627018190245,7.106036414544546,6.805853560035307,7.024594871152552,,,,
755,56,42336,5.0126073360443115,9707.369312763214,80.3656711602729,8036.567116027289,9771.795811155658,36.954,1698.274695128369,4830.689117743249,4809.3007711457485,6637.705849103001,3134.0899620526575,9771.795811155658,13.775000000000002,184.76999999999998,3.3965493902567383,6.436076913045283,7.317419935017357,6.879266865927294,7.032165705948919,-0.09523376077413559,1.4125639200210571,0.7359447479248047,0.0054175094701349735
756,56,42392,5.339663505554199,9740.760226488113,79.8673378174572,7986.733781745718,9553.994238807121,29.198500000000003,1538.0619570614022,4882.3913476779735,4860.699888964775,6360.778725311325,3193.2155134957957,9553.994238807121,11.2375,145.99249999999998,3.076123914122804,6.014992926627717,7.203105906003161,6.817254636383325,7.051427321339057,,,,
757,56,42448,5.381931304931641,9773.15730381012,80.68516218566816,8068.516218566815,9595.138608636214,21.618000000000002,1505.004390069399,4785.260360202347,4762.584649175058,6453.8580673663455,3141.28054126987,9595.138608636214,8.049999999999999,108.09,3.010008780138798,6.031586336452631,7.282013649420839,6.809368753440043,7.137991280314651,,,,
758,56,42504,5.4887073040008545,9794.445117473602,81.6247329842063,8162.473298420629,9717.207443293515,33.349000000000004,1521.385144872884,4778.806039308232,4756.393848199179,6517.446330385774,3199.7611129077395,9717.207443293515,12.4375,166.745,3.042770289745768,6.162538392090355,7.073541876211091,6.82099012034932,7.129181348225866,,,,
759,56,42560,5.024420976638794,9812.012364387512,81.79955423773035,8179.955423773034,9731.866223561126,25.967999999999996,1525.942799788093,4726.833005155455,4703.236489770328,6582.886943243738,3148.9792803173905,9731.866223561126,9.2625,129.84,3.0518855995761855,6.169251021204558,7.201131848301936,6.823911067759552,7.2131045697081015,0.021560825407505035,0.7110109329223633,0.7248435616493225,0.005461637396365404
760,56,42616,5.955485582351685,9832.587641000748,80.84095415070712,8084.095415070712,9519.816801762045,22.762500000000003,1412.9588866913325,4778.023414153431,4754.302807718166,6341.874819982655,3177.9419817793887,9519.816801762045,8.662500000000001,113.81250000000001,2.825917773382665,5.845609757751738,7.092165770842022,6.767319986928063,7.190976171807743,,,,
761,56,42672,4.831725597381592,9866.112198352814,82.05185856500187,8205.185856500188,9756.642016256916,23.030500000000004,1528.4256597567273,4718.6141086121115,4696.528103010948,6625.729724248815,3130.912292008099,9756.642016256916,8.675,115.1525,3.0568513195134543,6.279026976871394,7.2393892687907595,6.827691026103042,7.124033888974921,,,,
762,56,42728,5.374272584915161,9886.756177663803,81.36516189802435,8136.516189802434,9649.866516392616,21.487000000000002,1491.8633265901813,4726.651103677745,4703.954209830861,6544.343028976464,3105.5234874161524,9649.866516392616,8.037500000000001,107.435,2.9837266531803626,6.143522509202274,7.288991161220365,6.8116374948928735,7.140823285508644,,,,
763,56,42784,4.961945533752441,9908.118777751923,81.73382617656294,8173.382617656294,9763.850015739827,26.099000000000004,1564.3683980835324,4711.0161500572485,4687.919917579744,6640.70622739118,3123.1437883486465,9763.850015739827,9.275,130.495,3.1287367961670647,6.29024848996351,7.242538236763637,6.838292058203079,7.187319377120748,-0.06928315758705139,1.002181887626648,0.6924534440040588,0.008264831267297268
764,56,42840,4.434658050537109,9932.844226360321,81.48506557381697,8148.506557381696,9809.013252858553,27.917,1632.5896954768564,4792.767431863369,4771.0352053586785,6641.273557077897,3167.739695780656,9809.013252858553,10.625,139.58499999999998,3.265179390953713,6.4206193940970575,7.196110959100948,6.860353459497631,7.075953240820099,,,,
765,56,42896,6.423886775970459,9961.577577590942,80.9057679165405,8090.576791654051,9776.828157744749,28.048000000000002,1658.2033660906975,4837.327934406122,4815.3101510798015,6602.1423834657235,3174.6857742790244,9776.828157744749,10.637500000000003,140.24,3.3164067321813944,6.377911318594812,7.22942830137865,6.867226234270256,7.07118010367136,,,,
766,56,42952,5.553801774978638,9986.397297620773,81.49795967154625,8149.795967154625,9677.146436222483,16.9935,1510.3569690678569,4710.222833512574,4686.228661075684,6562.866504474007,3114.279931748475,9677.146436222483,6.125,84.9675,3.020713938135714,6.07264196775868,7.297325853535712,6.815253601006637,7.212665978355366,,,,
767,56,43008,4.4693922996521,10003.075552463531,81.51665158064544,8151.665158064544,9863.397682333332,32.229000000000006,1679.50352426879,4792.055949230355,4770.192316985557,6658.556912018218,3204.840770315115,9863.397682333332,12.4875,161.14499999999998,3.3590070485375807,6.466127377312936,7.031549665678575,6.874146773504082,7.088471545244764,-0.16618658602237701,1.0695947408676147,0.6787168979644775,0.007215721532702446
768,56,43064,4.055936098098755,10016.398064613342,81.2352183606599,8123.521836065989,9777.108286487315,34.8545,1618.731950421327,4802.453501518068,4781.490043357648,6608.296586704639,3168.8116997826774,9777.108286487315,13.725000000000001,174.2725,3.237463900842654,6.357956184686314,7.121955244300445,6.855593422890393,7.015400345796697,,,,
769,56,43120,4.1081461906433105,10033.136942625046,82.38234036373102,8238.234036373102,9900.310817984617,26.2425,1635.8342816115132,4700.434646257427,4678.639018087152,6750.280205814246,3150.03061217037,9900.310817984617,9.975,131.21249999999998,3.2716685632230265,6.497489384223708,7.150433721739393,6.861932085453006,7.115657115302296,,,,
770,56,43176,3.943674087524414,10048.38429570198,81.31191010686658,8131.191010686657,9810.06919310792,25.098,1653.7801824212615,4788.3559031825735,4766.256609063492,6658.694754613811,3151.3744384941083,9810.06919310792,9.3625,125.49,3.307560364842523,6.4498058009843104,7.25273259988327,6.8666591778299635,7.106210282273295,,,,
771,56,43232,3.9780149459838867,10062.559789180756,81.10151134909016,8110.151134909016,9800.814446668512,33.816500000000005,1656.8468117594962,4808.442117529951,4786.692462390447,6629.990149499665,3170.8242971688474,9800.814446668512,12.462500000000002,169.08249999999998,3.3136936235189927,6.411243666149148,7.220033728778161,6.867211199617979,7.077574291075403,0.023953592404723167,0.41435229778289795,0.6630391478538513,0.0011139735579490662
772,56,43288,5.485657453536987,10078.5231153965,80.91590577905983,8091.590577905983,9800.436375508183,29.704,1679.1417976022003,4798.315316961649,4775.8839614881545,6656.108308432378,3144.328067075805,9800.436375508183,10.6125,148.51999999999998,3.358283595204401,6.457530067812103,7.311189294999131,6.873971101859186,7.118990680433044,,,,
773,56,43344,5.640219211578369,10096.239295959473,81.34296185727189,8134.2961857271885,9611.131218545403,23.1755,1453.6595328182134,4699.3423963597725,4675.231891960731,6501.207403003982,3109.923815541421,9611.131218545403,8.0875,115.87750000000001,2.9073190656364263,6.022555376542972,7.286075173797893,6.793744688894903,7.224873735644018,,,,
774,56,43400,5.4450414180755615,10112.85308432579,82.42581907054787,8242.581907054788,9924.3405631417,38.961000000000006,1642.7976560869147,4734.637216891337,4713.576606198763,6719.910087381577,3204.430475760126,9924.3405631417,15.587499999999999,194.805,3.2855953121738284,6.457962113763253,6.891761904812589,6.86359640843978,7.0353279968555364,,,,
775,56,43456,5.439262866973877,10129.35397529602,81.72049805743316,8172.049805743317,9854.398186983226,24.961000000000002,1657.3873812399083,4753.020425297443,4730.822464783217,6697.798436497877,3156.599750485347,9854.398186983226,9.362499999999999,124.805,3.314774762479817,6.4314731642669685,7.196709941881252,6.867539960529592,7.120086374018604,0.03218119218945503,0.652327835559845,0.7010950446128845,0.0020520780235528946
776,56,43512,5.605620861053467,10156.486259937286,81.97133229605791,8197.133229605792,9867.925076815427,19.186,1651.6058472096354,4701.765110369053,4678.594553210205,6756.982145749915,3110.9429310655128,9867.925076815427,6.8375,95.93,3.3032116944192706,6.515846308814408,7.310234851449782,6.866591556002945,7.1792473558021825,,,,
777,56,43568,5.285601615905762,10184.911127090454,81.4914984848681,8149.14984848681,9877.575073624408,36.4725,1691.9527251375982,4827.714301837201,4806.434009171522,6629.944922662861,3247.6301509615478,9877.575073624408,14.350000000000001,182.36249999999998,3.383905450275196,6.417155450286757,6.9588749229832665,6.877294784297433,7.039693779195785,,,,
778,56,43624,5.660564422607422,10214.022436141968,81.65410552975045,8165.410552975045,9788.766405155433,22.011,1601.3448521803873,4762.499308359518,4739.896265857032,6648.847160141534,3139.9192450139,9788.766405155433,8.0875,110.055,3.202689704360775,6.390025873188681,7.275882273100752,6.851140735748909,7.138687920862563,,,,
779,56,43680,6.095844984054565,10244.600484609604,82.16843217917697,8216.8432179177,9839.658428288754,24.642500000000002,1598.172710371055,4715.314628408167,4693.339134955382,6702.077383589619,3137.581044699135,9839.658428288754,9.3125,123.2125,3.19634542074211,6.4255594408936965,7.200523636180836,6.850558777832954,7.121738095695272,0.06438589841127396,0.7825877070426941,0.6489587426185608,0.0007308442145586014
780,56,43736,5.485576629638672,10272.05347108841,81.43865439274457,8143.8654392744575,9774.192703625784,30.611000000000004,1599.7162643513248,4787.15421652393,4765.873806866004,6619.460272018401,3154.732431607381,9774.192703625784,11.8625,153.05499999999998,3.199432528702649,6.368374717847305,7.1619471999301405,6.850357616675623,7.048340154308816,,,,
781,56,43792,5.273420810699463,10299.223277568817,80.95256810431327,8095.256810431326,9805.562468382836,29.5975,1680.7081579515088,4840.66869398955,4819.0996547315135,6626.237155209345,3179.325313173491,9805.562468382836,11.262500000000003,147.98749999999998,3.361416315903018,6.458721799833014,7.210665662251356,6.874428972700948,7.051557497967828,,,,
782,56,43848,5.635725498199463,10327.889496564865,82.03467247828235,8203.467247828234,9811.706269034868,19.049,1589.1900212066344,4713.943939747416,4690.775182519633,6700.249706029129,3111.4565630057396,9811.706269034868,6.8375,95.245,3.178380042413268,6.418996266488684,7.326756783116545,6.847934310875074,7.175355974512412,,,,
783,56,43904,5.436151027679443,10357.467563867569,81.62268189350405,8162.268189350403,9882.80413713464,30.873,1689.6629477842366,4761.252732991257,4739.83474762275,6712.886780052215,3169.917357082426,9882.80413713464,11.887500000000001,154.36499999999998,3.3793258955684733,6.525442750472037,7.135614015657386,6.877554023678292,7.066536702978069,0.03066011518239975,0.42851197719573975,0.6848452687263489,0.0006651027943007648
784,56,43960,5.4864184856414795,10385.25246310234,80.37250692568122,8037.250692568121,9819.369588542075,29.984500000000004,1752.1343959739527,4848.029973077579,4826.287573271064,6654.329173096909,3165.0404154451644,9819.369588542075,11.3125,149.9225,3.504268791947905,6.548946904166623,7.212565173594661,6.895602791749577,7.058514366254746,,,,
785,56,44016,5.774922132492065,10411.267541646957,80.99489394519765,8099.489394519763,9803.918803018527,26.3975,1678.0319084987646,4796.460809243761,4774.559674733087,6646.420218908384,3157.4985841101434,9803.918803018527,9.9375,131.9875,3.356063816997529,6.43027322061777,7.232819031703785,6.873426098161874,7.092960936802318,,,,
786,56,44072,5.403806924819946,10444.590423822403,81.42216822626442,8142.216822626443,9815.146051785287,30.5665,1642.3627291588448,4810.643708938323,4789.155164517101,6622.695415171726,3192.450636613561,9815.146051785287,11.8125,152.83249999999998,3.2847254583176895,6.382838620535371,7.115311499444334,6.862791118793412,7.062037044081856,,,,
787,56,44128,5.408898830413818,10471.86204791069,80.6419929393744,8064.19929393744,9786.632634794665,28.423,1694.0103408572252,4831.858086275303,4810.022378696117,6606.210353628009,3180.422281166657,9786.632634794665,10.712500000000002,142.11499999999998,3.3880206817144503,6.430684769034084,7.199912212934501,6.877992285487627,7.0800317446377266,0.023748794570565224,0.481397420167923,0.7084344029426575,0.0017968124011531472
788,56,44184,5.441232681274414,10499.430584430695,81.28971845067639,8128.971845067637,9793.976635514657,26.435499999999998,1638.5692904470186,4750.937740447028,4727.690677910077,6667.131049418629,3126.8455860960275,9793.976635514657,9.287500000000001,132.1775,3.277138580894037,6.4162965591470025,7.3330779155366415,6.862023179265242,7.162321534920516,,,,
789,56,44240,5.249295949935913,10533.14722776413,80.78354336039692,8078.354336039692,9822.286709110733,29.8535,1714.0788730710403,4860.363195359657,4838.785832258422,6631.771004481871,3190.515704628861,9822.286709110733,11.3,149.26749999999998,3.4281577461420802,6.502687414564906,7.194363216098863,6.88434163797708,7.056560134822246,,,,
790,56,44296,5.077479362487793,10573.347393751144,81.53024082412664,8153.024082412664,9878.101888847501,29.404,1695.6738064348374,4761.615454021638,4740.128167944809,6716.109018940929,3161.9928699065713,9878.101888847501,11.2375,147.01999999999998,3.3913476128696756,6.532165692354741,7.165783121503443,6.879328021489216,7.076472600205142,,,,
791,56,44352,5.33696174621582,10602.587898492813,81.00972710080342,8100.972710080341,9846.128621607522,31.134999999999998,1714.0209115271819,4816.492406501038,4795.0340064957145,6668.147912177178,3177.980709430345,9846.128621607522,11.912500000000001,155.67499999999998,3.4280418230543632,6.521628990423111,7.171194692983201,6.884481860664366,7.056239017905256,0.08397259563207626,0.2978791892528534,0.6289019584655762,0.002182491822168231
792,56,44408,4.885881185531616,10631.582040309906,79.7331869794635,7973.31869794635,9793.797455968168,40.265,1780.2137580218193,4944.747426386816,4923.676220657191,6551.490667717879,3242.306788250289,9793.797455968168,15.725000000000001,201.325,3.5604275160436387,6.508343239393761,7.01343376959194,6.903287105166074,6.996947492214409,,,,
793,56,44464,4.785637378692627,10656.299112081528,80.40466757503835,8040.466757503835,9785.62733214791,31.272000000000006,1713.8885746440756,4884.227652826187,4862.6263872623185,6587.993893148034,3197.6334389998765,9785.62733214791,11.912500000000001,156.35999999999999,3.4277771492881515,6.465664817043505,7.197233724475079,6.88397314273705,7.045448105448821,,,,
794,56,44520,5.328632593154907,10692.945847034454,81.3079880576281,8130.79880576281,9814.014170356655,25.223,1657.9923645938452,4804.459578909666,4782.158627354719,6656.422104581054,3157.5920657756024,9814.014170356655,9.387500000000001,126.115,3.31598472918769,6.46507984398608,7.26394420353404,6.867990984454567,7.0989383677597795,,,,
795,56,44576,4.648675918579102,10722.863768815994,80.39447717551286,8039.447717551286,9830.981833971846,34.353,1757.1811164205606,4885.534201165953,4864.362062576394,6623.2081786138115,3207.773655358035,9830.981833971846,13.200000000000001,171.765,3.514362232841121,6.5366434676942395,7.1572162493654075,6.896943809712222,7.015711998636663,-0.023373277857899666,0.523076593875885,0.7442166805267334,0.004651981871575117
796,56,44632,4.731943845748901,10754.79547905922,82.70188663657257,8270.188663657256,9861.890648367096,24.612000000000002,1567.0899847098399,4647.645743185738,4622.853669582112,6734.4850273010325,3127.4056210660647,9861.890648367096,8.6625,123.06,3.1341799694196797,6.381774253467306,7.164347518406374,6.841238782644431,7.274320813857895,,,,
797,56,44688,4.720024585723877,10778.02669262886,81.634586874384,8163.4586874383995,9885.933759752126,29.460500000000003,1693.014572313725,4755.518679987256,4733.982314260719,6724.2127874772395,3161.720972274885,9885.933759752126,11.262500000000001,147.30249999999998,3.3860291446274497,6.5361300230825075,7.164937523261613,6.878597560731171,7.0732563873506615,,,,
798,56,44744,4.577337980270386,10809.038848161697,81.51913481188792,8151.9134811887925,9852.694421100841,32.285500000000006,1668.495439912051,4790.924199170593,4769.623272166986,6670.780267966164,3181.9141531346795,9852.694421100841,12.5125,161.4275,3.336990879824102,6.480394029974086,7.085318510101769,6.871124681214478,7.058699080668682,,,,
799,56,44800,4.70412802696228,10830.066678285599,81.73309109981793,8173.309109981793,9853.475285591207,25.261000000000003,1654.9051756094138,4720.427210568346,4697.08850111406,6737.588655192301,3115.886630398906,9853.475285591207,8.7375,126.30499999999999,3.3098103512188275,6.507717227144774,7.305421183169714,6.867469184467197,7.188841949818211,-0.12465164810419083,0.603840708732605,0.6904755234718323,0.013374718837440014
800,56,44856,4.8748838901519775,10851.403433322906,82.35198980280592,8235.198980280591,9856.068995387153,31.761500000000005,1589.1085151065604,4715.000231564911,4693.74262606923,6691.682696606196,3164.3862987809575,9856.068995387153,12.4625,158.80749999999998,3.178217030213121,6.406571338803325,7.051962625609816,6.847806684589023,7.075527254797009,,,,
801,56,44912,4.611052751541138,10871.579343557358,82.12489090410773,8212.489090410774,9862.18865105218,30.480000000000004,1619.2195606414093,4722.798439121085,4701.430535199184,6718.027855885279,3144.160795166903,9862.18865105218,11.850000000000001,152.39999999999998,3.238439121282818,6.464278248154245,7.1203459821122825,6.856902145002361,7.074131437258886,,,,
802,56,44968,5.132117033004761,10894.677560329437,82.54260675989647,8254.260675989648,9818.348349769782,21.231,1542.8566737801357,4630.385714677799,4607.766305546709,6718.246081028111,3100.1022687416726,9818.348349769782,7.999999999999999,106.155,3.085713347560272,6.312955948984853,7.225835090219784,6.832795493272973,7.1753831359975475,,,,
803,56,45024,4.769293546676636,10918.31629228592,82.20520434105974,8220.520434105974,9820.123030409131,31.6365,1567.966096303156,4718.241644526039,4696.9405603404975,6666.164310550388,3153.9587198587424,9820.123030409131,12.4375,158.1825,3.135932192606312,6.3619020875993515,7.088790455670004,6.841163245810934,7.061777495855732,0.02103675715625286,0.3421638011932373,0.6601184010505676,0.007170614320784807
804,56,45080,3.933398723602295,10937.200317382812,82.90387969801034,8290.387969801035,9823.987580759534,15.7,1517.8996109584991,4624.18974402134,4600.288079584849,6741.390145206118,3082.5974355534154,9823.987580759534,5.5375,78.5,3.0357992219169985,6.368216208184941,7.308680760101595,6.826964169214817,7.23911745874822,,,,
805,56,45136,3.9398980140686035,10955.32190489769,82.65732766672286,8265.732766672289,9805.58916047305,20.181500000000003,1519.674893800762,4647.693114727914,4624.820434094296,6699.348840846986,3106.2403196260634,9805.58916047305,7.4750000000000005,100.9075,3.039349787601524,6.325195268148953,7.232337611716323,6.8265430455673455,7.186813782932136,,,,
806,56,45192,4.052168846130371,10971.942459344864,81.86759677968345,8186.7596779683445,9742.225406125985,28.5615,1526.9042281576396,4726.4603317124,4705.18705553357,6603.2466901817315,3138.978715944253,9742.225406125985,11.1375,142.8075,3.053808456315279,6.2446332573228664,7.155107057897367,6.826046701846397,7.068500115459729,,,,
807,56,45248,5.363533973693848,10997.207587718964,81.82465142304846,8182.465142304846,9723.924355845007,23.024500000000003,1518.4347135401601,4714.561473467053,4692.297526441453,6589.087842929039,3134.836512915968,9723.924355845007,8.6875,115.1225,3.0368694270803207,6.2135726651837135,7.216028995547794,6.8224132173468215,7.137672804475652,0.12931370735168457,0.39251160621643066,0.6968666911125183,0.004089713096618652
808,56,45304,5.276202917098999,11017.255311012268,82.01031047033894,8201.031047033895,9662.351775813248,19.806500000000003,1441.5142287793547,4676.545007125602,4653.681770985453,6547.41134104278,3114.940434770469,9662.351775813248,7.4,99.03249999999998,2.8830284575587086,6.079893812218068,7.233670524064057,6.793838982192393,7.18430986534757,,,,
809,56,45360,5.311126232147217,11047.39168715477,81.88832457724018,8188.832457724017,9725.46071077754,25.793,1510.8352530535215,4733.760654748294,4711.854399813514,6563.391973523759,3162.0687372537795,9725.46071077754,9.9125,128.965,3.021670506107043,6.190141620993206,7.140441615287824,6.81924459813999,7.120026180943275,,,,
810,56,45416,5.562986135482788,11079.917529821396,80.78061740371699,8078.061740371698,9496.219110077194,16.8505,1401.3068697054955,4713.474754536637,4689.707102355302,6380.254483840889,3115.964626236305,9496.219110077194,6.137500000000001,84.2525,2.802613739410991,5.835514183282221,7.277057356689896,6.763013296604005,7.220394644775772,,,,
811,56,45472,5.572300434112549,11108.210175275803,81.73494808671029,8173.494808671029,9591.971532511088,22.3755,1396.1012238400572,4676.931420631003,4654.1064204511795,6462.649080487016,3129.32245202407,9591.971532511088,8.6125,111.8775,2.792202447680115,5.926783113700062,7.132646804537591,6.770174265080584,7.180335925188028,0.01821214146912098,1.0003012418746948,0.632318377494812,0.0017448713770136237
812,56,45528,5.490377426147461,11136.93840432167,82.9019326585432,8290.19326585432,9903.715601495944,35.874,1577.648335641625,4705.725811159612,4684.546937015408,6699.912993273236,3203.802608222709,9903.715601495944,14.312500000000002,179.37,3.1552966712832493,6.4056969336343785,6.943034989308222,6.844520639069103,7.058208305746929,,,,
813,56,45584,5.802545070648193,11163.014746427536,82.86445149367496,8286.445149367495,9843.728874231123,23.0685,1534.215224863628,4627.869819245486,4604.168937175926,6753.641354781112,3090.087519450013,9843.728874231123,8.024999999999999,115.3425,3.0684304497272556,6.395727806615539,7.278979063546635,6.832012613897973,7.2287932549307925,,,,
814,56,45640,5.463077545166016,11189.325324296951,81.97853725114031,8197.85372511403,9708.901007672051,27.0,1484.04728255802,4683.602288594751,4661.293060540453,6546.458510646479,3162.442497025572,9708.901007672051,10.5375,135.0,2.96809456511604,6.090816436984704,7.044469497847817,6.806610481648683,7.160495551751579,,,,
815,56,45696,5.707133531570435,11215.638038873672,82.73545379709756,8273.545379709756,9753.761197233327,26.6815,1453.5343175235707,4637.795575642832,4615.109888177453,6596.787550622884,3156.9736466104428,9753.761197233327,10.4875,133.40750000000003,2.9070686350471413,6.113759053649353,6.991072639406808,6.799160300098047,7.174302391961875,-0.022925326600670815,0.7546685338020325,0.6122255325317383,0.0007275231182575226
816,56,45752,5.318039655685425,11240.409461021423,82.19728775791286,8219.728775791287,9759.322671441794,28.5435,1511.0503956505072,4687.078824850509,4665.5235274311335,6605.804740015672,3153.5179314261222,9759.322671441794,11.175,142.71750000000003,3.0221007913010145,6.204176022493747,7.095028950357881,6.819912182414696,7.10680984016608,,,,
817,56,45808,5.3647520542144775,11265.26112151146,83.1013971697426,8310.13971697426,9874.373923759813,25.718500000000002,1538.5157067855534,4644.451164719023,4622.446202652961,6732.295941644259,3142.077982115554,9874.373923759813,9.925,128.59250000000003,3.077031413571107,6.379736511608482,7.1031822572008165,6.833041245296014,7.144008558678296,,,,
818,56,45864,5.6563944816589355,11291.021321773529,80.08582120892468,8008.582120892468,9382.750829473898,16.7195,1357.4492085814302,4751.044147548163,4727.242968511769,6258.52903736368,3124.2217921102183,9382.750829473898,6.125,83.5975,2.7148984171628605,5.692158042693563,7.287312351782425,6.731733634492138,7.213542671115866,,,,
819,56,45920,5.299034595489502,11315.282125711441,82.43994569276732,8243.994569276732,9843.182762483848,31.6305,1567.5576932071156,4696.518678110164,4675.301708469389,6701.11507876719,3142.067683716658,9843.182762483848,12.45,158.1525,3.1351153864142307,6.395101844059052,7.090417767525102,6.841539075136227,7.069392604243684,-0.03153444454073906,0.9677812457084656,0.690535843372345,0.00677025830373168
820,56,45976,6.205878973007202,11339.271830320358,81.95527789205312,8195.527789205311,9819.259144047553,24.699,1599.0323548422416,4711.0002644756,4688.896402429867,6687.886733943298,3131.3724101042544,9819.259144047553,9.337499999999999,123.495,3.198064709684483,6.395967338322851,7.2165285170833116,6.850543313847366,7.1183362332190585,,,,
821,56,46032,5.671551704406738,11363.504922628403,83.03968394879587,8303.968394879586,9869.075500526917,28.5435,1536.56360564733,4647.17073563318,4625.332858158783,6733.502550691796,3135.57294983512,9869.075500526917,11.175,142.7175,3.07312721129466,6.388800519632712,7.069511702983165,6.832603335482687,7.123320357699133,,,,
822,56,46088,5.334733486175537,11385.551355361938,83.10498150601255,8310.498150601255,9974.038096871043,33.174,1630.3659462697894,4665.902306478594,4643.996343530724,6775.733604302526,3198.304492568518,9974.038096871043,13.087499999999999,165.86999999999998,3.260731892539579,6.505367914700236,6.936846847903356,6.8604355805776125,7.122173595939889,,,,
823,56,46144,5.396923303604126,11408.218907356262,82.77142003034417,8277.142003034416,9947.083570249306,31.7615,1638.1800672148888,4654.644548734202,4633.092495313147,6794.54926530424,3152.5343049450667,9947.083570249306,12.4625,158.8075,3.276360134429778,6.52432169687416,7.065900305380219,6.86282531274861,7.09180316421459,-0.11932774633169174,0.5973098874092102,0.7051690220832825,0.0009172844584099948
824,56,46200,5.384114027023315,11430.023406982422,81.7082445225057,8170.824452250568,9871.581760160761,34.9795,1665.7778079101925,4749.165782212336,4728.159966901122,6717.039947165621,3154.5418129951404,9871.581760160761,13.75,174.89749999999998,3.3315556158203847,6.508042371246964,7.117917330983255,6.870578810158703,7.020406910126909,,,,
825,56,46256,5.401682376861572,11450.247408866882,82.36826964879765,8236.826964879765,9880.883693211326,24.698999999999998,1619.3577283315635,4680.064959702351,4657.99753654415,6755.212878664372,3125.670814546955,9880.883693211326,9.3375,123.495,3.238715456663127,6.479788686414513,7.2034769182533225,6.857070353985297,7.1292379019740695,,,,
826,56,46312,5.358535528182983,11470.736449241638,82.4049352363858,8240.493523638579,9923.168501763956,30.48,1652.194978125376,4677.973292766098,4656.609583360657,6777.148243047877,3146.020258716079,9923.168501763956,11.849999999999998,152.39999999999998,3.3043899562507524,6.527203300611036,7.115239533292214,6.866858469671702,7.087650152330828,,,,
827,56,46368,5.436643838882446,11491.692567825317,82.15407720529556,8215.407720529556,9769.696214855747,27.137,1527.1514943261914,4698.576789689738,4676.6824182614,6618.469480704707,3151.22673415104,9769.696214855747,10.5375,135.685,3.054302988652383,6.236345636351231,7.123190736181214,6.825766380841577,7.115867305347471,0.02180355042219162,0.5539433360099792,0.6249410510063171,0.003090019105002284
828,56,46424,5.073509931564331,11512.378639936447,83.04365748607448,8304.365748607448,9901.218928133905,22.8995,1573.9536795264562,4624.905082531051,4602.640629218717,6792.480207412544,3108.7387207213615,9901.218928133905,8.662500000000001,114.4975,3.1479073590529127,6.467232975364303,7.190035836404973,6.8439855021829965,7.157839364187863,,,,
829,56,46480,5.106632947921753,11532.30412697792,81.91517336516208,8191.517336516208,9638.851763047878,18.269000000000002,1429.0654265316703,4671.667488795433,4648.514828217721,6532.498986588831,3106.352776459047,9638.851763047878,6.750000000000001,91.34500000000001,2.858130853063341,6.040445109601506,7.2646701155641535,6.787896644876308,7.19877142767547,,,,
830,56,46536,5.034915208816528,11552.474160432816,83.37923128624095,8337.923128624096,9963.415632106133,28.674500000000002,1596.8180034820375,4620.6175361406085,4598.251939388783,6808.710521843905,3154.705110262229,9963.415632106133,11.1875,143.3725,3.1936360069640752,6.49607951525932,6.981169456474764,6.850766033460993,7.1591437317530096,,,,
831,56,46592,5.13845419883728,11572.02666592598,82.96704116308587,8296.704116308587,9868.281206901007,21.480999999999998,1550.0960905924196,4632.153232721706,4609.597871290252,6764.483371052725,3103.797835848283,9868.281206901007,8.05,107.405,3.100192181184839,6.42471669191991,7.216623140560183,6.836805730140723,7.170430797805383,-0.022110505029559135,0.49103906750679016,0.5738906264305115,0.0024057470727711916
832,56,46648,6.7103376388549805,11593.330743312836,82.01213263308733,8201.213263308733,9821.789827860728,20.405,1600.1715645519955,4715.445880818043,4692.512034675585,6695.495130576526,3126.2946972842037,9821.789827860728,7.4375,102.025,3.200343129103991,6.413971780239133,7.2627712167528085,6.851028063391088,7.1722624261618595,,,,
833,56,46704,5.152424335479736,11614.031946897507,82.12712187107483,8212.712187107481,9871.292677883404,29.067500000000003,1629.5129907759224,4711.348582687651,4689.866551112753,6719.880631176182,3151.4120467072235,9871.292677883404,11.225000000000001,145.33749999999998,3.259025981551845,6.462193316390096,7.1316630333269915,6.859827138895163,7.0935299658780435,,,,
834,56,46760,4.814485549926758,11631.683466672897,83.11120337107926,8311.120337107925,9876.488418485456,27.131000000000004,1538.2370813775333,4643.438011484641,4621.723938708985,6744.211226856444,3132.277191629013,9876.488418485456,10.55,135.65500000000003,3.0764741627550665,6.3985668994983325,7.128418804530298,6.833190128664187,7.115454930450954,,,,
835,56,46816,4.723541498184204,11649.61540389061,82.97466356624996,8297.466356624995,9816.188695404902,23.925000000000004,1494.7973387799072,4612.9750164552925,4590.1949854501,6701.2166065454985,3114.972088859404,9816.188695404902,9.2375,119.625,2.989594677559815,6.282524284416422,7.1100170211622995,6.81818798525015,7.190789342878202,-0.1585264950990677,0.46252599358558655,0.5866015553474426,0.002881397260352969
836,56,46872,4.695578336715698,11667.369929790497,82.90633243902319,8290.633243902319,9844.264670972345,25.599500000000003,1528.031927070027,4654.801646511841,4632.766257409787,6706.359649022203,3137.9050219501423,9844.264670972345,9.8875,127.9975,3.0560638541400538,6.347547956999774,7.127352991391183,6.829457157459584,7.137672822376613,,,,
837,56,46928,4.497500419616699,11684.40413236618,82.90903953348058,8290.903953348057,9897.373835741833,21.487000000000002,1584.982882393778,4633.050972308454,4610.101458740222,6774.718879967575,3122.6549557742605,9897.373835741833,8.0375,107.435,3.169965764787556,6.428094072920634,7.165175725300394,6.846810537321415,7.194782161571647,,,,
838,56,46984,4.811969518661499,11701.601925849915,79.29788246699604,7929.788246699603,9500.61201584255,39.899,1530.9247691429457,4783.590059856382,4756.136589291269,6448.35526049508,3052.2567553474687,9500.61201584255,13.0625,199.49499999999998,3.0618495382858915,6.055368535837736,7.563572937932167,6.817867175940181,7.249370840857359,,,,
839,56,47040,4.853274583816528,11719.27368235588,83.2686037266317,8326.86037266317,9887.91408393016,22.762500000000003,1538.2912112669908,4602.507808689079,4580.074884342195,6783.488555842059,3104.425528088101,9887.91408393016,8.6625,113.8125,3.0765824225339813,6.418403998722407,7.181009943352572,6.833377381311481,7.170480373193166,-0.06578942388296127,0.7890775799751282,0.5883600115776062,0.004812261555343866
840,56,47096,4.662795543670654,11736.511412620544,82.95632667067207,8295.632667067206,9873.267357683748,31.368500000000004,1546.2661906165415,4638.123678066729,4616.361660043029,6735.309016799325,3137.9583408844233,9873.267357683748,12.425,156.8425,3.092532381233083,6.382968551137477,7.043746918121703,6.835303021794983,7.11206982102823,,,,
841,56,47152,4.957254648208618,11753.818707466125,82.99862283061279,8299.86228306128,9866.33772440452,26.9435,1539.5319413432408,4643.119996938376,4621.0343961560275,6715.890829351285,3150.4468950532364,9866.33772440452,10.5125,134.7175,3.079063882686482,6.313545325067859,7.075136289965858,6.831862149741426,7.139925134817587,,,,
842,56,47208,3.9484195709228516,11768.910264253616,83.09042508155545,8309.042508155546,9853.315032555558,22.762500000000003,1521.5100244000114,4620.7658253349055,4598.402567091791,6743.873398606111,3109.4416339494464,9853.315032555558,8.662500000000001,113.8125,3.043020048800023,6.369044249538158,7.182523191083598,6.82801127780414,7.16575242832718,,,,
843,56,47264,3.937731981277466,11782.677372217178,83.77855904679456,8377.855904679454,9893.27777598896,25.3255,1490.0963713095064,4569.338558553409,4546.89622633599,6780.99127297468,3112.2865030142802,9893.27777598896,9.8875,126.62750000000001,2.9801927426190122,6.367293249941333,7.1085934774887285,6.818998967523257,7.172812233012313,0.060313064604997635,0.26625338196754456,0.5295761823654175,0.004431227687746286
844,56,47320,4.541067838668823,11797.989911317825,82.65557921836174,8265.557921836173,9732.539588887981,25.1945,1441.7871670518082,4599.134472784162,4576.433427807685,6620.579251142804,3111.9603377451767,9732.539588887981,9.875,125.9725,2.883574334103616,6.109148793980925,7.090568783524017,6.795563353653405,7.184488142956029,,,,
845,56,47376,4.078625202178955,11813.139249801636,83.12559789363151,8312.559789363151,9841.39326512302,39.587500000000006,1489.2459757598715,4643.046911099883,4621.613345877472,6656.294523154842,3185.0987419681796,9841.39326512302,16.1375,197.9375,2.978491951519743,6.236522371410579,6.898061992983829,6.814977284077691,7.0689507249711765,,,,
846,56,47432,3.9583346843719482,11826.808821678162,83.31940211704557,8331.940211704556,9932.41963865492,28.418499999999998,1572.0609269503648,4584.92886616097,4562.944033306991,6833.98246087521,3098.4371777797105,9932.41963865492,11.150000000000002,142.09249999999997,3.14412185390073,6.4905650322401245,7.113555010969849,6.843640795194582,7.131456851581207,,,,
847,56,47488,5.368118047714233,11842.894405603409,82.94367765985854,8294.367765985855,9845.2611357554,29.643500000000003,1521.2498697695441,4616.791209114757,4594.982337791258,6727.24822275342,3118.0129130019777,9845.2611357554,11.7375,148.21749999999997,3.042499739539088,6.335493926372924,7.08050496235315,6.827243514279372,7.119127121342955,-0.096407949924469,0.5970200896263123,0.5612648129463196,0.004129284992814064
848,56,47544,5.328325986862183,11859.680263280869,83.30437237888522,8330.437237888522,9818.652176406496,25.2005,1463.0144385179744,4587.256853606544,4564.735892712126,6696.104820560326,3122.547355846171,9818.652176406496,9.8625,126.00250000000001,2.926028877035949,6.2326351716655966,7.095145875054495,6.807331471932675,7.176895301484341,,,,
849,56,47600,5.355592250823975,11876.261559724808,81.63450834767795,8163.450834767795,9557.768466953723,27.9385,1366.379132185928,4638.327439711613,4615.2498781721815,6434.562052716082,3123.2064142376403,9557.768466953723,10.4375,139.6925,2.7327582643718564,5.817202607768528,7.169800981997511,6.751058972784504,7.200324718204309,,,,
850,56,47656,5.164374828338623,11892.251150846481,83.35515921201464,8335.515921201464,9909.641873156012,38.4185,1535.7074519545488,4595.176180638155,4573.059929431332,6778.48713582457,3131.1547373314424,9909.641873156012,14.8625,192.09249999999997,3.0714149039090977,6.401767173209016,7.011914190015373,6.832496149604958,7.13723752937105,,,,
851,56,47712,5.216414451599121,11916.372677326202,83.69449652323014,8369.449652323014,9906.57055839607,29.694000000000003,1507.4269060730562,4593.27650915869,4571.107996123139,6764.767066860502,3141.8034915355674,9906.57055839607,11.774999999999999,148.47,3.0148538121461126,6.373185852663417,7.03844813093826,6.824053031364564,7.146082360535146,-0.0014079641550779343,0.7186570167541504,0.5384896993637085,0.002557153580710292
852,56,47768,5.362594127655029,11946.414702177048,83.49559628750005,8349.559628750005,9930.730431559607,28.4185,1552.7523028096007,4608.102354631645,4586.1703506650065,6791.233710217906,3139.4967213417,9930.730431559607,11.15,142.09249999999997,3.105504605619201,6.44130386534527,7.062183239939744,6.837705724843159,7.134256654295044,,,,
853,56,47824,5.310533285140991,11975.826637268066,82.92001869879773,8292.001869879774,9934.288312969129,30.218,1612.0684430893557,4645.26610230619,4623.639866575508,6788.921059667146,3145.3672533019826,9934.288312969129,11.825,151.08999999999997,3.224136886178712,6.4945617218415155,7.083420593162537,6.855112727257908,7.103145656164675,,,,
854,56,47880,5.238426446914673,12003.980071544647,83.81923149023073,8381.923149023072,9930.704183783,26.869,1521.9120347599285,4578.427797699485,4556.0943591839105,6801.198727512838,3129.5054562701625,9930.704183783,10.525,134.345,3.0438240695198573,6.418409022889219,7.068245645370848,6.8286946227096035,7.164715645906027,,,,
855,56,47936,5.237141370773315,12031.188567876816,83.39477711464488,8339.47771146449,9888.101820272856,27.0,1521.6241088083677,4620.607184828748,4598.606122097403,6752.26466120257,3135.837159070287,9888.101820272856,10.537499999999998,135.0,3.0432482176167355,6.383735458635202,7.08939921764491,6.828268410870117,7.137242136418304,-0.07852044701576233,0.3131764233112335,0.5427005887031555,0.0015649031847715378
856,56,47992,5.25363564491272,12059.592375040054,82.93115234436749,8293.11523443675,9829.666454208886,32.525000000000006,1504.0262197721358,4641.816869896251,4620.264956663243,6693.695923167355,3135.9705310415297,9829.666454208886,13.012500000000001,162.625,3.008052439544272,6.273719592973222,7.04006032822389,6.820999608508215,7.090078996447881,,,,
857,56,48048,5.730710029602051,12085.48252940178,83.10310294746819,8310.310294746818,9974.388117092549,28.805500000000002,1635.2723223457306,4612.604848878508,4590.615785786123,6833.793695231672,3140.594421860876,9974.388117092549,11.2,144.02749999999997,3.2705446446914612,6.54461132210271,7.067523046815291,6.862163427316234,7.138658105462392,,,,
858,56,48104,5.420894384384155,12112.009019851685,82.67179923292224,8267.179923292224,9864.122630262276,31.6305,1565.3122069700541,4700.102599954525,4678.696975588771,6693.962867931819,3170.1597623304588,9864.122630262276,12.45,158.15249999999997,3.130624413940108,6.3855283049313565,7.0643872779558174,6.8407835496967,7.076058444974762,,,,
859,56,48160,5.199515342712402,12138.845786809921,82.96219576645842,8296.219576645843,9950.409647172091,33.043000000000006,1621.1470705262514,4631.3558249061725,4609.956672027705,6811.208251151849,3139.201396020243,9950.409647172091,13.075000000000001,165.215,3.242294141052503,6.520902555598077,7.029675425664812,6.857929329554559,7.0952695161630075,0.06725674122571945,0.533309280872345,0.49058350920677185,0.0006750058382749557
860,56,48216,5.156952857971191,12163.236622810364,83.35177642526362,8335.177642526363,9964.393644093987,30.256000000000004,1598.960001567625,4572.398639626388,4549.676709479534,6859.06272950064,3105.330914593348,9964.393644093987,11.175,151.28,3.19792000313525,6.529414838401584,7.1359731794142105,6.851655924481407,7.1906635310958,,,,
861,56,48272,5.238832235336304,12187.137709617615,82.68918734966462,8268.91873496646,9956.782736767127,34.7175,1653.1465018006672,4677.647007332095,4656.406020921608,6782.643313482367,3174.139423284761,9956.782736767127,13.725000000000001,173.58749999999998,3.3062930036013345,6.533889296805447,7.024329338914467,6.867182804636925,7.060724195472781,,,,
862,56,48328,5.240331649780273,12210.682346820831,83.7425238766136,8374.25238766136,9961.876533894105,34.0625,1553.5616462327453,4586.383569870352,4564.6038224883505,6814.242522288734,3147.6340116053716,9961.876533894105,13.662500000000001,170.3125,3.1071232924654906,6.457227010548531,6.998020407835327,6.838071716949942,7.109788875317865,,,,
863,56,48384,5.700750112533569,12234.56933927536,83.44687442788084,8344.687442788087,9958.225509078116,27.131,1586.4070662900308,4589.256629308395,4567.159512748924,6835.876678354153,3122.348830723963,9958.225509078116,10.55,135.65500000000003,3.1728141325800614,6.505370292021593,7.098069454520562,6.847867249292834,7.148657427846326,0.08935032039880753,0.37586092948913574,0.5213599801063538,0.0009690914303064346
864,56,48440,5.406434059143066,12257.78837299347,83.11003011123432,8311.003011123434,9838.624331345913,33.9315,1493.68982022248,4610.967069129328,4589.221215363654,6714.407764960397,3124.2165663855167,9838.624331345913,13.65,169.65750000000003,2.98737964044496,6.302341887425104,7.002006159747267,6.818484238237559,7.102871314564683,,,,
865,56,48496,5.378800630569458,12281.906310796738,83.44261792854691,8344.26179285469,9899.770376771392,29.700000000000003,1525.8085839167015,4597.78769483889,4575.855396389914,6765.621354375431,3134.149022395961,9899.770376771392,11.762500000000001,148.5,3.0516171678334034,6.381510451959532,7.060143353940464,6.829433028568467,7.130520955178071,,,,
866,56,48552,5.350377082824707,12305.615818977356,82.77492388184348,8277.49238818435,9924.644374700118,27.393000000000004,1619.7589865157677,4636.062884416623,4613.95044910032,6798.163035324247,3126.48133937587,9924.644374700118,10.575,136.96499999999997,3.2395179730315347,6.50610446441345,7.135968569309274,6.857407468050751,7.139205850928257,,,,
867,56,48608,5.325735092163086,12327.308294296265,83.26449319551023,8326.449319551022,9899.488766968863,29.831000000000003,1543.2084474178405,4620.282744312654,4598.597798030668,6759.630581929155,3139.8581850397095,9899.488766968863,11.775,149.155,3.086416894835681,6.400361428290594,7.0717122342512635,6.834628999078097,7.112383469663649,-0.03789307922124863,0.3249396085739136,0.4948900043964386,0.0009385533630847931
868,56,48664,5.122112989425659,12347.87114071846,82.49972551863907,8249.972551863906,9665.476711661244,22.238500000000002,1393.265659797338,4610.110931636632,4587.11175681207,6548.456334154618,3117.0203775066257,9665.476711661244,8.6125,111.1925,2.786531319594676,5.992817570847377,7.138292142674111,6.774498639075179,7.203138766654677,,,,
869,56,48720,5.300867080688477,12369.63394188881,82.64567401651203,8264.567401651202,9817.063520811045,24.288,1528.2081191598427,4623.892659864525,4601.6652166167205,6693.548277231006,3123.515243580039,9817.063520811045,9.3375,121.44,3.056416238319686,6.270990213357203,7.134314907666386,6.8273217782498845,7.162439585534658,,,,
870,56,48776,5.016627788543701,12390.164535284042,82.2772580955747,8227.725809557469,9679.20919910685,22.613500000000002,1428.8698895493822,4637.148745152494,4614.267791144181,6552.496780777032,3126.7124183298192,9679.20919910685,8.6875,113.06750000000001,2.857739779098765,6.039609475231866,7.1392699455821695,6.787794670007199,7.1946062478345425,,,,
871,56,48832,5.358102798461914,12410.492723703384,83.9153363683132,8391.533636831322,9955.173381996854,26.869,1536.7707451655347,4562.307493085506,4539.928254939332,6830.327533530715,3124.8458484661396,9955.173381996854,10.525,134.345,3.0735414903310696,6.450910381477036,7.068613559036524,6.83321741310371,7.168410423736558,0.03233695402741432,0.5346765518188477,0.4772454798221588,0.0029411197174340487
872,56,48888,5.079744100570679,12431.045781135559,82.96146275249023,8296.146275249022,9951.886383319816,31.6305,1624.1096080707932,4630.462680773116,4608.7388855502795,6806.595146650401,3145.2912366694154,9951.886383319816,12.450000000000001,158.15249999999997,3.248219216141586,6.513025613087301,7.0609736425421055,6.858705951434716,7.106369466745755,,,,
873,56,48944,5.165259599685669,12451.648822069168,82.51375467579696,8251.375467579695,9948.918946061083,42.086000000000006,1655.457478481389,4695.552600214478,4674.328851869672,6760.684352613921,3188.2345934471637,9948.918946061083,16.2125,210.43,3.310914956962778,6.520282651745161,6.98511261778093,6.867732400383005,7.071822167232328,,,,
874,56,49000,4.792419672012329,12470.201920032501,83.90347092584543,8390.347092584543,9991.680448325833,31.237500000000004,1570.0958557412896,4566.477734400519,4544.349377334884,6847.768933427982,3143.91151489785,9991.680448325833,12.412500000000001,156.1875,3.1401917114825793,6.49401148341544,7.009373765878859,6.843107080703185,7.142677354274982,,,,
875,56,49056,4.691153049468994,12489.171084165573,83.38104195351255,8338.104195351256,9979.593141506284,32.912,1608.576946155028,4606.522374424878,4584.681191166332,6821.992209235725,3157.60093227056,9979.593141506284,13.0625,164.56,3.217153892310056,6.5079981567409435,7.005295465837671,6.854225520989796,7.11855054448811,0.041049759835004807,0.5715358257293701,0.4738474190235138,0.0015421180287376046
876,56,49112,4.800456762313843,12508.101343154907,83.35389889858666,8335.389889858665,9803.42315994947,22.369500000000002,1445.6637700908043,4578.440175803313,4555.618605524628,6702.320670278528,3101.1024896709423,9803.42315994947,8.625,111.8475,2.8913275401816088,6.234247674945751,7.158275984816759,6.802438371018935,7.195594271559282,,,,
877,56,49168,4.7761070728302,12526.20531630516,83.41238316723846,8341.238316723846,9932.996986451519,31.3685,1560.390169727672,4619.291313454092,4597.850399649742,6787.359126581066,3145.6378598704505,9932.996986451519,12.425,156.8425,3.1207803394553437,6.449374311620599,7.0457190172505895,6.83995825305342,7.101951884314985,,,,
878,56,49224,4.437560319900513,12545.033640384674,83.346847051434,8334.684705143402,9971.679914722352,35.737,1601.2582095789514,4613.94913559463,4592.468421407715,6817.979311026007,3153.700603696345,9971.679914722352,14.3125,178.685,3.2025164191579027,6.506825197245344,7.006834091922508,6.852124674561632,7.080612988555929,,,,
879,56,49280,4.769167423248291,12562.935341358185,82.93981064138275,8293.981064138276,9973.50288497141,33.17400000000001,1646.3478208331367,4641.189230440747,4619.6645723959655,6812.957652730727,3160.5452322406845,9973.50288497141,13.0875,165.87,3.292695641666273,6.543199374648845,7.031115367513484,6.865317001580507,7.093427964454537,-0.11360196024179459,0.384150892496109,0.514589786529541,0.00824394915252924
880,56,49336,4.844073295593262,12580.548045635223,83.40117269750701,8340.1172697507,9975.570575382873,31.374499999999998,1604.0788056321735,4588.403122402606,4566.541672843121,6843.483171602887,3132.087403779988,9975.570575382873,12.4125,156.8725,3.208157611264347,6.5213391405703955,7.056893450847978,6.853052295888373,7.120389648028892,,,,
881,56,49392,4.695267915725708,12599.995467185974,82.99525429583524,8299.525429583524,9954.509682676016,35.868,1619.116253092493,4638.605647442411,4617.088768385223,6788.227031592061,3166.2826510839545,9954.509682676016,14.325,179.33999999999997,3.2382325061849855,6.492574348719469,6.996680478401813,6.857108358614947,7.082663801843659,,,,
882,56,49448,4.6572980880737305,12618.294728517532,83.68671294267651,8368.671294267651,9997.970329881944,29.956000000000003,1599.343035614293,4572.007746973814,4549.917793225341,6859.5243213414415,3138.4460085405017,9997.970329881944,11.8,149.78,3.198686071228586,6.529462644898517,7.033265671684464,6.851766395789846,7.144974504009448,,,,
883,56,49504,4.713010787963867,12636.383442401886,82.70576520658507,8270.576520658507,9939.635819815512,37.411500000000004,1631.647799157005,4664.104744998507,4642.813477334737,6779.7601605182645,3159.8756592972486,9939.635819815512,14.962499999999999,187.05749999999998,3.26329559831401,6.511923240875445,6.990341576146262,6.8608539534321,7.058853252296809,-0.00794303696602583,0.44357195496559143,0.5117731690406799,0.00041476203477941453
884,56,49560,3.9487314224243164,12652.16379904747,83.6070131263314,8360.70131263314,10005.659181981366,32.912000000000006,1612.045869348228,4599.789630430977,4577.703599205546,6839.202006260746,3166.457175720622,10005.659181981366,13.0625,164.56,3.2240917386964565,6.529345440723898,6.919787024729684,6.85539527529854,7.138623454884085,,,,
885,56,49616,3.829184055328369,12666.559257745743,83.1440359121143,8314.40359121143,9964.393236700105,32.918000000000006,1617.071645488675,4618.14386887426,4596.381354499841,6814.766799288886,3149.6264374112197,9964.393236700105,13.05,164.59,3.2341432909773498,6.510825562127901,6.994043069891036,6.8566756730668175,7.1133940045359125,,,,
886,56,49672,3.8020663261413574,12680.625178098679,82.87667539453682,8287.667539453681,9935.511167095872,30.218,1617.6256276421896,4638.247020028693,4616.558981101105,6797.9338586395515,3137.577308456319,9935.511167095872,11.825,151.08999999999997,3.235251255284379,6.506735970909944,7.093992682964835,6.8568035389893165,7.106572135350037,,,,
887,56,49728,5.45877742767334,12697.202031135559,83.24041878625108,8324.041878625108,9935.04135009691,38.3745,1572.624971471801,4618.871376239296,4597.333861570049,6780.32014937297,3154.7212007239386,9935.04135009691,15.524999999999999,191.8725,3.145249942943602,6.443224175150565,6.956054382812178,6.843403865332092,7.074587791943325,-0.05147962644696236,0.41608771681785583,0.49284467101097107,0.0021879307460039854
888,56,49784,5.225482702255249,12713.835579395294,83.73313449857181,8373.313449857182,9964.080817614527,29.825000000000003,1560.9423677573452,4577.218037638222,4555.222824191682,6831.081794900636,3132.9990227138906,9964.080817614527,11.787499999999998,149.125,3.12188473551469,6.47549361604878,7.047906424255279,6.840337139706883,7.138118364113329,,,,
889,56,49840,5.284703731536865,12730.458868265152,81.64176589388097,8164.176589388096,9912.544422512561,37.941500000000005,1710.426333124466,4756.056209552142,4735.193310501253,6714.919505965173,3197.624916547389,9912.544422512561,15.0,189.70749999999998,3.420852666248932,6.529927270236487,7.0250697477528234,6.88352048587583,7.025731102127351,,,,
890,56,49896,5.2174766063690186,12746.73603773117,82.89935242930052,8289.935242930052,9934.980508637518,28.805500000000002,1616.2397657074675,4639.893401829639,4618.12415593305,6799.345604161752,3135.6349044757667,9934.980508637518,11.2,144.02749999999997,3.232479531414935,6.507254686460159,7.107899956347736,6.8564101664453805,7.113939816905132,,,,
891,56,49952,5.206241607666016,12768.350768566132,83.096527870687,8309.6527870687,9972.699741527282,37.2805,1625.7664544585818,4625.654861987117,4604.215237774332,6818.182183721575,3154.5175578057074,9972.699741527282,14.95,186.40249999999997,3.251532908917164,6.528755132232211,6.972309026365342,6.859312797794074,7.074861127292501,-0.10955581814050674,0.42734766006469727,0.5135693550109863,0.0009585029329173267
892,56,50008,5.40864896774292,12799.645073652267,82.50243788519589,8250.24378851959,9936.909181328128,33.30500000000001,1653.3603928085379,4678.812405935656,4657.134660083772,6774.541718159999,3162.367463168129,9936.909181328128,13.1,166.52499999999998,3.3067207856170757,6.525791972880967,7.05839936050775,6.867176836826748,7.092070478756755,,,,
893,56,50064,4.906077146530151,12829.996080160141,82.5342420529966,8253.424205299661,9964.56063830274,34.8485,1676.2879330030808,4690.871596942065,4669.3412991442165,6770.605124773546,3193.9555135291957,9964.56063830274,13.7375,174.24249999999998,3.352575866006161,6.542193157806994,6.989456634495805,6.873865627830028,7.084337857487829,,,,
894,56,50120,5.265514850616455,12860.607329845428,83.56316582551585,8356.316582551586,9975.897135757448,29.956000000000003,1589.6245532058633,4585.641040912593,4563.6945874515095,6840.044317794489,3135.85281796296,9975.897135757448,11.8,149.77999999999997,3.1792491064117265,6.507892173269216,7.04912201713947,6.848808025724088,7.134481699920437,,,,
895,56,50176,5.293667316436768,12889.100316762924,83.22962538103056,8322.962538103056,9998.601777241922,37.2805,1638.3587391388673,4607.988920790812,4586.371734710541,6838.931259900759,3159.6705173411647,9998.601777241922,14.950000000000001,186.40249999999997,3.2767174782777344,6.5493901073030125,6.980361591319039,6.863084470323232,7.084820549458192,-0.07413262873888016,0.26068925857543945,0.47877299785614014,0.0014374622842296958
896,56,50232,5.590065002441406,12917.989884138107,83.56799863229435,8356.799863229435,9970.948084712716,32.781,1581.3672214832807,4596.457004252976,4574.726542562391,6822.663821094696,3148.2842636180185,9970.948084712716,13.05,163.90499999999997,3.162734442966561,6.488958440911702,7.018229425255069,6.8462897750692475,7.111822903483181,,,,
897,56,50288,5.427506685256958,12946.458724498749,83.63747501750414,8363.747501750415,9935.072557294015,29.825,1541.5000555436018,4599.982853625732,4577.963324389161,6784.619839811237,3150.452717482778,9935.072557294015,11.787500000000001,149.125,3.0830001110872036,6.420123228876814,7.025401017532777,6.834310399294403,7.140003055412487,,,,
898,56,50344,5.39253830909729,12973.547240495682,83.74433793817883,8374.433793817883,9889.809630913638,23.913,1491.4628370957535,4568.598239224939,4545.9719425709445,6778.071411785975,3111.738219127664,9889.809630913638,9.2625,119.565,2.982925674191507,6.362102980822749,7.1155866899142985,6.819294916174718,7.187407313562416,,,,
899,56,50400,5.374324321746826,13000.327218294144,83.03764845928086,8303.764845928086,10001.124095802727,41.949,1655.4102498746413,4628.911582268296,4607.297715867537,6823.838357740706,3177.2857380620203,10001.124095802727,16.2125,209.74499999999998,3.3108204997492825,6.5544094243712685,6.986065875869142,6.868001430608899,7.092910939954832,0.06098746135830879,0.3041800260543823,0.437793105840683,0.0023431323934346437
900,56,50456,5.161856651306152,13025.684277296066,83.50889973445686,8350.889973445686,9977.718441638179,29.956000000000003,1596.872468192493,4575.8491957790175,4553.806581106052,6854.088180295314,3123.630261342865,9977.718441638179,11.8,149.77999999999997,3.193744936384986,6.522459609282254,7.073212421550337,6.851001727691556,7.136022123652127,,,,
901,56,50512,5.125664234161377,13050.262597084045,83.38060195059506,8338.060195059506,9928.53861086521,34.175000000000004,1556.3034158057035,4565.369556882464,4543.143387773542,6820.654338830711,3107.8842720344983,9928.53861086521,13.0,170.875,3.112606831611407,6.434268827428898,7.130834100761801,6.838658445394562,7.147111097551117,,,,
902,56,50568,5.466933965682983,13074.440862894058,83.81907958476273,8381.907958476275,9987.839615168625,29.825000000000003,1576.106656692351,4557.682494477176,4535.494685838343,6863.899937518214,3123.939677650411,9987.839615168625,11.7875,149.125,3.152213313384702,6.513215210242694,7.055805435729016,6.844986865710019,7.1471015957747515,,,,
903,56,50624,5.066772937774658,13098.800174236298,83.67093919844274,8367.093919844276,9998.699345277855,31.3685,1600.2369254335795,4570.840304984561,4548.773932020968,6861.241348270284,3137.4579970075706,9998.699345277855,12.425,156.84249999999997,3.200473850867159,6.530999341872916,7.02799770162663,6.852033898395173,7.13699576928459,0.03047948144376278,0.2930198907852173,0.4422647953033447,0.0008517217938788235
904,56,50680,5.270301580429077,13122.613928556442,83.55796305049353,8355.796305049353,9884.731407793646,29.863000000000003,1499.072102744294,4559.7499552231875,4537.238680221313,6803.919612398192,3080.8117953954543,9884.731407793646,11.1375,149.315,2.998144205488588,6.3968680453446645,7.214503783472838,6.82197668198926,7.173140690462445,,,,
905,56,50736,5.469289779663086,13146.658928155899,84.11351359495798,8411.351359495799,9944.035468733859,28.1505,1504.5336092380612,4554.081438345547,4531.686323750501,6816.329477709258,3127.7059910246026,9944.035468733859,11.1375,140.7525,3.0090672184761225,6.4115079665431125,7.046326234365395,6.823666403965488,7.165962496163443,,,,
906,56,50792,5.159344673156738,13169.000822782516,83.75218050289081,8375.218050289082,9994.205281543338,37.0185,1581.968731254256,4593.6740986411705,4572.212950872168,6828.5237518219865,3165.681529721351,9994.205281543338,14.925,185.09249999999997,3.1639374625085113,6.494688766775035,6.952561681964055,6.846509457388813,7.089245714330021,,,,
907,56,50848,5.108846664428711,13190.227631807327,83.66995292014369,8366.99529201437,9985.851828911882,39.718500000000006,1579.1380368975115,4580.984833021284,4559.19496226127,6828.489996261035,3157.361832650846,9985.851828911882,16.15,198.59249999999997,3.1582760737950233,6.479467098284918,6.911583157569367,6.845569455968218,7.089204300316225,-0.08791596442461014,0.22516989707946777,0.43894657492637634,0.0015332313487306237
908,56,50904,5.380831480026245,13212.796903848648,83.17428097187963,8317.428097187963,9803.163861158371,33.788500000000006,1451.947263970409,4582.480188969095,4560.243674120926,6671.531234032374,3131.6326271259973,9803.163861158371,13.662500000000001,168.9425,2.9038945279408184,6.184159692811967,6.994325532085027,6.8021528594165295,7.130140672927643,,,,
909,56,50960,5.185563802719116,13234.150425195694,83.81937213358846,8381.937213358844,9956.601899020607,33.9315,1540.7331856617625,4557.355835993134,4535.296522663495,6841.376540571744,3115.225358448864,9956.601899020607,13.65,169.65750000000003,3.0814663713235246,6.464413101151744,7.012832649370642,6.834465736318475,7.123560679447846,,,,
910,56,51016,5.43080472946167,13255.132714033127,83.95246283690477,8395.246283690476,10009.84050028028,38.3,1576.2942165898044,4557.530919302293,4535.679269162483,6864.234466759635,3145.606033520645,10009.84050028028,15.537500000000001,191.5,3.1525884331796084,6.51328740882196,6.931605373927481,6.8450409912196815,7.097474442853267,,,,
911,56,51072,5.6920812129974365,13276.574111700058,83.47968048241357,8347.968048241357,10003.461616198938,41.518,1613.9755679575792,4641.677891988922,4620.42612864872,6795.423008736076,3208.0386074628623,10003.461616198938,16.825,207.59,3.2279511359151583,6.504554175133459,6.8223134323171895,6.855742780241938,7.063826077050221,0.018813397735357285,0.4855891168117523,0.45551490783691406,0.005917731206864119
912,56,51128,5.113645792007446,13300.046515464783,83.39234487775924,8339.234487775924,10005.3929882357,38.693,1627.4655004597753,4622.498987590538,4601.259465045955,6822.025964516119,3183.367023719582,10005.3929882357,15.575,193.46499999999997,3.2549310009195502,6.531928875163478,6.931101783570614,6.859827332569279,7.069889395490803,,,,
913,56,51184,4.835667848587036,13320.100102424622,83.65584344165698,8365.584344165698,9987.58776243432,35.606,1586.397418268622,4589.254986599748,4567.546449505922,6836.254864889544,3151.3328975447766,9987.58776243432,14.3,178.03000000000003,3.172794836537244,6.506494530412222,6.987759100431855,6.847871786892425,7.098770476618723,,,,
914,56,51240,4.859846353530884,13339.303241729736,83.37075751698148,8337.075751698147,9991.074615386271,32.912,1621.0868636881235,4587.058669465494,4565.202097294871,6853.232451012909,3137.8421643733627,9991.074615386271,13.0625,164.56,3.2421737273762465,6.543674752856079,7.035720056606981,6.858099483035945,7.115679851022408,,,,
915,56,51296,4.862706661224365,13358.9748711586,83.06703778532598,8306.703778532597,9989.821323135373,38.824,1644.2935446027755,4645.169134892559,4623.838536700362,6807.782824751476,3182.0384983838967,9989.821323135373,15.5875,194.12,3.2885870892055507,6.539116181300188,6.951920966315856,6.864695277252794,7.059372437413269,0.06600440293550491,0.31519898772239685,0.42459678649902344,0.0005058826063759625
916,56,51352,4.915384769439697,13377.628713607788,83.1313552692478,8313.13552692478,9973.929856471235,34.4555,1626.3388295464542,4624.170053133859,4602.800180356937,6818.959585428971,3154.9702710422644,9973.929856471235,13.7,172.27749999999997,3.2526776590929085,6.528621282204023,7.018394662543496,6.859478284615221,7.088891117403654,,,,
917,56,51408,4.608876705169678,13397.25822854042,83.24725768400087,8324.725768400087,9991.178326878595,35.868,1630.5845584785097,4619.029478946817,4597.525755041415,6827.46858416404,3163.7097427145563,9991.178326878595,14.325,179.33999999999997,3.26116911695702,6.537957239018192,6.987761706734712,6.860768042189948,7.083023439402238,,,,
918,56,51464,4.881543397903442,13419.046118021011,83.56846401757298,8356.846401757299,9953.769190977862,32.781000000000006,1564.141789220565,4617.033810662794,4595.397205469763,6792.618420965429,3161.150770012434,9953.769190977862,13.05,163.90500000000003,3.1282835784411303,6.456522733137033,7.0019151807460585,6.841091386800083,7.1048259544503685,,,,
919,56,51520,4.73809289932251,13437.298822879791,82.83607029160031,8283.607029160032,9997.587033676562,44.605000000000004,1669.3750045165293,4654.043453435195,4632.751207363121,6804.698675939755,3192.8883577368065,9997.587033676562,18.1,223.02499999999998,3.3387500090330584,6.555781116530489,6.871344465350247,6.872004573066614,7.031885191108939,0.2759093940258026,0.2739533483982086,0.47143423557281494,0.002488131867721677
920,56,51576,4.553052186965942,13455.992406368256,83.02520967575342,8302.520967575343,9958.761570237395,35.868,1620.3726026620527,4634.8769721845565,4613.4222811809395,6802.8090873321125,3155.952482905282,9958.761570237395,14.325,179.33999999999997,3.2407452053241057,6.510729417732964,7.017363343014788,6.857621857549432,7.074991541846425,,,,
921,56,51632,4.573392391204834,13475.30877661705,83.98008338694495,8398.008338694495,9969.718257585311,29.694000000000003,1542.015918890816,4556.040673393494,4533.840060329679,6843.183691047654,3126.534566537657,9969.718257585311,11.775,148.47000000000003,3.084031837781632,6.466678833980854,7.046141901663938,6.834850804302889,7.14924302617945,,,,
922,56,51688,4.95771861076355,13494.224913597107,83.7360465617088,8373.604656170879,10008.831892268297,34.1935,1601.0337360974174,4569.618911983297,4547.697089012721,6862.838863289556,3145.9930289787417,10008.831892268297,13.675,170.96750000000003,3.202067472194835,6.532908269734659,6.995018969894142,6.852277218698238,7.118020045935029,,,,
923,56,51744,3.8551197052001953,13509.296669721603,82.82668102174807,8282.668102174808,9977.50142998996,41.78,1653.0533278151522,4677.595151030453,4656.56913786735,6780.049220487502,3197.4522095024586,9977.50142998996,16.85,208.89999999999998,3.3061066556303045,6.531614910702775,6.930992443640486,6.867139403316606,7.025730020543975,-0.14176784455776215,0.26241639256477356,0.45588362216949463,0.0041812206618487835
924,56,51800,3.884366035461426,13524.12657904625,83.23016369975713,8323.016369975712,9975.94904627855,30.331000000000003,1622.6016763028385,4609.808409655548,4587.8999616291385,6830.942338999352,3145.0067072791985,9975.94904627855,11.875,151.65499999999997,3.245203352605677,6.53263481259267,7.040109416447756,6.858442741172134,7.130585200686767,,,,
925,56,51856,3.912832021713257,13538.639065980911,84.27972228635105,8427.972228635104,10005.164269001649,33.9315,1543.2605403665434,4554.599350364457,4532.514482870195,6845.876217881757,3159.288051119891,10005.164269001649,13.65,169.65749999999997,3.0865210807330867,6.46984183844551,6.952759761184642,6.83523323449129,7.13364535121193,,,,
926,56,51912,5.3137290477752686,13555.846751213074,83.20733747583546,8320.733747583545,9980.399389087423,35.743,1623.9226415038752,4608.660228966171,4586.977468253108,6825.450937826528,3154.948451260892,9980.399389087423,14.3,178.71499999999997,3.2478452830077496,6.521721400496694,6.999219583218493,6.858725589199649,7.093928897673928,,,,
927,56,51968,5.193023920059204,13572.95399260521,83.74211797648479,8374.211797648477,9962.051554389102,29.825000000000003,1558.0147567406234,4580.994733463709,4559.010739570227,6823.451925101837,3138.599629287264,9962.051554389102,11.7875,149.125,3.116029513481247,6.466425125872433,7.036967909067146,6.839424336238515,7.138674302621455,-0.0036276180762797594,0.11890607327222824,0.41017189621925354,0.004208970814943314
928,56,52024,5.095656871795654,13589.5677921772,84.03969072516581,8403.96907251658,10014.314255557669,39.718500000000006,1570.6266830410875,4601.139307066564,4579.442012916521,6805.254671718565,3209.059583839103,10014.314255557669,16.15,198.5925,3.141253366082175,6.4499210562223634,6.828363051902684,6.8428867035846235,7.097878102059934,,,,
929,56,52080,4.830744981765747,13605.935631513596,83.76272757172232,8376.272757172232,9934.039321296408,31.1065,1526.660064124178,4574.763431627382,4552.727647968274,6798.013105022812,3136.026216273598,9934.039321296408,12.399999999999999,155.53250000000003,3.053320128248356,6.4105052787697,7.03052433411555,6.829984622055728,7.134399199069504,,,,
930,56,52136,5.637065172195435,13642.072432279587,82.99046037549387,8299.046037549386,9984.56587864713,38.824,1646.695841097744,4640.197428481922,4618.9334643692455,6814.756344880933,3169.809533766197,9984.56587864713,15.5875,194.12,3.2933916821954883,6.544411914180851,6.980938065301182,6.865424159774465,7.052105750415096,,,,
931,56,52192,6.924659252166748,13677.559067964554,84.03123336219217,8403.123336219218,9999.994972569639,32.650000000000006,1564.2216363504217,4572.7761973047855,4550.840316441248,6842.453675909013,3157.5412966606245,9999.994972569639,13.0375,163.25,3.128443272700843,6.490738177947548,6.9771987594967,6.841400404827987,7.129202050126336,-0.04775632917881012,0.11333262920379639,0.41019752621650696,0.0020962804555892944
932,56,52248,6.091498136520386,13712.254974603653,84.00773317814568,8400.773317814568,9888.127973800143,26.607000000000003,1460.7476559855759,4558.939772538408,4536.31302447239,6759.368255690133,3128.759718110012,9888.127973800143,10.5,133.03500000000003,2.9214953119711513,6.312239648132094,7.051762658917427,6.809346089316151,7.182077817289057,,,,
933,56,52304,5.649094104766846,13744.807483196259,84.26934050722267,8426.934050722268,10009.340300031941,33.9315,1548.4747493096734,4547.622070046007,4525.458332407503,6859.79122936636,3149.5490706655796,10009.340300031941,13.65,169.65750000000003,3.096949498619346,6.487412334236265,6.9689428114004075,6.836869700918925,7.134531784686012,,,,
934,56,52360,5.499065160751343,13777.322370767593,83.73405728459053,8373.405728459053,9994.781594557691,35.605999999999995,1585.7698660986384,4589.480905315871,4567.838279348485,6837.376768545236,3157.4048260124546,9994.781594557691,14.3,178.03,3.171539732197277,6.505721723380333,6.97737290828198,6.847687715768262,7.094535262636219,,,,
935,56,52416,5.176931619644165,13806.810883760452,83.48406028098886,8348.406028098885,9832.422246314562,28.0195,1455.996718215676,4575.471569228814,4552.966885197271,6693.89516973126,3138.527076583303,9832.422246314562,11.125,140.0975,2.911993436431352,6.214336934516283,7.035734428637254,6.80459850729178,7.170096318342006,0.011051337234675884,0.40112820267677307,0.43316102027893066,0.0019224919378757477
936,56,52472,5.098886728286743,13834.770249843597,83.495237080504,8349.5237080504,9999.236403781346,32.912000000000006,1616.8006957309472,4593.264764616188,4571.43601005277,6846.407215566776,3152.8291882145695,9999.236403781346,13.0625,164.56,3.233601391461894,6.537414505169937,7.00490804268379,6.8568206510226855,7.118765769745017,,,,
937,56,52528,5.2464280128479,13861.898082256317,83.34825147918671,8334.825147918671,9985.199529599638,36.037000000000006,1614.3373816809678,4596.927344248432,4575.0043141416,6840.194382199669,3145.00514739997,9985.199529599638,13.6875,180.185,3.2286747633619357,6.530442705474995,7.057988319365682,6.8560618228313706,7.133015460742032,,,,
938,56,52584,5.737324953079224,13887.884959936142,83.55942792285043,8355.942792285043,10008.252259124529,35.737,1616.5724668394846,4594.132350417874,4572.313907715834,6843.569605810795,3164.682653313733,10008.252259124529,14.3125,178.68499999999997,3.2331449336789695,6.5328226650149634,6.965155141563722,6.856719065552321,7.107918512054504,,,,
939,56,52640,5.312260627746582,13913.45620059967,83.5021487779512,8350.21487779512,9925.847861186812,29.825000000000003,1545.8079833916904,4596.430910361036,4574.31620088902,6785.794794705305,3140.053066481505,9925.847861186812,11.7875,149.125,3.0916159667833805,6.419628587368931,7.046996495653428,6.8355359876548505,7.142058933868614,-0.0066788592375814915,0.12975265085697174,0.44845303893089294,0.0008047620649449527
940,56,52696,5.294665098190308,13938.64731001854,83.81206137628078,8381.206137628078,9924.109686258691,29.694000000000003,1513.2095486306132,4586.373132934016,4564.381425985753,6783.190620115661,3140.9190661430293,9924.109686258691,11.775,148.47000000000003,3.0264190972612264,6.393649971504323,7.038055591834908,6.825985915030683,7.138763179369502,,,,
941,56,52752,5.084138631820679,13963.335455179214,83.20314768396362,8320.314768396362,9962.88129172556,37.1495,1605.417023329198,4610.396751141372,4588.888134417884,6817.76796604831,3145.11332567725,9962.88129172556,14.9375,185.74749999999997,3.2108340466583964,6.50408695620637,6.98261940004718,6.8532907553582,7.0772440442477285,,,,
942,56,52808,4.964933633804321,13987.17397761345,83.5006128284364,8350.06128284364,9991.912858206786,35.737,1606.1145753631456,4608.148132699398,4586.613987003491,6827.261456156199,3164.6514020505874,9991.912858206786,14.3125,178.685,3.212229150726291,6.51710473549356,6.974485473471687,6.85359914986037,7.088557282718243,,,,
943,56,52864,5.300698757171631,14011.03386092186,83.52686039553925,8352.686039553924,10001.976304479833,34.3245,1614.9657649259084,4595.927598668102,4574.12454739449,6842.0047551910575,3159.9715492887744,10001.976304479833,13.687500000000002,171.6225,3.2299315298518168,6.532674894939128,6.983520025011705,6.856258845864995,7.113379128149751,0.04349995031952858,0.2441921979188919,0.41768336296081543,0.002922559855505824
944,56,52920,5.2561681270599365,14034.469132184982,83.88945192404597,8388.945192404597,9991.497775756397,35.474999999999994,1567.0775833518,4570.98279507372,4549.038660533099,6836.852237149249,3154.6455386071484,9991.497775756397,14.287500000000001,177.375,3.1341551667036,6.481178436370034,6.968184548393705,6.842135565262799,7.114150566005724,,,,
945,56,52976,5.015162944793701,14056.441267251968,83.54429994968672,8354.429994968672,9984.664996604528,28.5435,1601.6915016358557,4568.617819428989,4546.424213833939,6864.187552591359,3120.4774440131687,9984.664996604528,11.174999999999999,142.7175,3.203383003271712,6.534457943086858,7.081391130733962,6.852477618884647,7.150374333552831,,,,
946,56,53032,4.936357736587524,14078.685331344604,83.38138595090143,8338.138595090142,9827.672514810532,28.1505,1461.3834197203905,4602.956116202959,4580.85581868765,6691.897615312957,3135.7748994975773,9827.672514810532,11.1375,140.7525,2.922766839440781,6.246745546325013,7.068302309466116,6.807404423410213,7.142717804354066,,,,
947,56,53088,4.983100414276123,14100.565563678741,83.82312576860437,8382.312576860437,9942.729076301288,26.869000000000003,1533.5474994408519,4565.143698422593,4542.861415643991,6827.133808414066,3115.5952678872227,9942.729076301288,10.524999999999999,134.345,3.0670949988817036,6.449688697485948,7.091916195683663,6.832285472184064,7.1611081628903035,-0.07571686059236526,0.34370672702789307,0.4305233061313629,0.000569268420804292
948,56,53144,4.893986225128174,14121.14569401741,83.9187218438321,8391.87218438321,9991.075168169857,31.237499999999997,1567.9654837866465,4568.014981423236,4545.985068470483,6848.849452367169,3142.225715802688,9991.075168169857,12.4125,156.1875,3.1359309675732927,6.4979621025029735,7.0138989865431025,6.8425310830532435,7.137230881245239,,,,
949,56,53200,4.952139616012573,14142.148995876312,83.4512125851773,8345.12125851773,10000.77353876992,34.3245,1621.3277802521889,4586.806684382797,4564.999006345904,6853.3925550240765,3147.3809837458416,10000.77353876992,13.6875,171.6225,3.2426555605043776,6.54360692707265,7.006054326621667,6.858167528353306,7.10954625540412,,,,
950,56,53256,4.98869514465332,14163.569381952286,83.85923478602786,8385.923478602786,9955.601789343018,25.456500000000002,1544.2218107402314,4553.102222319446,4530.615460200527,6849.65751111252,3105.9442782304977,9955.601789343018,9.9,127.28250000000001,3.088443621480463,6.474445175128996,7.112734125933159,6.8355469552361035,7.175804433717187,,,,
951,56,53312,5.046473026275635,14184.406589746475,83.62707569433692,8362.707569433693,9969.996441976404,32.781,1574.50787254271,4604.287390614447,4582.647993957761,6814.413198472865,3155.583243503538,9969.996441976404,13.05,163.905,3.1490157450854195,6.48078316278475,7.005044747894728,6.844258728113926,7.105364633695002,0.12217328697443008,0.17886923253536224,0.3783012628555298,0.0008653613622300327
952,56,53368,4.905415773391724,14204.271561145782,83.45989310877096,8345.989310877096,9987.225215715083,38.562,1602.6739048379886,4613.590703223713,4592.088087960821,6817.601331839329,3169.6238838757545,9987.225215715083,15.562500000000002,192.81,3.2053478096759775,6.505356020561719,6.95167096161666,6.852516764241515,7.072358092037332,,,,
953,56,53424,4.765263557434082,14223.730732440948,83.9207914072162,8392.07914072162,9995.599249743285,31.237499999999997,1572.2826090216668,4563.32292900611,4541.078252211463,6854.4425647861035,3141.1566849571827,9995.599249743285,12.4125,156.1875,3.144565218043333,6.501549491138222,7.014041750016926,6.843796000288636,7.147652054501301,,,,
954,56,53480,4.919049978256226,14244.342665195465,84.13324675501221,8413.32467550122,9949.141516523694,26.738000000000003,1509.0788410224736,4549.591003816235,4527.0083472896995,6825.582922923455,3123.5585936002385,9949.141516523694,10.5125,133.69,3.018157682044947,6.4231176011385225,7.059653026186106,6.825064062092568,7.17969926042307,,,,
955,56,53536,4.987853527069092,14264.53313446045,83.90351199506522,8390.351199506522,10025.321089251427,38.431000000000004,1596.5388897449052,4575.748499853391,4553.973136402387,6854.6648035290755,3170.6562857223516,10025.321089251427,15.55,192.15499999999997,3.19307777948981,6.524873550913791,6.922007793584953,6.850925480643484,7.096351648385635,0.02843988873064518,0.15057231485843658,0.40768468379974365,0.009576354175806046
956,56,53592,4.675552129745483,14283.39749789238,83.13727029743174,8313.727029743175,9992.811693243437,43.230500000000006,1635.8541635002632,4611.884385988944,4590.265924216994,6833.76845266451,3159.0432405789275,9992.811693243437,16.825000000000003,216.15249999999997,3.2717083270005265,6.544197691182933,7.005335880435423,6.8623271634821235,7.082632178955243,,,,
957,56,53648,4.726695537567139,14302.60104727745,83.3184385477816,8331.843854778159,9999.684678670188,34.4555,1633.3853238920299,4616.93301544194,4595.035690842882,6824.144174472938,3175.540504197251,9999.684678670188,13.7,172.2775,3.2667706477840595,6.531969997334752,6.968976209645652,6.861515832462406,7.117977091848688,,,,
958,56,53704,4.7318408489227295,14321.530623435974,83.67109041117735,8367.109041117736,9974.16442150154,43.956,1563.0993803838053,4602.703311709092,4581.005025167089,6786.129505443617,3188.034916057923,9974.16442150154,18.025,219.78,3.1261987607676107,6.4278145014326,6.835411483377468,6.840374926817128,7.0668817602791405,,,,
959,56,53760,4.813744783401489,14341.259178161621,83.51387501587607,8351.387501587607,10022.712942892169,40.1055,1631.2199413045607,4618.437728186151,4596.96754304987,6827.871593364805,3194.8413495273617,10022.712942892169,16.2,200.5275,3.262439882609122,6.538398095498882,6.897398745118936,6.860952091456987,7.069857419175834,-0.020383266732096672,0.18893969058990479,0.420306921005249,0.0012958267470821738
960,56,53816,4.965073585510254,14359.635083913803,83.65103729211486,8365.103729211487,9999.29469740398,37.3185,1596.872468192493,4575.8491957790175,4553.833978945182,6854.088180295314,3145.206517108667,9999.29469740398,14.3,186.59249999999997,3.193744936384986,6.522459609282254,7.036228109142645,6.851001727691556,7.13374198273583,,,,
961,56,53872,4.07023549079895,14377.299035549164,84.45046639547418,8445.046639547418,10065.019866947492,42.5375,1577.4357274000731,4555.864762715555,4533.774659066903,6866.64604558069,3198.373821366802,10065.019866947492,17.4125,212.6875,3.154871454800146,6.51657538466775,6.799211940283939,6.8453937267456775,7.108626523530783,,,,
962,56,53928,3.887096881866455,14393.126323699951,83.25423389970746,8325.423389970747,9914.743578563302,35.906000000000006,1553.4141885925555,4629.803260512316,4607.025261840284,6762.155512511657,3152.588066051645,9914.743578563302,13.675,179.53000000000003,3.1068283771851113,6.419483549104595,7.030126809452333,6.837711116389078,7.1738334009677285,,,,
963,56,53984,3.8320798873901367,14408.392929077148,84.58456273121959,8458.45627312196,10041.865832723543,35.344,1548.0655596015818,4548.218888221098,4526.055668886725,6858.735843089791,3183.1299896337496,10041.865832723543,14.275,176.72,3.0961311192031635,6.485718776606574,6.896309519295308,6.836739546908125,7.138798606693124,0.0664750263094902,0.18761087954044342,0.37856587767601013,0.002815126208588481
964,56,54040,4.25372576713562,14424.188811302185,84.15751516853058,8415.751516853057,9893.830637497758,32.075500000000005,1446.003620644701,4565.571551985204,4543.101023943437,6723.43639127146,3170.3942462262985,9893.830637497758,12.95,160.3775,2.892007241289402,6.254207103409786,6.932900168207533,6.803276642961145,7.161066296348766,,,,
965,56,54096,5.239568710327148,14442.021468400955,84.3554043688632,8435.54043688632,9978.088167937272,30.975500000000004,1511.5722310509514,4546.557222268082,4524.209992986051,6833.4408272287465,3144.647340708526,9978.088167937272,12.3875,154.8775,3.023144462101903,6.43298633861519,6.991188406381699,6.825860599174542,7.156104281004777,,,,
966,56,54152,4.9892919063568115,14459.429647922516,83.88610800329934,8388.610800329936,9971.322582399684,35.475,1547.2367820697486,4593.982657367978,4572.2777297337925,6798.904883652293,3172.41769874739,9971.322582399684,14.287500000000001,177.375,3.0944735641394976,6.437611699690218,6.9452095279172115,6.83609883346998,7.105323128032633,,,,
967,56,54208,5.006380081176758,14476.420344114304,83.57542949614748,8357.542949614748,10011.456523885814,38.562,1615.3515742710676,4595.327241525499,4573.694705655568,6844.1865883911905,3167.269935494624,10011.456523885814,15.5625,192.81,3.230703148542135,6.535035682896932,6.943356393478441,6.856388499307111,7.082814313838853,-0.13326896727085114,0.31403473019599915,0.37359359860420227,0.0037225906271487474
968,56,54264,4.963137626647949,14494.097600460052,83.85459525009378,8385.459525009377,9980.24899055107,32.650000000000006,1562.1394655416932,4576.848207120147,4554.835684994207,6827.570531442403,3152.6784591086666,9980.24899055107,13.0375,163.25,3.1242789310833867,6.469966521090076,6.99073643907252,6.840631620273974,7.131183279012116,,,,
969,56,54320,5.535115718841553,14526.882142782211,84.17314085174195,8417.314085174195,10057.508794381101,42.668499999999995,1597.526209206904,4574.671643890093,4552.823161684095,6855.746005336188,3201.762789044912,10057.508794381101,17.425,213.3425,3.195052418413808,6.525307753441845,6.832403215863027,6.851211430702977,7.088244421629686,,,,
970,56,54376,5.209055185317993,14559.06565952301,84.02809923320694,8402.809923320694,10038.745299460265,38.431,1597.504376139569,4574.435837051726,4552.6471905331555,6856.333263110801,3182.4120363494617,10038.745299460265,15.55,192.155,3.195008752279138,6.5264762789233615,6.89927642836464,6.851215428046331,7.101464894364869,,,,
971,56,54432,5.602905035018921,14592.084212779999,83.97001695930601,8397.001695930603,9915.1594507757,33.8005,1484.3572548451007,4577.06603871141,4555.015070035273,6753.665273481246,3161.4941772944567,9915.1594507757,13.6375,169.0025,2.9687145096902015,6.329373750899249,6.960824393841906,6.816548439691191,7.129615869332182,0.09455651789903641,0.13795526325702667,0.3806643486022949,0.002813706872984767
972,56,54488,5.1958208084106445,14621.54201745987,84.4840260175152,8448.40260175152,10016.19553069354,39.5815,1528.2114289420201,4571.023378594807,4549.078104692035,6820.861472167691,3195.3340585258475,10016.19553069354,16.15,197.90750000000003,3.05642285788404,6.443761807638787,6.858731333944105,6.830707379066337,7.105114127036076,,,,
973,56,54544,5.138183355331421,14650.972599029541,84.2203005330927,8422.03005330927,10028.097347697149,36.8875,1569.1797943878792,4567.240841643344,4545.32599810763,6848.296771368629,3179.800576328519,10028.097347697149,14.912500000000001,184.4375,3.1383595887757583,6.494426716586325,6.897525763583674,6.842849836978581,7.11723625873698,,,,
974,56,54600,5.531808137893677,14679.941388607025,83.38406120860499,8338.406120860498,10016.649858061315,40.105500000000006,1638.138237200816,4608.439375736511,4586.666056449642,6838.327996849984,3178.3218612113315,10016.649858061315,16.200000000000003,200.52749999999997,3.276276474401632,6.548919039502491,6.922582234032614,6.863017029098851,7.083829563657512,,,,
975,56,54656,5.228174686431885,14707.943848848343,84.38645199840099,8438.645199840099,9975.458962377477,33.8005,1503.013262537379,4556.020522511525,4533.68651108116,6810.628223887563,3164.8307384899153,9975.458962377477,13.6375,169.0025,3.006026525074758,6.403596125428054,6.941129799454773,6.823165452975141,7.147138097511387,0.0826001688838005,0.20356611907482147,0.3643120527267456,0.0019204964628443122
976,56,54712,5.2123494148254395,14734.789994716644,84.188460435942,8418.8460435942,10031.931699637906,39.7125,1573.3731560437068,4561.337137747623,4539.42075438041,6858.216948226769,3173.7147514111366,10031.931699637906,16.1625,198.5625,3.146746312087413,6.506701885394339,6.893000165535955,6.844151568913953,7.099910825555413,,,,
977,56,54768,5.073440313339233,14761.15777873993,83.4142303779073,8341.42303779073,10044.898258873223,48.7115,1654.7637210824928,4631.262140586389,4609.715863672913,6823.466166373335,3221.4320924998874,10044.898258873223,19.9625,243.55749999999998,3.3095274421649856,6.553606350935326,6.792132343681794,6.867437672357341,7.026699514064816,,,,
978,56,54824,5.660420894622803,14786.474856615067,84.45634657719266,8445.634657719267,10031.086832998908,38.169,1547.2831752796424,4549.298058765688,4527.1890472789355,6856.7899140713835,3174.296918927524,10031.086832998908,15.525,190.845,3.0945663505592846,6.48311914675353,6.893252933718217,6.836494024725986,7.119207028413852,,,,
979,56,54880,4.982162952423096,14811.079014778137,84.15143114459528,8415.143114459528,10047.518827592963,42.668499999999995,1589.7072131334346,4585.125560476261,4563.425006582225,6842.679993970622,3204.8388336223416,10047.518827592963,17.425,213.3425,3.179414426266869,6.511971173188158,6.8331665757593045,6.848865391848695,7.079553110558163,-0.021794890984892845,0.1308072954416275,0.34777021408081055,0.0006220999057404697
980,56,54936,5.167980909347534,14836.252629518509,83.56224917240274,8356.224917240273,10036.907442692678,42.9305,1637.7520254524056,4609.13569213862,4587.565034751366,6837.18157645226,3199.725866240419,10036.907442692678,17.450000000000003,214.65249999999997,3.2755040509048112,6.547528659211412,6.8631824679537345,6.862895577877218,7.064605300186031,,,,
981,56,54992,5.232385873794556,14861.006233215332,84.32013812068647,8432.013812068646,10043.88640740338,41.125,1570.7475953347348,4565.302656397313,4543.415955882359,6851.207854855666,3192.6785525477158,10043.88640740338,16.787499999999998,205.625,3.1414951906694695,6.497653356338262,6.852685014915204,6.84332570979537,7.096162968025396,,,,
982,56,55048,5.065790414810181,14885.158206224442,83.87952440294696,8387.952440294695,10038.313853601965,44.212,1606.1494133072704,4608.585564628365,4587.067996895876,6826.014893476426,3212.29896012554,10038.313853601965,18.0625,221.05999999999997,3.2122988266145405,6.5143129380361735,6.827155955723779,6.853585952387833,7.056555293009275,,,,
983,56,55104,5.041389226913452,14908.233733177185,83.76252319944231,8376.252319944233,10062.5967370441,45.7555,1640.5889170998666,4604.658099582575,4583.022702959937,6842.602270775651,3219.9944662684466,10062.5967370441,18.700000000000003,228.77749999999997,3.2811778341997333,6.5526671520339566,6.794658162845441,6.863748899854221,7.061235802096909,0.06153484061360359,0.1256001740694046,0.38530537486076355,0.0015210943529382348
984,56,55160,5.256258010864258,14932.189061403275,84.29813361231685,8429.813361231685,10042.740242643758,41.125,1571.8018814120721,4563.796638223035,4541.8984666389915,6854.033712310824,3188.7065303329327,10042.740242643758,16.7875,205.625,3.143603762824144,6.501034465378342,6.858343057166493,6.8436554161713214,7.095663027295535,,,,
985,56,55216,5.119463205337524,14953.89974617958,83.93480283730841,8393.480283730842,10056.148121839622,41.387,1621.2808381087816,4587.060686323142,4565.32695495058,6852.987494926714,3203.160626912909,10056.148121839622,16.8125,206.935,3.2425616762175635,6.5429847165083705,6.844307575222159,6.858149031582051,7.08876002005661,,,,
986,56,55272,5.111581563949585,14975.906885623932,84.24213338995956,8424.213338995956,10068.654748133766,44.081,1600.3604091378118,4570.5383394246355,4548.632193146356,6861.5984502332885,3207.056297900478,10068.654748133766,18.05,220.40499999999997,3.2007208182756233,6.531537816084852,6.808443009648101,6.852073613818719,7.08561324401704,,,,
987,56,55328,5.191415548324585,14998.796130418777,84.18024473359736,8418.024473359736,10027.188650739728,38.300000000000004,1570.8641773799934,4564.517717634563,4542.640700476568,6853.164322330935,3174.024328408795,10027.188650739728,15.537500000000001,191.5,3.1417283547599864,6.501439336431851,6.906061090177349,6.843390346098969,7.105199006216229,-0.052603673189878464,0.09770172089338303,0.33237192034721375,0.001824015169404447
988,56,55384,5.048144578933716,15019.895951271057,84.38125073755205,8438.125073755204,10023.356323064876,36.7565,1548.4747493096734,4547.622070046007,4525.484259298059,6859.79122936636,3163.565093698517,10023.356323064876,14.9,183.7825,3.096949498619346,6.487412334236265,6.922385144749652,6.836869700918925,7.123809214515252,,,,
989,56,55440,4.871131181716919,15040.926414251328,84.84947790366468,8484.947790366468,10032.201048264546,38.038,1509.2152578980772,4548.9431198074035,4526.4874199483365,6828.388795152088,3203.812253112457,10032.201048264546,15.5125,190.19,3.018430515796154,6.427031372877927,6.84023895012996,6.825136171519189,7.145479080692239,,,,
990,56,55496,4.783615350723267,15061.072595596313,84.39650103442685,8439.650103442684,10053.248508429759,41.125,1572.4734049870735,4562.327786070675,4540.1319078798915,6856.915978187886,3196.3325302418707,10053.248508429759,16.7875,205.625,3.1449468099741473,6.506064639279598,6.843331300199884,6.843888684386829,7.1124385680394555,,,,
991,56,55552,4.738600730895996,15080.477400064468,84.59090324519917,8459.090324519917,9959.066165627664,35.082,1464.893841107748,4553.16819731244,4530.676416351948,6777.9940604902695,3181.072105137396,9959.066165627664,14.25,175.41000000000003,2.9297876822154962,6.338498510315873,6.8988021300111235,6.81120116088705,7.152518681671028,0.1393435150384903,0.11232134699821472,0.32203349471092224,0.0018251960864290595
992,56,55608,5.137854337692261,15100.767794370651,83.5603145499762,8356.031454997621,9878.855444575287,36.6315,1486.192489577667,4601.934103949623,4580.034223492691,6699.632354250943,3179.223090324345,9878.855444575287,14.875,183.15750000000003,2.9723849791553336,6.263754994072279,6.924896064829724,6.815102840313246,7.109437781124389,,,,
993,56,55664,4.532790184020996,15119.441559314728,84.84477965946901,8484.477965946902,10033.00886222457,40.863,1507.6678962776673,4551.28128498706,4529.097668192441,6820.985123020478,3212.023739204091,10033.00886222457,16.7625,204.315,3.0153357925553346,6.417300579881181,6.80000417851549,6.824611397371795,7.121776677525038,,,,
994,56,55720,4.582852602005005,15138.562760829926,84.61363858818208,8461.363858818208,10009.561589869158,36.6255,1511.5722310509514,4546.557222268082,4524.164714383445,6833.4408272287465,3176.120762640414,10009.561589869158,14.8875,183.12750000000003,3.023144462101903,6.43298633861519,6.8967746943214685,6.825860599174542,7.139969155599924,,,,
995,56,55776,4.695474147796631,15158.472804546356,84.46383448831176,8446.383448831177,10028.29913861224,38.169,1543.7466897810627,4553.553062644915,4531.528506954067,6848.8652019959545,3179.433936616285,10028.29913861224,15.525000000000002,190.845,3.087493379562125,6.473836598128829,6.887102742074798,6.835405513338145,7.116299118060214,-0.03009725548326969,0.28037577867507935,0.34907373785972595,0.0007939841598272324
996,56,55832,4.533151149749756,15179.057362318039,84.36554738545414,8436.554738545412,10053.702965945486,39.7125,1577.4357274000731,4555.864762715555,4533.782539084103,6866.64604558069,3187.0569203647956,10053.702965945486,16.1625,198.5625,3.154871454800146,6.51657538466775,6.8664051557854835,6.8453937267456775,7.113285785933776,,,,
997,56,55888,4.887062072753906,15198.868114233017,84.20357509619042,8420.35750961904,10083.453329238873,45.6245,1617.4713196198331,4592.8278851453015,4571.144521676575,6845.21953215931,3238.2337970795647,10083.453329238873,18.6875,228.1225,3.234942639239666,6.534765499604951,6.763961942618329,6.856993278039285,7.072971965759867,,,,
998,56,55944,4.92008113861084,15217.828041315079,84.45309722662137,8445.309722662136,10056.44392487183,42.5375,1568.5967022096947,4567.751864213516,4545.788956279249,6847.729760057512,3208.714164814319,10056.44392487183,17.412499999999998,212.6875,3.137193404419389,6.494333954791881,6.813474043584353,6.84268361073344,7.0990538435869155,,,,
999,56,56000,4.022744655609131,15233.942736148834,84.23675081374,8423.675081374,9913.587728229457,32.257000000000005,1457.6556468554575,4562.367290762207,4539.944506658147,6750.175327129857,3163.412401099601,9913.587728229457,13.0,161.28500000000003,2.915311293710915,6.299848664763832,6.953797891573746,6.808107169049474,7.1569769364975695,0.011995923705399036,0.2833649218082428,0.39506086707115173,0.0051649161614477634
