episode,steps,global_step_end,episode_time_s,elapsed_run_time_s,total_reward,total_reward_raw,total_reward_benefit,total_reward_chemical_cost,total_reward_ph_cost,total_stage1_vfa_produced_kgCOD,total_stage2_vfa_removed_kgCOD,total_stage2_ch4_m3,total_chemical_kmol,total_ph_violation_pH_d,final_stage1_pH,final_stage2_pH,mean_stage1_pH,mean_stage2_pH
0,168,168,6.809026718139648,8.32667589187622,-193.4486364851708,-19344.86364851708,6852.459100535389,883.2150000000006,25314.10774905247,6594.722634278672,6119.199940633847,1448.2602609661903,4416.075000000003,50.628215498104936,12.555730635689368,12.605655954795797,10.957458408673881,10.35575595828341
1,168,336,6.685248136520386,15.779023885726929,-50.59132162258539,-5059.132162258539,8863.674744997392,898.9524999999995,13023.85440725593,6184.341308195695,6118.3640130152235,2925.4729376311607,4494.762499999997,26.04770881451186,7.877533980220376,8.111264957090963,9.926991715086325,7.196858977332769
2,168,504,7.129794359207153,23.45159387588501,-97.45543253539813,-9745.543253539814,7968.181521298344,837.6016666666666,16876.12310817149,5925.272445712957,5765.749638205959,2263.226902627301,4188.008333333333,33.75224621634298,11.94934282021496,8.608630875904636,10.775013308499965,8.07183352325798
3,168,672,6.76723313331604,30.72001051902771,-20.011440126022556,-2001.1440126022553,9856.924684375417,843.4174999999996,11014.651196977673,4065.410423284143,3841.317618773514,1690.0446387221764,4217.087499999997,22.029302393955344,8.265388135743317,8.596598135612517,8.694806350925186,8.469042823830213
4,168,840,6.512569427490234,37.93061280250549,30.998210818249767,3099.8210818249763,11436.956679671235,921.9341666666662,7415.201431179594,2451.8828039141963,2418.1299679971016,1923.5765935368677,4609.670833333332,14.830402862359188,11.079952282389238,6.92990866651806,8.29844063529148,7.736156197919028
5,168,1008,5.785930156707764,44.26638841629028,-216.5808386615917,-21658.08386615917,6900.265619745762,928.2541666666662,27630.09531923827,6048.628916258838,5558.138358521282,1311.9149417967014,4641.270833333331,55.26019063847653,12.000860121708012,12.66454348410249,11.365776433335006,10.701095162108706
6,168,1176,6.249952554702759,51.03766131401062,-60.78763504655884,-6078.763504655885,10761.471339357926,890.9366666666665,15949.298177347144,2775.620035841302,2636.4090015065212,1328.559772667976,4454.6833333333325,31.89859635469429,6.879804147021474,1.2545897899350535,8.347476021527612,4.332166097880355
7,168,1344,6.312986135482788,57.97836661338806,23.34472914908363,2334.4729149083623,11739.46162619218,951.9791666666665,8453.00954461715,2841.1697955417176,2757.401601862256,2309.576688032532,4759.895833333332,16.906019089234302,7.585104220120197,6.8731958187967255,8.330915414151296,7.9707328218117235
8,168,1512,7.383923292160034,66.07775688171387,22.345299383672735,2234.529938367273,10615.236158700973,898.3575000000003,7482.3487203337,2036.9113899656022,1985.590943092757,1483.3458916193233,4491.787500000002,14.9646974406674,11.816908687106407,9.030347060894504,8.017886643909899,7.2604934237610745
9,168,1680,6.411686897277832,73.28526186943054,0.9987256683904278,99.87256683904297,10386.050047747125,1071.7558333333332,9214.421647574749,2017.984598371461,1979.0885141660467,1317.633203561929,5358.779166666665,18.4288432951495,12.145767201526096,8.57940806153419,8.728758189848286,7.664197270770627
10,168,1848,6.202617645263672,80.26355981826782,-60.06792349290695,-6006.792349290695,7992.9982118100415,897.854166666667,13101.93639443407,5943.455463247659,5667.23323088653,1958.553117695516,4489.270833333334,26.20387278886814,7.848535593996931,8.922540780464754,9.452633560304395,8.347760345045891
11,168,2016,6.145208120346069,87.20268964767456,-43.33192411046612,-4333.192411046612,9793.69660552169,874.1333333333334,13252.75568323497,5114.229697989864,5053.078971534047,2843.293330341012,4370.666666666666,26.50551136646994,7.994131574536781,6.879709125466373,9.962771464732537,7.581800354359657
12,168,2184,6.113402843475342,94.18404340744019,4.337243162558877,433.72431625588774,6736.665203021375,965.1600000000008,5337.780886765488,6148.429368606849,5872.178516311209,2922.7116762272685,4825.800000000003,10.675561773530973,7.84863633131095,8.29102082480085,5.479927006156021,7.447302310217769
13,168,2352,5.884962320327759,100.9571259021759,-26.797879856785663,-2679.787985678566,10888.172869690308,946.031666666666,12621.92918870221,3313.4918430747566,3107.2090493374862,1918.8131263215969,4730.158333333329,25.243858377404415,7.463343366961803,5.872064252805318,8.66472205013281,5.94878412016008
14,168,2520,6.752848148345947,108.73394274711609,11.286698509974663,1128.6698509974658,10101.037669854046,1102.0449999999996,7870.322818856579,2291.032514996201,2200.8376025630923,1850.6587527984893,5510.2249999999985,15.74064563771316,11.331814972428008,8.919933971818683,6.789591779050788,8.027345076619875
15,168,2688,6.062102794647217,115.80512928962708,18.544540629460144,1854.4540629460148,10925.288917956845,965.4691666666674,8105.365688344164,2337.454455924968,2304.015260841322,1792.687416808292,4827.3458333333365,16.21073137668833,8.639799598908136,5.8983936023966885,8.272525375650131,6.534885452444727
16,168,2856,5.9554126262664795,122.773521900177,-87.16291337149563,-8716.291337149563,8503.3700495585,1040.141666666667,16179.519720041397,6917.709708016752,6680.610608386853,2834.148664117267,5200.708333333336,32.359039440082796,8.06936688394421,8.315414512178293,10.347817805664985,8.454806398722335
17,168,3024,6.156508922576904,129.97690200805664,22.745578256587436,2274.5578256587437,11049.998389635151,924.9566666666667,7850.483897309741,1556.9318980558655,1482.5879757881194,1661.6037482536588,4624.783333333334,15.700967794619485,8.383828977919984,7.610920747510338,7.454698942493065,8.440654058428533
18,168,3192,6.164728164672852,137.30421233177185,56.06043014162222,5606.043014162222,12286.910989671891,994.6183333333333,5686.249642176334,1680.6546462860047,1660.0359701966836,1639.9817582082978,4973.091666666667,11.37249928435267,7.7052927904211925,8.731036949941075,7.788338703851404,7.187835730947218
19,168,3360,6.503276824951172,145.29807233810425,38.30026708691572,3830.026708691571,11936.671482662474,1015.0575000000001,7091.587273970903,2034.3411149859307,2002.236604225859,1890.5957784467696,5075.287500000001,14.183174547941805,10.338757308448505,6.157225402381567,8.179776170814872,7.210989162335287
20,168,3528,6.489886999130249,153.0277864933014,46.657983981142195,4665.79839811422,11769.823046561187,1016.378333333334,6087.646315113633,1380.5326118148503,1358.7814616718097,1581.1807988675362,5081.89166666667,12.175292630227265,7.562800743867403,6.23905642684874,7.846186383704811,6.818952778227136
21,168,3696,6.790259838104248,161.22645831108093,55.580106212175494,5558.01062121755,11947.803303196877,829.9766666666663,5559.816015312661,1138.8918169101885,1071.3361677025166,1464.9720625398982,4149.883333333331,11.11963203062532,7.444791151163532,8.11744615433912,6.41601870086192,8.345959120311548
22,168,3864,6.483659744262695,169.20749378204346,39.56893241195136,3956.8932411951355,11912.632667512215,1026.838333333334,6928.901092983745,1870.8040310255606,1841.175937901799,1536.493641078302,5134.19166666667,13.85780218596749,8.676300858304382,8.176501929900637,7.9479150291718765,6.795036412488658
23,168,4032,6.094082593917847,176.81034636497498,28.908287534445638,2890.8287534445635,11718.069963496513,1048.8508333333336,7778.390376718617,2506.4314446123026,2479.9349345971755,1971.0502242307653,5244.254166666668,15.556780753437232,12.16586133476019,6.224104793820887,8.43697488368741,6.809650556307082
24,168,4200,6.251730918884277,184.68374037742615,70.24895545550993,7024.895545550993,12214.617842010317,855.7749999999996,4333.947296459326,1932.2592930963335,1914.8843949373734,1691.7787413819974,4278.874999999998,8.66789459291865,7.030579480544411,7.004571051605042,7.25526598845943,7.180756665917992
25,168,4368,6.774398565292358,193.04101252555847,65.59081655450146,6559.081655450145,12457.318577837803,982.3533333333332,4915.883589054325,953.8753437649209,933.7743076517613,1384.4694259524417,4911.7666666666655,9.831767178108649,8.163968895417266,7.274100407513867,7.719243482032001,7.14669990021769
26,168,4536,7.092534303665161,201.71056604385376,73.54233629910334,7354.233629910334,12358.011344291612,1004.4749999999996,3999.302714381278,904.9579022081073,885.2788410160692,1328.1407757988036,5022.374999999998,7.998605428762556,7.34246587552543,8.155918093233474,7.375448387021343,7.25686233658398
27,168,4704,6.985687732696533,210.2363464832306,66.33319692185478,6633.31969218548,12270.596296003165,868.8991666666659,4768.377437151021,986.8711917406858,955.9751601540819,1553.9766208323772,4344.495833333329,9.53675487430204,8.20617456747455,7.346271413164954,7.258227995595705,7.7906347432637135
28,168,4872,6.360404968261719,218.0901825428009,43.05844234960644,4305.844234960644,11456.21896810228,929.2674999999994,6221.107233141635,1743.1268703499268,1716.612552823959,1747.2982535064637,4646.337499999997,12.442214466283273,7.593979843244523,6.814127697709284,8.01050970744652,7.313745187495231
29,168,5040,6.614942312240601,226.2412829399109,72.56677741752597,7256.6777417525955,12378.665230749823,1099.5125000000005,4022.4749889972272,1338.9716346575087,1315.9267026756347,1436.591891478869,5497.562500000002,8.044949977994454,6.274318081786037,8.50583825736345,7.330363007714276,7.445852896297143
30,168,5208,6.5824127197265625,234.51574158668518,67.94784427979556,6794.784427979556,12609.279565299155,986.7741666666659,4827.720970652932,1292.1451168102644,1276.1259883204066,1654.9965729064838,4933.87083333333,9.655441941305863,6.769812742244182,6.813118207379981,7.67921991874455,7.120040622575296
31,168,5376,6.145024299621582,242.46237683296204,70.93170795270655,7093.170795270655,12233.184429890294,905.4641666666672,4234.549467952972,754.9035918048329,737.5230709131567,1461.3734417064995,4527.320833333336,8.469098935905944,11.59527592379092,5.985471606490065,7.462965870178609,6.919892390749975
32,168,5544,5.412870407104492,249.4863247871399,55.59410117944566,5559.410117944566,12262.58235586263,1127.35,5575.822237918065,1453.738384861809,1435.8921920779453,1516.9638237985544,5636.75,11.151644475836129,7.005680372803608,7.675438768157726,7.925999810225169,7.1424805030398275
33,168,5712,5.1679768562316895,256.399188041687,41.653840736288245,4165.384073628824,12392.483181299876,1134.2216666666664,7092.877441004386,1846.418399392621,1827.2592696458667,1770.302086727998,5671.108333333332,14.185754882008773,7.668289418303443,5.807956823161625,8.261604706738183,6.751373691138425
34,168,5880,5.1744256019592285,263.29665303230286,53.59810206409169,5359.810206409169,12246.53580655421,1100.7374999999997,5785.988100145041,1576.391488482014,1557.934877693877,1558.5555230670439,5503.687499999998,11.571976200290084,6.611915442449746,6.711110810982483,7.945370834144991,7.272037479252317
35,168,6048,5.14471173286438,270.0093822479248,45.90355399428972,4590.355399428972,11739.425934206689,1093.4091666666664,6055.66136811105,1645.6482348584664,1619.3337616863714,1567.9381551588324,5467.045833333332,12.1113227362221,6.901748394751362,6.775032816227856,7.95662813250933,7.194157108356215
36,168,6216,5.105792760848999,276.7501845359802,61.44769578709171,6144.769578709171,12094.857192724718,999.3625000000008,4950.725114015546,987.0214298690694,970.0033903783392,1447.7434061594658,4996.812500000004,9.901450228031091,11.073870303049178,7.3441549703054205,7.717802476094249,7.337921849460199
37,168,6384,5.051325082778931,283.4265742301941,57.02288183205331,5702.288183205332,12160.893396324927,917.093333333333,5541.511879786263,1171.7274759029451,1153.7884229153624,1392.7083339795524,4585.466666666665,11.083023759572527,7.897157929901065,8.611593703913629,7.858456720978022,7.231096604708046
38,168,6552,5.162221908569336,290.27847695350647,53.39815193527477,5339.815193527477,12294.189276027664,982.4958333333334,5971.878249166853,1537.1921593177867,1513.8657421434705,1548.9944684176721,4912.479166666666,11.943756498333705,7.238532284461489,8.709841956037463,7.891025822117158,7.60031473580935
39,168,6720,5.188840389251709,297.18996000289917,57.75779385915734,5775.779385915734,12335.19645207455,980.5358333333331,5578.8812328254835,1562.5778959742427,1539.172016224904,1489.9247997797868,4902.679166666665,11.157762465650967,7.13941589223928,7.699230771166668,7.8562488430420725,7.432163386197208
40,168,6888,5.1787214279174805,304.192289352417,51.72081416995739,5172.081416995739,11953.163324722234,1011.4183333333337,5769.663574393162,1438.1978255600666,1420.58544834018,1647.098992132072,5057.091666666669,11.539327148786322,8.484940616146678,8.060875122244866,7.810948981773999,7.292274387569679
41,168,7056,5.14165997505188,311.13363337516785,53.95478618444432,5395.478618444432,12265.927977981333,1177.9125000000004,5692.5368595369,1477.1813189961501,1456.8512833106593,1481.7032553040106,5889.562500000002,11.3850737190738,7.402508696907797,9.206391241364027,7.824504284246516,7.50566527238477
42,168,7224,5.1573646068573,318.1329913139343,-9.371157671406845,-937.1157671406845,11777.220126879165,836.5191666666669,11877.816727353182,1224.8608975558886,1126.409787566829,1103.9282957139833,4182.595833333335,23.755633454706363,7.634267418977528,12.339633006266014,7.65973993827788,9.853093461564859
43,168,7392,6.755492925643921,326.8978133201599,60.645098080623264,6064.509808062327,12446.79014443755,818.3991666666664,5563.881169708556,1005.8454822311605,969.6382977460912,1300.837466773704,4091.9958333333316,11.127762339417112,7.733446941018306,8.42159813459093,7.4363805709130855,8.045196405034805
44,168,7560,6.639849424362183,335.626211643219,70.85302189949108,7085.302189949109,12197.946156721551,877.1091666666671,4235.534800105775,841.9621606645333,808.8652829862983,1197.874221248637,4385.545833333335,8.47106960021155,5.429059337761073,8.018546196288423,7.004445202111733,8.058410822863394
45,168,7728,6.537685871124268,344.27685475349426,44.581791134911605,4458.17911349116,12188.336072042941,904.6024999999998,6825.554458551782,1655.6663492348275,1625.0986479373485,1586.2397106276037,4523.012499999999,13.651108917103564,8.184014019029679,7.244555085335032,8.094526271045542,7.788243923905205
46,168,7896,6.697812557220459,353.0966148376465,69.13159590691046,6913.159590691048,11956.456343059685,879.8400000000006,4163.456752368636,829.1345823691931,813.4949465175605,1462.938094878903,4399.2000000000035,8.326913504737274,8.298823439755147,7.167858564806046,7.426554306335634,7.435597597834673
47,168,8064,6.771991491317749,362.0838222503662,71.44862137167644,7144.862137167645,12414.672152744517,894.6900000000005,4375.120015576871,890.0928209546055,871.5122745997646,1431.5371833903082,4473.450000000003,8.750240031153742,7.343448012097843,6.704623613845783,7.619272563071239,7.4379069785653575
48,168,8232,6.6972150802612305,371.011723279953,52.72402368954437,5272.402368954437,11951.165315015325,1051.2724999999996,5627.490446060889,1261.6380362135515,1240.6683672666531,1295.302904008413,5256.362499999999,11.254980892121779,8.214684803664912,8.290281941153392,7.8262937192265625,7.565414825195254
49,168,8400,6.734985828399658,380.12852001190186,72.15893327074937,7215.893327074937,12513.2101464476,1013.5125000000005,4283.804319372663,1270.5112316785073,1252.1098636180309,1447.791960926453,5067.562500000002,8.567608638745327,6.983013789346924,7.478990347792685,7.49910994618459,7.399923294736353
50,168,8568,6.72505259513855,389.1730556488037,64.57650722934872,6457.650722934873,12458.39862231728,1010.8041666666666,4989.943732715741,1241.0970892641765,1223.2813705337078,1608.7939832075322,5054.020833333332,9.979887465431482,6.915196879871987,7.606986948089782,7.773011035612592,7.235986820853823
51,168,8736,6.710324287414551,398.25777554512024,68.64978001047459,6864.978001047459,12487.81854538846,924.500833333334,4698.3397110076685,1064.848792170335,1039.9481240481891,1476.213688927327,4622.504166666669,9.396679422015335,7.139496863496293,7.293484088185143,7.517772810798123,7.60770391963404
52,168,8904,6.9421656131744385,407.5892276763916,72.77034217025431,7277.03421702543,12107.82056658974,871.0958333333331,3959.690516230977,752.3567494157078,729.8997814964611,1308.1111891342098,4355.479166666665,7.919381032461954,6.374101923173251,8.105266678978134,7.285167094599724,7.6315783876343275
53,168,9072,8.124000072479248,421.8222665786743,71.54682909936689,7154.68290993669,12573.825278879638,974.6350000000004,4444.507368942946,812.7561756167631,792.9341545724685,1548.016356699526,4873.175000000001,8.889014737885894,6.607445683469686,8.04271414010968,7.527454877826875,7.559609889705046
54,168,9240,8.322801351547241,436.40780115127563,54.42265943931693,5442.265943931694,10613.047364977203,1013.0816666666663,4157.699754378844,1022.4170797169854,1000.4374821185841,1334.8860648055045,5065.408333333331,8.315399508757686,1.8382838690591268,7.428457797647642,6.880232990248244,7.7292285762495245
55,168,9408,8.013617992401123,450.2614641189575,76.19808785356183,7619.808785356182,12342.586997542641,887.8383333333338,3834.9398788531257,1150.4748845367346,1132.7783877173606,1389.6953468948504,4439.191666666668,7.6698797577062505,7.292599487057371,7.937282836399617,7.285132246178981,7.403339841483391
56,168,9576,8.199625730514526,465.05516743659973,68.17744394941147,6817.744394941148,12156.29064281074,881.9550000000004,4456.591247869592,789.8950502156642,767.282092965118,1123.3459610101236,4409.7750000000015,8.913182495739186,6.579248630664237,8.378474511999967,7.411277704726129,7.69251110216269
57,168,9744,7.999453067779541,478.8370785713196,74.03090923833963,7403.090923833963,12210.333048397684,922.1599999999992,3885.082124563721,872.6113599970668,854.9686618643573,1382.6322461283394,4610.799999999996,7.770164249127441,7.845699567356506,8.10118165489061,7.404690271401995,7.325897441443312
58,168,9912,8.4766206741333,494.11624479293823,83.17601225572918,8317.601225572918,12308.198004867118,929.3158333333333,3061.280945960865,671.8203974986868,657.0243109589239,1435.499707137186,4646.579166666666,6.12256189192173,6.978489459843636,6.871216876359023,7.18242266705953,7.279318740007977
59,168,10080,8.38634181022644,509.17317819595337,73.46746252412979,7346.746252412979,12482.194077760352,1034.5433333333335,4100.90449201404,887.786330084616,870.9924643810792,1436.4062498069206,5172.716666666666,8.20180898402808,6.803980349107636,6.962344607484941,7.475398103339227,7.388260201945028
60,168,10248,8.29448676109314,523.5586385726929,57.52978382503406,5752.9783825034065,12125.851677747038,983.2641666666664,5389.609128576965,774.0035536814526,750.4635809671361,1174.1984060405864,4916.320833333331,10.779218257153932,7.236992282094187,8.110319147398458,7.366939015500024,6.984729731713352
61,168,10416,8.126545667648315,537.3592162132263,73.05419890977429,7305.4198909774295,12404.81668599417,951.1925000000003,4148.204295016741,841.1538565051856,822.0077669283636,1528.3833731655484,4755.962500000001,8.296408590033481,8.18984409521054,6.818608379625807,7.411664752381866,7.301586633542815
62,168,10584,9.623138189315796,553.7706997394562,69.68277367305427,6968.277367305428,12320.105109463462,1050.4141666666674,4301.413575491367,890.6489215086856,870.2529935787411,1290.126137930356,5252.070833333337,8.602827150982733,6.756161005678146,8.424899431709536,7.433885742021922,7.4199978415009396
63,168,10752,8.577871084213257,569.4442484378815,57.9593420934703,5795.9342093470295,10782.96032357977,1056.476666666666,3930.5494475660735,1230.3655685249382,1194.7777964772527,1556.1058996190136,5282.38333333333,7.861098895132146,7.60549983475421,6.436874822262953,6.871993540266792,7.835017768507067
64,168,10920,8.940760612487793,585.7393884658813,67.9834634503629,6798.346345036291,12494.75607940419,995.2966666666671,4701.113067701231,1063.013370861296,1043.6326317982134,1459.2700288201827,4976.483333333335,9.402226135402461,7.3339148691951515,6.788661139950058,7.568424094469378,7.401110523280289
65,168,11088,9.301418542861938,601.3299086093903,66.99273663270398,6699.273663270398,12376.430073169093,1015.1158333333336,4662.04057656536,857.733558265008,838.873970612044,1445.6344715733671,5075.579166666667,9.32408115313072,7.14572314159021,5.934544872761278,7.518779892049403,7.023544426208163
66,168,11256,8.148464918136597,617.25537276268,76.53783641074004,7653.783641074005,12406.575154170156,813.5999999999993,3939.1915130961524,818.1708461978678,804.652641039022,1473.1917701338543,4067.9999999999964,7.878383026192305,6.9821981696413715,6.8069224585273,7.480361592657857,7.0178725637808865
67,168,11424,7.7678141593933105,631.7621264457703,75.61816828553889,7561.816828553889,12394.0197656019,910.3458333333334,3921.8571037146767,675.3021932858708,657.110391633129,1446.3051692746685,4551.729166666667,7.843714207429353,7.883735807355241,6.195697284348861,7.347847647460862,7.423512740446755
68,168,11592,7.99482274055481,646.2185518741608,54.72462737586657,5472.462737586658,12288.430670542744,1000.4008333333337,5815.567099622753,1506.91425777537,1472.9153880045997,1536.8694250831982,5002.0041666666675,11.631134199245507,6.971142027356349,7.782020567508161,7.641134650011923,7.334881448165125
69,168,11760,8.097941398620605,660.9709694385529,62.03999594041974,6203.999594041975,12135.35381887,1000.7966666666663,4930.557558161362,852.4731334301374,828.1631323763686,1359.6618549171676,5003.983333333332,9.861115116322722,7.934289426075367,6.350828272613629,7.45985187199671,6.95547771585736
70,168,11928,8.725523710250854,676.9021365642548,71.03010171110766,7103.010171110767,12263.052309906465,1022.0083333333328,4138.033805462365,719.216783797097,704.4676886403165,1327.2648396047375,5110.041666666664,8.27606761092473,6.438269737512386,7.171809706768754,7.403048929577911,6.807060470110097
71,168,12096,8.479028940200806,692.7290151119232,56.12649307540471,5612.6493075404705,12424.23222723573,1003.8291666666663,5807.7537530285945,1195.5651909094004,1174.2758647504143,1545.412225263712,5019.145833333332,11.61550750605719,6.826593072117029,5.894839155332945,7.757468490697745,6.789954044061346
72,168,12264,8.793877363204956,708.5335721969604,76.76455699248666,7676.455699248665,12259.043759728665,932.1224999999993,3650.465560480002,762.4659702380156,745.8803444064943,1448.1191247316274,4660.6124999999965,7.300931120960004,6.5323063167792865,7.054969340526128,7.229213315398283,7.137773425112701
73,168,12432,8.913389682769775,726.0688979625702,72.69163458039056,7269.163458039055,12012.063244528606,823.9008333333336,3918.9989531562187,822.1213592599325,804.2939588775541,1359.9502494756844,4119.5041666666675,7.837997906312438,6.5403419554787945,6.851777707917447,7.2748884628586294,7.146774409136787
74,168,12600,8.485345363616943,741.1058654785156,63.3447221143187,6334.47221143187,12094.223205276521,886.3683333333333,4873.382660511317,667.4003147206978,629.7727738594054,1397.5758979406748,4431.841666666667,9.746765321022632,7.798865862643635,6.10015249624573,7.149397213892241,7.561202941941724
75,168,12768,7.98417592048645,758.3885743618011,68.49054634867906,6849.054634867905,12334.289705025996,860.0300000000003,4625.205070158089,956.1885735091065,940.3325720516674,1360.3893920119797,4300.1500000000015,9.25041014031618,7.494034332242449,7.019502233694991,7.59032822330946,7.069105904741925
76,168,12936,7.28984260559082,772.6693675518036,59.542695876280504,5954.26958762805,12195.461000830544,1027.4725,5213.718913202494,1378.6574968945408,1353.8134981506673,1485.3486912363192,5137.362499999999,10.427437826404987,5.695228790941843,6.515602456597549,7.609350926123524,7.275201405647483
77,168,13104,7.076537609100342,786.8378036022186,69.51988502053976,6951.988502053976,12137.90752452068,941.9800000000006,4243.939022466704,798.7864826883416,777.9859492376534,1270.29591248873,4709.900000000003,8.48787804493341,6.80320769679454,7.940874496637213,7.3476397057374,7.345173641698106
78,168,13272,7.447594404220581,800.5728793144226,70.54167429981797,7054.167429981798,12431.929722253786,810.6658333333335,4567.096458938654,848.9384327819575,828.7855591287552,1265.222879511104,4053.329166666667,9.134192917877307,7.776473345228765,7.041030816548981,7.397815919765688,6.637542335740821
79,168,13440,7.702918767929077,814.8257811069489,75.72990122442614,7572.990122442616,12217.56472452799,1016.5983333333338,3627.976268752042,870.7622487571919,854.7908539969121,1299.6967892400858,5082.9916666666695,7.2559525375040845,8.041468502065275,7.628408169220946,7.25555357059877,6.920146759417979
80,168,13608,7.4423828125,828.8731737136841,75.23130583134807,7523.130583134805,12570.701745372018,1133.2891666666665,3914.281995570547,792.2134756469429,776.242578611523,1306.771452256101,5666.445833333331,7.828563991141095,7.108819186498954,7.851279267506007,7.246732632738694,6.773297154766321
81,168,13776,7.763827800750732,843.5136058330536,62.60602280042875,6260.602280042875,12179.70625165987,1361.1575000000007,4557.946471616995,811.8076715934786,793.5210772485032,1426.1475965533405,6805.787500000003,9.115892943233987,6.710548890088972,8.232362712473051,7.338856025431367,6.593532181575687
82,168,13944,8.033097982406616,858.3006815910339,81.28149164735711,8128.149164735711,12340.579085901218,1170.7941666666666,3041.6357544988405,864.4077896485279,849.4787272602636,1392.5909933022153,5853.970833333333,6.083271508997681,7.721248035171529,5.882420169511584,6.986825835452278,6.891595561086038
83,168,14112,7.232428550720215,872.0335915088654,54.125197389837986,5412.519738983799,9834.452096546658,725.8391666666664,3696.093190896193,1793.706032138999,1767.3021530148458,1361.8685647847017,3629.195833333332,7.392186381792387,5.6495404958669715,8.333942119249755,6.994146054827853,7.521861483894201
84,168,14280,6.835508584976196,884.8334453105927,69.88033131165508,6988.033131165507,11883.037860848326,664.5550000000005,4230.449729682819,1086.7613552810074,1070.6837063407947,1590.6217067560565,3322.775000000002,8.460899459365638,4.3722839564955835,8.01898478919266,7.4582029513172605,7.264585006310396
85,168,14448,7.383807897567749,898.1864349842072,69.37369745376762,6937.369745376763,11659.30389244586,646.580833333333,4075.3533137357635,965.6489464016236,943.8863391072733,1289.0170126434857,3232.904166666665,8.150706627471529,6.137248805089557,8.384063801941188,7.234003493283237,7.586127835170926
86,168,14616,6.6538519859313965,911.5508832931519,89.73407719113152,8973.407719113153,12114.303820196787,663.7291666666663,2477.1669344169695,1213.3561186135732,1194.261876468831,1320.3703762768243,3318.6458333333308,4.95433386883394,6.916104997211484,7.680775446444802,6.687275288759814,7.367208096877791
87,168,14784,6.738531589508057,923.9148213863373,80.82416250104835,8082.416250104835,12306.21274817389,902.8541666666671,3320.9423314023898,859.9295348774137,840.7367040317922,1411.7062403430077,4514.270833333336,6.64188466280478,6.927867766692778,6.207813962199664,6.956727376000081,7.501307966568634
88,168,14952,6.530250072479248,936.462810754776,79.77199085931434,7977.199085931435,11765.872477986974,871.5658333333333,2917.107558722206,636.7642291289739,620.8497309378974,1305.5915747929214,4357.829166666666,5.834215117444412,5.101181732636776,6.635836086108821,6.983076637807601,6.8656919554807745
89,168,15120,6.537708759307861,948.4711036682129,82.49125328263528,8249.12532826353,12336.350399598663,859.1258333333324,3228.099238001803,652.325346089224,635.6057910436808,1354.3853534922368,4295.629166666661,6.456198476003607,6.947427305249675,8.358974077965122,7.131795578225399,6.896518794613341
90,168,15288,6.659811019897461,961.6886670589447,72.36952772556893,7236.952772556893,12492.324308643732,724.208333333333,4531.163202753505,896.9504106699261,879.5861083962327,1488.7688917297528,3621.041666666665,9.062326405507012,7.377284063672154,7.392044927274313,7.571033439889905,7.13584632984588
91,168,15456,6.326411724090576,974.0081367492676,68.53715607023713,6853.7156070237115,12445.280807665175,769.4991666666671,4822.066033974795,826.7397374105271,811.6936565395816,1390.5222144358243,3847.495833333335,9.644132067949588,6.936863684994817,8.102908070276383,7.604394853635031,6.7313717419751296
92,168,15624,6.396069765090942,987.263683795929,64.66792781758117,6466.792781758117,12496.83258240408,972.9075000000001,5057.132300645962,704.1285170967944,687.2002987350556,1354.8727458184733,4864.537500000001,10.114264601291925,7.5478063460471,6.445568794017245,7.496012708261522,6.413965756555905
93,168,15792,6.6862897872924805,1000.332213640213,82.80102761043347,8280.102761043348,12271.16486632223,723.7175000000001,3267.3446052788813,768.4589029347801,751.7018137124307,1306.854332694734,3618.5875000000005,6.534689210557763,7.474727326910808,8.30125479074663,7.144382772453158,7.0714241802199815
94,168,15960,6.625711441040039,1013.2962713241577,85.41486109893043,8541.486109893043,12176.960396114737,749.5741666666668,2885.9001195550277,643.5555550184854,629.8012587388008,1222.9930546369542,3747.870833333334,5.771800239110055,7.838852554803642,7.7549940369396895,7.0788649859272175,6.87923925145224
95,168,16128,6.545533895492554,1025.7953090667725,75.11122534716206,7511.122534716206,12469.279360456443,683.7275,4274.429325740239,801.3739474506588,779.1415964382684,1304.675818396935,3418.6375,8.548858651480476,7.23079387187562,7.339386953004968,7.318900394449264,7.0496766625837965
96,168,16296,6.883120536804199,1039.3015303611755,86.3723726157979,8637.23726157979,11997.267975341723,567.6925000000005,2792.338213761932,802.1899856744583,784.9381436297435,1334.7319308849885,2838.462500000002,5.584676427523864,6.775008051837625,7.299209135354118,6.967420706689064,6.800474622990376
97,168,16464,6.742753267288208,1052.8785245418549,77.60893095379281,7760.893095379281,12413.527056529252,694.968333333333,3957.6656278166383,658.9609099505913,641.7258863066187,1242.4375558503737,3474.8416666666644,7.915331255633276,7.095228128059055,7.701035996288022,7.333255742958675,6.761951620247892
98,168,16632,6.262493848800659,1065.5666024684906,80.75581891043785,8075.5818910437865,11668.007448636183,590.2441666666659,3002.1813909257307,811.8679626485534,795.3565507408852,1210.5664523584,2951.220833333329,6.00436278185146,7.713564996528505,8.918516429363866,6.962822368865524,7.233822735162872
99,168,16800,6.136836528778076,1077.8151183128357,89.9840054098936,8998.400540989358,12115.869359623292,630.7324999999993,2486.736318633934,743.6148624145311,723.0010127642681,1249.5518619746072,3153.6624999999963,4.973472637267868,6.939664213179692,7.733275951187922,6.96926075309946,7.2196141679797945
100,168,16968,6.019113302230835,1089.8132927417755,96.38289132052323,9638.289132052323,12284.817966559367,424.90500000000014,2221.623834507045,1005.5361186100657,989.8398273444429,1463.0460991162613,2124.5250000000005,4.44324766901409,7.11518374473121,8.352488980969895,6.830628496720338,7.324628860502533
101,168,17136,6.34519100189209,1102.3245930671692,75.85051759088057,7585.051759088057,12331.6311648348,836.6208333333341,3909.958572413409,633.0989226663205,602.704831133015,1377.4513343080298,4183.104166666671,7.819917144826817,8.11087170767674,7.848615322777252,7.053588084382009,6.7600904470327885
102,168,17304,5.933976888656616,1114.2679738998413,65.45778565108967,6545.778565108967,12419.26044536311,1013.6391666666659,4859.842713587478,761.5082094378677,737.4771617167787,1325.005709577827,5068.19583333333,9.719685427174957,7.3487876892282,7.763411228571035,7.463630315925049,6.637836819572492
103,168,17472,5.860783815383911,1126.0418281555176,74.29650672869467,7429.650672869467,12547.073096407525,651.3399999999995,4466.082423538058,1240.486012567954,1213.8570918210862,1502.4010472170285,3256.699999999997,8.932164847076116,7.168546479990196,6.916543034542844,7.224789203728258,6.550149022520954
104,168,17640,6.22786808013916,1138.1369092464447,69.73523371085214,6973.523371085214,12620.301723926543,949.7666666666664,4697.011686174662,779.1414632752841,762.6082513832803,1364.6641176830844,4748.833333333332,9.394023372349324,7.358649203598901,6.525616592438638,7.5162030213623705,6.552651837543811
105,168,17808,6.1351683139801025,1150.6453728675842,72.39734803557837,7239.734803557838,12392.359201248288,798.2649999999993,4354.359397690451,725.8670908521977,710.4105163098925,1298.2307834114258,3991.3249999999957,8.708718795380904,6.605830960545773,6.028687388217949,7.423817802587403,6.6400565072855136
106,168,17976,5.905848026275635,1162.3055529594421,67.80121678835394,6780.121678835394,12359.94444856219,731.7574999999997,4848.065269726798,797.4419958203662,780.1063846755687,1347.3806634747427,3658.7874999999985,9.696130539453595,7.185476712139751,6.616088837269482,7.5613053622401925,6.660767826875286
107,168,18144,6.441967010498047,1175.1941063404083,70.48770224987058,7048.770224987058,12298.183434795941,948.853333333333,4300.559876475551,713.7503777805373,697.3589255567108,1353.5520958013162,4744.266666666665,8.601119752951103,7.086701785458574,7.278114399985979,7.374309646473782,6.585168564650639
108,168,18312,6.113044738769531,1187.438636302948,72.06924915606808,7206.924915606809,12038.365368837374,957.4016666666664,3874.038786563898,744.8490569835658,725.5616751078077,1369.4644959478626,4787.008333333331,7.748077573127797,6.550799382726354,5.700633890745588,7.105815134027864,6.480387801903753
109,168,18480,5.9937098026275635,1199.3518507480621,69.12805988751455,6912.8059887514555,12252.889362805405,939.209999999999,4400.873374053951,656.4423233351048,640.1743337694345,1317.9921103287545,4696.049999999996,8.801746748107902,6.629919087906255,6.6916517287364385,7.306125449160094,6.381858907141332
110,168,18648,6.061105251312256,1212.4159939289093,73.91780842580877,7391.780842580878,11909.21282892374,1009.9641666666657,3507.4678196761984,680.9190948262609,663.0964353128965,1262.8920958112985,5049.820833333328,7.014935639352396,7.0086801521920865,8.259476060037086,7.204229239134249,7.058933484139542
111,168,18816,6.371277332305908,1225.451547384262,69.07798106372641,6907.798106372642,12219.080759857625,820.1716666666666,4491.110986818317,735.7823389646658,717.2068928261491,1432.5565173415,4100.858333333333,8.982221973636634,7.2418040194418305,7.924189075755124,7.442593469406329,6.773447673894535
112,168,18984,6.003446102142334,1237.9231796264648,66.12987866311539,6612.98786631154,11777.058316267303,947.3141666666679,4216.756283289096,836.4824185519559,819.3003356268725,1238.5079997453622,4736.57083333334,8.433512566578191,7.135325684073052,8.580297217510795,7.222142745016002,6.850212308758741
113,168,19152,5.858564376831055,1250.3283598423004,71.04584605723528,7104.584605723528,12172.42806066613,910.4991666666677,4157.344288275935,756.1503609719406,742.2309123908727,1324.4843515678701,4552.495833333338,8.31468857655187,6.270770633790901,6.586485343861313,7.409945483269719,6.747348699652132
114,168,19320,6.1796181201934814,1262.8532416820526,74.00809853551326,7400.8098535513245,12268.376750600066,847.019166666666,4020.5477303820735,682.2641926210326,668.9333210917358,1336.73568082339,4235.09583333333,8.041095460764147,6.703246879938309,7.431913813328638,7.443971616816758,6.803374957524369
115,168,19488,5.941408157348633,1275.3589284420013,78.86539546406915,7886.539546406914,12129.474667066213,745.1266666666661,3497.8084539926326,625.2047699959312,612.0584585700439,1311.4278542103166,3725.63333333333,6.995616907985266,8.018737320810772,8.525603661256211,7.265105363345474,6.921346693469742
116,168,19656,6.0950422286987305,1288.2466197013855,69.83847990060998,6983.847990060999,11960.48391155715,987.933333333333,3988.7025881628188,875.3457648267806,850.0085877359697,1246.5382903840075,4939.666666666664,7.977405176325637,6.931787271051775,8.900246313371962,7.097080790858835,7.71509946462388
117,168,19824,6.075503826141357,1300.8593187332153,78.33637308614124,7833.637308614125,12343.211974830574,1023.0849999999996,3486.489666216449,694.909001231554,673.7851743446399,1311.823499924289,5115.424999999997,6.972979332432899,7.925412695587202,6.630718313964525,7.067234398186402,7.4463539085396215
118,168,19992,5.269939422607422,1312.2972927093506,67.45262748888351,6745.26274888835,12005.510941801378,1084.6499999999996,4175.5981929130285,736.0515059029976,717.4767025002648,1191.9129449589823,5423.249999999997,8.351196385826057,7.84551347686193,8.35401408961649,7.37115137296067,7.4483254980604965
119,168,20160,5.074463129043579,1322.9944198131561,56.392935493506805,5639.293549350681,11419.785026614685,1037.7175000000004,4742.773977264006,906.7524778749946,884.9990788336538,1098.1442751440843,5188.587500000002,9.48554795452801,4.675268812832669,8.724130779291656,7.266270072615294,7.4260079577776095
120,168,20328,4.882307291030884,1333.4989161491394,-267.76048003740186,-26776.048003740194,3512.668445500871,1650.8650000000005,28637.851449241058,590.6575621487282,273.2946635625749,1914.2788321027601,8254.325,57.27570289848212,0.4760489271366086,13.760855598610611,2.1264607870209695,12.72546775322357
121,168,20496,5.482139348983765,1345.5558001995087,59.48323781271836,5948.323781271835,11692.318206227243,910.5458333333331,4833.448591622074,1820.001245862628,1796.0332741610728,1489.7469280364962,4552.729166666665,9.666897183244147,5.087999437938918,7.687688715741213,7.5219844315285025,7.28179454000181
122,168,20664,5.616009473800659,1358.311401128769,87.44193413619394,8744.193413619392,12661.793830583678,548.6666666666669,3368.9337502976186,623.2218327831418,608.7490698067231,1445.2456989062198,2743.333333333334,6.737867500595236,7.433068245206451,6.242530004320993,7.242795589335342,7.062661358141309
123,168,20832,5.418310642242432,1369.4865181446075,84.59397445000826,8459.397445000826,12720.711938819457,668.7016666666665,3592.6128271519656,717.8308931739962,702.3751008360679,1407.9097994271992,3343.5083333333323,7.185225654303931,6.83985769655809,6.244223877477434,7.197550357507802,6.729253315688298
124,168,21000,5.288788557052612,1380.9178397655487,85.88472563185749,8588.47256318575,12562.939402107277,555.6391666666661,3418.8276722548603,651.7109706083736,638.066583404832,1517.817679557931,2778.1958333333305,6.837655344509722,7.047846544723176,2.2201844935504655,7.186229507141131,6.584087016818169
125,168,21168,5.284399032592773,1392.190927028656,79.36701682462743,7936.701682462744,12193.571305944803,711.3074999999997,3545.562123482061,781.4542768060301,765.4920713486405,1318.186014172301,3556.5374999999976,7.091124246964123,7.692998352001917,6.520578109746914,7.1212724788856905,6.540110295991295
126,168,21336,6.943984746932983,1405.8340635299683,90.08272600511808,9008.272600511806,12427.822056423149,614.5750000000003,2804.9744559113415,611.1805557982482,595.6475644560865,1364.1761325544999,3072.875000000002,5.609948911822683,7.142001528597616,6.22380928166562,6.983295411798855,6.743728225640707
127,168,21504,6.980829238891602,1418.647875547409,78.11624292092206,7811.624292092205,12324.170850987673,852.3925000000005,3660.154058895468,800.5528734444238,780.4107558280522,1377.6111214360535,4261.962500000002,7.320308117790935,8.31520174002026,6.792147176942169,7.049524554430415,6.474401097801691
128,168,21672,6.72216796875,1431.770815372467,89.82578586875802,8982.578586875801,12359.850359017415,541.1524999999998,2836.119272141613,1003.0766251936781,987.5178978118138,1559.75776850301,2705.762499999999,5.672238544283226,7.885946794268779,6.143725749669582,6.998142245522699,6.847992943646096
129,168,21840,6.60175347328186,1444.111659526825,79.71350252177808,7971.350252177808,11342.644995692011,299.6350000000003,3071.659743514202,1737.4340275831712,1696.503461838829,1819.5969130955323,1498.1750000000013,6.143319487028405,7.849159413836684,6.628816310874839,6.364965339099543,6.441222503665607
130,168,22008,7.000305891036987,1457.2370436191559,86.15663541270737,8615.663541270736,12070.282653989447,834.7566666666676,2619.8624460520423,1414.4287998192276,1392.8129608944378,1602.544781442645,4173.783333333338,5.239724892104084,7.828211628131139,6.732343507851384,6.5049284012701625,6.665511875158832
131,168,22176,6.63022518157959,1470.0037059783936,92.28052482043336,9228.052482043335,11503.425382103878,585.0691666666665,1690.3037333938769,1212.5803302275078,1189.9997521283826,1465.45945412786,2925.345833333333,3.3806074667877537,6.3897723650399065,7.918844574720598,6.5447026319222585,6.897194963496645
132,168,22344,6.321964740753174,1482.926459312439,93.45973993333591,9345.973993333591,12282.10393316654,558.3766666666668,2377.753273166281,1157.934077984241,1139.4917273471656,1359.2108967050144,2791.883333333333,4.755506546332562,6.786774151925091,8.29724338855869,6.908933320238934,7.3720138290351445
133,168,22512,7.4385621547698975,1506.126778125763,92.65118284800967,9265.118284800967,12381.459730759067,694.0708333333338,2422.270612624766,992.0773953899609,974.9132629053139,1507.8297094564996,3470.354166666669,4.8445412252495315,5.87048350186076,6.1322375259783435,6.754583763717619,7.1668837492031745
134,168,22680,7.865234851837158,1529.125874042511,51.569756975371256,5156.975697537126,9851.842994266317,918.8483333333343,3776.0189633958553,2248.374998765697,2220.9876662103884,1774.766316732931,4594.241666666671,7.552037926791711,6.304422806709417,2.0998776986596885,6.740457423852066,6.926866992944256
135,168,22848,7.8870532512664795,1551.336513519287,89.08971781301915,8908.971781301912,11837.532165779743,838.383333333333,2090.1770511444947,1406.2366172612556,1388.755810943841,1577.5223750665282,4191.916666666664,4.180354102288989,7.096181115807318,6.588827532532478,6.5046031323793265,6.785004514547673
136,168,23016,7.811517715454102,1573.2948949337006,72.92352782924377,7292.352782924376,11178.582004200965,734.9099999999996,3151.31922127659,1407.8695773555855,1379.741675849808,1512.3035174948282,3674.5499999999984,6.30263844255318,7.053906700133917,5.989649320130836,6.475345378120977,6.940259685200026
137,168,23184,7.592214584350586,1595.356923341751,91.70709114262401,9170.709114262401,12209.347321222382,482.9708333333339,2555.6673736266466,1241.9478773260125,1225.2448795541145,1473.7646896152237,2414.8541666666692,5.111334747253293,6.706510150010546,7.899537566349285,6.878441406900035,7.316698291807283
138,168,23352,7.936007976531982,1617.6066732406616,103.36210793455297,10336.210793455295,12256.293535802517,576.631666666667,1343.4510756805546,1809.9234092895213,1793.880896398408,1788.9768054938502,2883.1583333333347,2.6869021513611093,6.675084950435402,8.188703666339615,6.373739274598361,6.9220218520734775
139,168,23520,7.535394906997681,1639.8436305522919,84.47582508550079,8447.582508550078,11708.808207846043,841.6649999999988,2419.5606992959647,3266.2909630152176,3230.7273740285063,2203.215416701972,4208.324999999993,4.83912139859193,6.736607295418527,12.690592690928447,6.121764909421679,7.484336888851614
140,168,23688,7.507721662521362,1660.5713608264923,90.92500531960023,9092.500531960024,11835.467404910196,420.3674999999997,2322.599372950175,675.5217395584507,662.4381474455054,1440.0214260575935,2101.8374999999987,4.64519874590035,5.618812531955056,6.952296888124708,6.926943424218844,7.00261860493682
141,168,23856,7.844318628311157,1683.5878298282623,93.07808191729227,9307.808191729226,12388.224511550443,482.7375,2597.6788198212175,1463.0600865626725,1442.2896077700111,1624.8590882329806,2413.6875,5.195357639642435,7.505236570617112,6.613055703593596,6.679508690061723,6.738455625123826
142,168,24024,7.7259557247161865,1705.1646480560303,84.84203624863589,8484.203624863589,12225.254470820244,981.0716666666663,2759.9791792899878,2011.7398922381399,1989.1021481525136,1702.663183837051,4905.358333333331,5.519958358579976,7.4955917714954765,7.174455882900451,6.705238658874387,6.826248431197082
143,168,24192,7.993075132369995,1726.7866051197052,23.247434157780535,2324.743415778053,11935.765053129508,1134.4450000000006,8476.576637351453,2727.21916105679,2702.750422550123,1682.2228772076844,5672.225000000002,16.953153274702906,8.246205998812819,8.304169015852475,8.687186579520413,7.291194321358262
144,168,24360,9.210978746414185,1750.4177067279816,79.46695387091577,7946.695387091578,11455.066268595161,485.71999999999895,3022.650881503584,1155.175833297422,1139.8246479534191,1502.0524065706418,2428.599999999995,6.045301763007168,7.777748191759762,8.223092277277479,7.144763854715739,7.216847428065084
145,168,24528,8.799643993377686,1776.8478245735168,-12.384751173266551,-1238.475117326654,11789.357083701014,1100.3916666666657,11927.440534361003,3978.5698148166753,3936.4573622260186,2090.3233855135813,5501.9583333333285,23.854881068722005,7.556139907905476,8.52043689850639,9.481303260909824,7.242385943174771
146,168,24696,8.368413209915161,1801.5471963882446,21.106359057355228,2110.6359057355226,5786.986821616012,689.7824999999997,2986.5684158804897,6928.782506841622,6792.222999220803,3845.0422680385163,3448.9124999999985,5.97313683176098,5.462587559580606,6.599524083417444,4.9964705065998345,6.530072219938967
147,168,24864,7.262878179550171,1820.9391181468964,41.854096356732846,4185.409635673284,7436.791052259428,727.4150000000002,2523.9664165861427,6209.665657548623,6125.994397433449,3494.7163166468526,3637.0750000000007,5.047932833172286,7.144602492317913,6.714843383532389,5.323695328789532,6.671285380632254
148,168,25032,7.21653151512146,1840.4698505401611,32.169075240609644,3216.907524060964,6733.18643945578,553.6183333333329,2962.6605820614823,4919.0342479775345,4774.793125976021,2098.951414929088,2768.0916666666644,5.925321164122964,8.304233050901118,9.208949036802801,5.6012094108309585,7.625881918126866
149,168,25200,7.473231077194214,1860.6637253761292,43.697257722099636,4369.725772209963,7434.29615717245,713.1016666666662,2351.468718295821,5520.067629609556,5405.483585094498,3027.7918242810124,3565.5083333333305,4.702937436591641,7.4509858372256845,7.932648619714171,5.330251111073385,6.687754851827833
150,168,25368,7.550367116928101,1881.4542021751404,97.77392369205998,9777.392369205998,12762.051620892944,346.1541666666666,2638.505085020279,1789.193658884482,1771.816645087676,1966.9999668937774,1730.770833333333,5.277010170040558,6.719357338181121,7.127388313258604,6.791209794570061,6.995776530253246
151,168,25536,6.9081645011901855,1899.3780117034912,34.741250285027746,3474.125028502775,5547.323896303459,536.2258333333342,1536.9730344673508,6842.720081048623,6764.915891745355,3544.9622374975606,2681.1291666666707,3.0739460689347013,5.31678522731408,9.202661704810696,5.123662402163443,6.861807681781905
152,168,25704,7.252205848693848,1918.4687509536743,49.95254027596783,4995.254027596782,7591.866298623041,898.2583333333321,1698.3539376929275,6608.490933634636,6553.716335865869,3253.7978957992545,4491.29166666666,3.396707875385855,6.139313306505478,6.892790257217274,5.55698463042372,6.592435346044978
153,168,25872,6.8912482261657715,1936.0762741565704,5.2158640015842455,521.586400158425,6413.369111633089,808.4583333333326,5083.324378141332,7293.2140016163685,7199.096558321173,4188.471765271992,4042.2916666666633,10.166648756282662,7.698258602432112,8.06479156581663,4.501346438157526,6.429459111903384
154,168,26040,6.914421081542969,1953.7084980010986,60.40846914349943,6040.846914349942,12254.536723718837,663.1916666666671,5550.498142702227,3052.3233663473643,3000.871721636579,2258.5474875847185,3315.958333333335,11.100996285404456,9.637576693429356,1.2699546022272639,6.801734352749466,5.943302021602932
155,168,26208,6.559783458709717,1971.4827344417572,50.80730148533135,5080.730148533135,10614.936163829378,729.7274999999998,4804.478515296241,3763.9308500269044,3690.0239489262804,2326.6090658896455,3648.637499999999,9.608957030592485,7.7149994251822545,8.426633048360873,6.059890845739077,6.01518756458634
156,168,26376,6.615970611572266,1988.549762248993,80.72115684634608,8072.115684634608,12180.012458654848,559.8949999999998,3548.00177402024,1113.027923758631,1082.2684457643118,1395.390553586115,2799.4749999999985,7.096003548040481,6.683056772621034,6.604121553170906,6.870045623723134,6.564358586371092
157,168,26544,7.000147819519043,2006.7616562843323,86.53429289137523,8653.429289137523,12459.051250603454,443.3124999999999,3362.309461465932,1226.5353331343263,1198.2355102570843,1537.314994217218,2216.562499999999,6.724618922931864,7.105115168116761,6.195374021381917,6.920415775056246,6.382559807244806
158,168,26712,6.911036968231201,2025.0697438716888,89.52966940076072,8952.966940076072,11910.58368870581,573.1008333333336,2384.515915296404,1629.0218765417858,1612.0734133210533,1744.2692982873532,2865.5041666666675,4.769031830592807,7.897511392313435,6.969418123355769,6.458441668472936,6.679356901961656
159,168,26880,6.9781506061553955,2042.77956032753,92.22679377020589,9222.67937702059,12112.164663953143,443.2066666666667,2446.278620265887,3303.5630906913448,3282.018795907397,2165.3910168353505,2216.033333333333,4.892557240531774,6.995480791392291,7.858233067120295,6.592120004865301,6.963872749522642
160,168,27048,6.271108388900757,2060.6164507865906,83.48367768445414,8348.367768445412,12337.873717248018,541.9824999999998,3447.5234488026026,957.5557075740016,904.7244263148343,1499.6692813173215,2709.912499999999,6.895046897605206,8.7699780732542,7.391234476532686,7.091685700448731,7.379901854640956
161,168,27216,6.758347749710083,2077.6420290470123,94.08610695565943,9408.610695565943,12098.69418900338,542.3175000000001,2147.7659934374383,835.5887542861391,821.869229912488,1436.075901032224,2711.5875000000005,4.295531986874876,7.784314850362254,6.865577958006507,6.860955375327167,6.935809375142092
162,168,27384,7.082916259765625,2095.875420331955,93.47879976361813,9347.879976361812,12359.910868050589,522.5991666666664,2489.4317250221093,603.4441853770097,588.2516163041863,1373.5366967976597,2612.9958333333316,4.978863450044218,6.546359784422261,6.995212079914029,6.9305941342496915,7.205921458680758
163,168,27552,6.427059888839722,2112.670520544052,95.67232677972108,9567.232677972108,12404.559811487838,543.1408333333338,2294.1863001823963,1620.6253602801582,1567.3388243396837,1846.5763209793527,2715.7041666666687,4.588372600364793,7.890258711000981,6.979555196854234,6.461181712290791,7.350596451762205
164,168,27720,6.224279403686523,2128.8493440151215,74.1541514199605,7415.415141996051,12222.218634482513,835.4616666666668,3971.341825819796,640.7745357426246,625.7879699213499,1219.5373175097034,4177.308333333334,7.942683651639594,7.510714692048461,7.297486307293557,7.289295278779908,6.590813140448706
165,168,27888,6.100191116333008,2144.867304801941,81.91749343868197,8191.749343868198,12611.120826636321,583.9741666666664,3835.397316101458,820.7277125984073,806.9557277315755,1393.446725773754,2919.8708333333316,7.670794632202916,8.125864474570927,7.0668108542143875,7.3496814460751105,6.7430822953588985
166,168,28056,6.099878787994385,2160.9323036670685,56.28029468356307,5628.029468356308,12467.600652233214,929.7466666666662,5909.82451721024,746.6981359601774,727.6290965546289,1387.3704949046723,4648.733333333331,11.819649034420479,7.421353973299693,0.8118905030505847,6.92004939888836,5.793454811056607
167,168,28224,5.90470814704895,2176.674241542816,56.55292769418415,5655.2927694184145,8257.952712237264,573.1099999999999,2029.5499428188475,6773.958780483525,6722.280986245341,4036.3794245716554,2865.5499999999993,4.059099885637695,7.760828402736625,6.697910773627216,5.522447668095547,6.826400424699652
168,168,28392,6.220376014709473,2192.504192829132,81.21024782303554,8121.024782303555,11436.99186813047,377.65083333333325,2938.316252493581,5147.420282083285,5118.436450099658,3391.8698971606836,1888.2541666666664,5.876632504987162,7.820618573381784,7.6002476844037306,6.3905418210681,7.084797585027119
169,168,28560,6.201750040054321,2209.9735655784607,50.63425230262928,5063.425230262928,6845.723305593849,548.4366666666667,1233.8614086642547,7649.13648161082,7590.583820667245,4371.230703428946,2742.1833333333334,2.4677228173285095,7.168027668549019,7.054945301454075,5.322663707937269,6.670480045173341
170,168,28728,6.428264379501343,2226.461903810501,84.64583324736607,8464.583324736606,12152.288362725163,800.4466666666676,2887.2583713218887,2370.829628432155,2339.951219873823,1862.2825180530806,4002.2333333333377,5.774516742643777,6.476017438528313,7.777383731572853,6.672537471755469,6.896069508439217
171,168,28896,6.447503089904785,2242.4666974544525,64.4007817967192,6440.078179671919,8860.422343375389,563.0691666666662,1857.2749970368022,7437.282804461744,7364.140195979942,3814.367097058862,2815.345833333331,3.7145499940736046,7.6401077734038045,7.57701266733471,5.97136199885165,7.068105291622472
172,168,29064,6.269272089004517,2259.3455431461334,80.39562316955363,8039.562316955363,12331.867584545405,543.7425000000003,3748.5627675900423,1219.4065939608186,1206.3749246280145,1693.1909228650554,2718.7125000000015,7.497125535180086,8.295430352966195,7.1619976695760466,7.313994025571445,6.814799418115476
173,168,29232,6.1827027797698975,2275.012173652649,86.34326097330944,8634.326097330944,12385.604611006005,495.58833333333325,3255.690180341728,696.1663410607629,683.4054699615732,1443.0944886301852,2477.9416666666666,6.5113803606834555,7.724997346159549,6.8132024558002655,7.241212006012378,6.8229057689270025
174,168,29400,6.280080556869507,2290.8065192699432,100.21932076993536,10021.932076993537,12359.50355329596,498.54249999999973,1839.0289763024234,1522.6359484267718,1503.4324217188046,1719.5125498022262,2492.7124999999983,3.678057952604847,7.9103564034265075,6.786024449364777,6.634345510405559,7.076457085476193
175,168,29568,6.259471416473389,2306.951192378998,100.67915401168625,10067.915401168624,12352.422295555516,518.8708333333336,1765.6360610535598,1398.4980060441012,1382.8566897750345,1588.5388643131223,2594.354166666668,3.5312721221071204,8.06983133176979,8.287544419825362,6.662207744640237,7.022387382276574
176,168,29736,5.868121385574341,2322.793838739395,80.57835015655334,8057.835015655333,10507.647159281754,321.0191666666668,2128.7929769597554,1505.8395518321806,1491.1460549457552,1633.332812596107,1605.0958333333338,4.257585953919511,8.115026144083565,6.952366283622132,6.686934319315218,6.80673397992978
177,168,29904,5.1055567264556885,2336.213329076767,93.0312232348478,9303.122323484778,12364.64709724577,684.6125000000002,2376.91227376099,956.782408896933,942.1168352432853,1360.9516998907902,3423.062500000001,4.7538245475219805,6.304149790498966,7.89601428403776,6.848522444972734,6.972098275517304
178,168,30072,5.011092662811279,2349.3681740760803,75.98773653610941,7598.773653610941,10527.503492992382,516.4466666666665,2412.283172714776,1300.3979782333442,1284.813226553582,1497.3228735798184,2582.2333333333318,4.8245663454295515,4.897421981686279,7.764723971632506,6.6050616376197056,6.947271738101366
179,168,30240,5.00664496421814,2362.7425785064697,93.07147460986336,9307.147460986336,12317.425475852706,311.1233333333334,2699.1546815330366,2968.2231264894144,2948.8444314284147,2439.143990943764,1555.6166666666668,5.398309363066073,7.808243105659052,7.7972223341115665,6.677998024106136,6.954804125587164
180,168,30408,4.9696149826049805,2376.0830795764923,80.10696612190813,8010.6966121908135,10834.740745242958,253.17583333333303,2570.8682997188107,5377.662050905401,5331.293377699876,3406.82810929499,1265.8791666666652,5.141736599437621,7.678092904346635,8.289727127993526,6.148550588674565,7.353241161626876
181,168,30576,5.3489015102386475,2389.9643845558167,86.09310945233553,8609.310945233554,11884.361082237469,453.1941666666672,2821.8559703372484,3125.8075312264673,3083.663543778492,2047.7277145926942,2265.970833333336,5.643711940674497,7.675924919637028,8.683192093294815,6.659067521671467,7.374468429874033
182,168,30744,5.3923633098602295,2404.3680419921875,87.26625870629096,8726.625870629096,11386.242100225272,654.3033333333333,2005.3128962628427,3696.8957830594486,3656.996589173297,2036.077380821819,3271.5166666666655,4.010625792525685,7.829452748230974,8.633605924073674,6.413239676990206,7.402756760406705
183,168,30912,5.252003908157349,2418.1863610744476,65.79623945731107,6579.623945731107,12111.85511190864,803.7516666666669,4728.479499510866,1718.087370132986,1637.2400484580862,1680.3332971795387,4018.758333333335,9.45695899902173,5.887966966506481,8.185001576773464,6.6360809242229815,8.262554962289823
184,168,31080,5.112840175628662,2432.0476570129395,45.66275070065346,4566.275070065346,12289.802792927105,724.839999999999,6998.6877228617595,1635.4105244113468,1539.8827508943477,1827.5946457285052,3624.199999999995,13.997375445723518,8.084173525724047,6.659415223673943,6.846905582365596,8.806778294921164
185,168,31248,5.384133815765381,2446.20054602623,89.89390313075931,8989.390313075932,12436.946554452203,416.7800000000004,3030.7762413762716,883.5649055364335,848.8058342348326,1644.863426765049,2083.900000000002,6.0615524827525435,6.547555895305048,6.528093614007669,6.810539096829569,7.236307956578974
186,168,31416,4.88241171836853,2459.7651307582855,52.82095758906726,5282.095758906727,8313.950227712521,547.0866666666667,2484.7678021391275,6592.203686753166,6537.4734438023315,3681.88240745073,2735.4333333333334,4.9695356042782555,8.486241726779271,7.258425399045256,6.216285361140227,7.214559134535113
187,168,31584,5.201080322265625,2473.6243693828583,95.40915617484201,9540.915617484203,12193.445123650894,565.7974999999999,2086.7320061666933,2553.0484343295157,2527.28456429609,2143.1336085422054,2828.9874999999993,4.173464012333387,5.8752590915855745,7.926910117951187,6.54652246581653,7.296558247574637
188,168,31752,5.184529781341553,2487.7582609653473,97.72275577675865,9772.275577675864,12202.62455283962,865.2441666666664,1565.1048084970896,1680.9812124067118,1664.2330279747684,1659.503744015593,4326.220833333332,3.130209616994179,6.8104866357255585,7.391388068310523,6.331113504623532,7.218071333213594
189,168,31920,4.969052791595459,2501.402555704117,72.2300809581397,7223.00809581397,11189.157794780316,625.0066666666667,3341.1430322996785,2650.638842281748,2605.4968554472453,1965.0016861966383,3125.033333333333,6.682286064599357,7.748779877903734,12.276204098898745,6.454399365225811,7.412155005200403
190,168,32088,5.31238055229187,2515.8609397411346,97.63107401339983,9763.107401339983,12096.79796376924,580.2766666666674,1753.41389576259,1384.6369381939166,1370.310345411072,1431.3055613090191,2901.3833333333364,3.5068277915251804,7.029518258996996,8.165633011952124,6.619589059502005,7.133055301014193
191,168,32256,5.144535779953003,2529.983831882477,101.37727743186039,10137.727743186038,12438.152715048032,600.0258333333343,1700.39913852866,2530.129231701528,2509.967937608253,2056.3422892175195,3000.129166666671,3.4007982770573197,7.583559694430952,7.361493188089693,6.577984449208099,7.124778881359681
192,168,32424,5.116743564605713,2544.301873922348,50.36263862261878,5036.263862261879,12107.640052670704,677.6066666666673,6393.769523742159,3622.2800292456245,3510.4417575629873,2289.883458076465,3388.0333333333365,12.78753904748432,7.4919170144796645,8.301612857226134,6.852379209669214,8.502778435557754
193,168,32592,5.957402229309082,2559.7041585445404,96.66254850761374,9666.254850761376,12404.818263373358,575.3083333333343,2163.2550792786487,2362.8613612992613,2328.0335753467766,2067.6566616940468,2876.541666666671,4.326510158557298,7.288727628727285,5.2168778866410905,6.55916134828343,7.164057552875219
194,168,32760,5.160874366760254,2574.0031237602234,95.19334551503972,9519.334551503973,12220.24360000198,802.4541666666669,1898.4548818313417,1413.534711701795,1397.3623531616067,1670.0107800314781,4012.2708333333344,3.7969097636626836,7.56261268132168,5.2785104815863635,6.590700945914565,6.837251232600569
195,168,32928,5.081812620162964,2588.2795712947845,95.17643446518092,9517.64344651809,12263.142441490832,610.7899999999993,2134.70899497274,1600.3710995985969,1585.0639168059647,1912.5449860253852,3053.949999999996,4.269417989945479,7.852576534227852,7.75776287472076,6.596058356416874,6.827607595184345
196,168,33096,4.9970948696136475,2602.221940755844,96.75665962684752,9675.665962684752,12389.558055347386,613.9625000000001,2099.9295926626355,1342.1907735156137,1323.5772323530691,1563.1600975640836,3069.8125,4.199859185325271,7.257292396099159,6.659867485456924,6.593026482223008,7.085508651052434
197,168,33264,5.00439453125,2616.2602639198303,24.74906045821622,2474.9060458216227,12184.682774895731,662.81,9046.966729074109,882.3206681547733,715.7664982739128,1512.0017438537843,3314.0499999999993,18.093933458148218,7.340906190103997,6.927869037777078,6.980255175614182,9.480217854184755
198,168,33432,4.9172203540802,2630.176868200302,96.15206268955241,9615.20626895524,12280.623619459939,343.3733333333332,2322.044017171365,874.2862649842616,860.264826747072,1474.7645326975314,1716.8666666666659,4.6440880343427295,7.854393155448535,7.060152172756553,6.9365892838943966,7.187992238635836
199,168,33600,4.8720738887786865,2644.1256942749023,98.8706693353505,9887.066933535049,12594.873764345535,424.8225000000008,2282.9843308104855,615.5632364271305,599.689167102551,1519.3136494262621,2124.112500000004,4.565968661620973,7.1844914397904445,7.53764272412089,6.935857263623691,6.954953546270701
200,168,33768,4.803329944610596,2658.138040304184,30.80241695815696,3080.241695815696,12352.11743302807,715.1158333333331,8556.75990387904,1188.7066177025524,1160.3367483275292,1481.6973413676733,3575.579166666665,17.11351980775808,7.964998723695148,1.6837121380884394,7.709236896860356,5.579884499782376
201,168,33936,4.818161249160767,2672.0601649284363,60.685417601712146,6068.541760171214,12472.117420105624,707.422500000001,5696.153159934407,648.810191775014,627.3554763686893,1346.7215352691378,3537.112500000005,11.392306319868814,6.7979764073629445,4.618386879233375,7.384274860402836,6.110513326371396
202,168,34104,4.98710823059082,2686.253369808197,68.47621603608677,6847.621603608676,11854.467630399784,769.2291666666673,4237.616860124439,1101.4562943430635,1081.6679436645018,1425.6533191207222,3846.1458333333367,8.475233720248877,8.16446999249387,5.854824102839401,7.072150068742347,6.5452715242282125
203,168,34272,5.162554025650024,2700.7818553447723,71.53061506356556,7153.061506356556,12336.417414282216,837.7200000000001,4345.63590792566,2122.687839969878,2088.044742916508,1807.468341114685,4188.6,8.69127181585132,7.21461108792764,2.500169698604476,6.341226228294144,6.373047586937355
204,168,34440,5.0089640617370605,2715.1754565238953,75.3397172606118,7533.971726061181,11801.937732722494,682.8033333333337,3585.162673327978,2078.7504565362415,2056.2314134489593,1938.8789313636962,3414.0166666666687,7.1703253466559564,8.991253369520846,6.80568875574088,6.732589621912096,6.36237774495612
205,168,34608,4.933350324630737,2729.5109610557556,83.80258433282188,8380.258433282186,12303.261173207451,618.0749999999995,3304.9277399252637,1152.1720272323164,1136.7797896600518,1723.9239605931439,3090.3749999999973,6.609855479850528,8.979953995613725,6.251970455960734,6.829707565773119,6.744463856479458
206,168,34776,5.025850057601929,2743.9892563819885,97.00598876698623,9700.598876698625,12527.956510587988,634.2000000000003,2193.1576338893656,701.0663984328842,688.4606507376413,1520.248177779209,3171.000000000001,4.3863152677787305,7.900980444942574,5.406569052098809,6.912341218839889,6.986884489082895
207,168,34944,4.97570538520813,2758.545651912689,88.27243836575879,8827.243836575879,12417.68187419786,633.1741666666677,2957.2638709553135,664.7550183225003,652.018553024351,1583.409815574358,3165.870833333338,5.914527741910627,8.929947305385225,6.511766368698785,7.105406036331306,6.977418946454851
208,168,35112,5.071739673614502,2773.1750695705414,82.3248917990045,8232.48917990045,12370.096198182942,732.565,3405.0420182824923,787.7048474888466,773.8475580377719,1468.315178329524,3662.8250000000003,6.810084036564984,7.690623887130309,6.675447552404993,7.1418072198230735,6.77413735767343
209,168,35280,5.063585042953491,2787.8002440929413,83.96988136299666,8396.988136299666,11950.16830349677,844.5475,2708.6326671971033,1179.904404747138,1161.418975301911,1600.4891846337953,4222.7375,5.417265334394207,8.469823588186248,5.56118114485664,6.827825308570995,7.115704088510062
210,168,35448,4.927540063858032,2802.43904876709,104.26224887257138,10426.224887257138,12580.566870658651,502.20333333333355,1652.138650068181,1407.6175508651545,1393.5803252974224,1779.7414315079236,2511.016666666668,3.304277300136362,6.995112127745099,7.274933935627654,6.539703571668987,6.958725201210844
211,168,35616,5.085999250411987,2817.2022767066956,89.58191733867662,8958.191733867661,12671.159383483984,735.3241666666664,2977.6434829496548,985.2209462494139,970.3981677131696,1620.6067033128936,3676.6208333333316,5.95528696589931,8.407140111687037,2.571968625337752,6.945475874783943,6.878326488825283
212,168,35784,5.070737600326538,2831.883614063263,88.84129645805159,8884.129645805158,12119.001490025292,572.7708333333333,2662.101010886801,848.7601421244665,833.7847318500976,1563.9640065532392,2863.854166666666,5.324202021773602,8.252446592603961,2.0247657450025556,6.949889548213034,6.937849947558611
213,168,35952,5.197481870651245,2849.4739367961884,88.40232594545874,8840.232594545874,11788.342318651808,681.6466666666672,2266.4630574392654,1146.8265490347458,1132.1921153548922,1605.331486017801,3408.233333333336,4.532926114878531,8.410991915931822,6.030392370527254,6.830215756591382,7.019419513679323
214,168,36120,5.1391448974609375,2864.4811992645264,89.45036769598079,8945.036769598079,11932.828502619941,843.0066666666662,2144.785066355197,762.8135732922908,747.7170183953885,1123.9748264163773,4215.033333333331,4.289570132710395,6.450155984306505,8.78903967246595,6.836873886969334,7.331482784610376
215,168,36288,5.127018451690674,2879.428072452545,84.38763757664577,8438.763757664576,12580.077974917163,784.2191666666668,3357.095050585921,1127.8681371522302,1111.9405086980391,1505.6629084170845,3921.0958333333333,6.714190101171843,7.769341720962455,7.018551364170904,7.207749643757786,7.183144285671755
216,168,36456,5.169244050979614,2894.405378103256,84.77151166795656,8477.151166795657,12122.065646272416,663.0558333333332,2981.858646143426,1243.2687098510658,1222.4664909993762,1340.1552990395373,3315.279166666666,5.963717292286853,7.646299681871166,8.577959868375231,6.891046202205042,7.418131025503295
217,168,36624,4.951562881469727,2909.3041784763336,63.17757475029936,6317.757475029935,11683.566688379671,424.1183333333332,4941.690880016404,2387.9360549781554,2370.8643597232226,2067.459501196907,2120.5916666666662,9.883381760032808,4.4370255175229865,8.256839717790486,7.635903756217785,6.866477819445142
218,168,36792,4.921347141265869,2924.1420090198517,72.15338169185262,7215.338169185261,11268.17782952527,517.4674999999995,3535.372160340009,960.5977610994286,946.9571302284105,1339.1831929134041,2587.337499999998,7.070744320680019,5.562888219194442,8.716892120851472,7.208604863967279,6.925930136574729
219,168,36960,4.900341272354126,2939.050473690033,83.51495427648548,8351.495427648548,11684.517443985742,601.7041666666663,2731.3178496705273,709.7575278568229,695.5715726283847,1244.0838606784662,3008.520833333331,5.462635699341054,5.074263092898144,8.13509569888693,7.01968704688387,6.96199332098039
220,168,37128,4.94513726234436,2953.9641065597534,62.42534557852508,6242.534557852508,10010.992425130169,701.9800000000001,3066.477867277661,3144.620768599788,3106.587762462396,1905.3749433242917,3509.9,6.132955734555322,7.3693334882760055,8.789209730839707,6.614507448993766,7.044097036280518
221,168,37296,5.04447078704834,2969.260622024536,79.10037820425057,7910.037820425059,10648.287976560467,845.4033333333334,1892.8468228020743,2900.9417124409983,2866.3506932599585,2126.651748549575,4227.016666666666,3.785693645604148,7.543786168572461,6.033900984023001,5.933698077130059,7.186274526671912
222,168,37464,5.014665126800537,2984.403618812561,74.91866450752556,7491.866450752556,10965.351452332077,974.7191666666668,2498.765834912854,2976.3615171124884,2942.1846904935246,2198.3900798164086,4873.595833333333,4.997531669825709,8.18379249965061,5.614290355218273,5.980824480312409,7.1704227451475075
223,168,37632,5.039680480957031,2999.612155199051,59.174572236399925,5917.457223639993,9821.160274731774,405.245,3498.4580510917795,4974.432323650939,4944.957936664234,3050.8764169780316,2026.225,6.996916102183561,8.585251081003879,7.066131009678006,6.565326130861595,6.834651182699443
224,168,37800,5.161098957061768,3015.0459265708923,88.77372086396643,8877.372086396643,11465.967786354939,827.6583333333333,1760.9373666249621,2453.8623731991383,2431.396089115843,1979.8451728923856,4138.291666666666,3.5218747332499243,11.387268912707485,6.873835485174515,6.359255729656783,7.048117052700137
225,168,37968,5.020063161849976,3030.531509399414,53.80085401909215,5380.085401909215,8992.269694769504,641.4191666666667,2970.7651261936226,2494.109692472859,2451.8480095126133,1639.447811325901,3207.0958333333333,5.941530252387245,4.968155747052357,12.226570593666686,6.1155708636683945,7.823031233602297
226,168,38136,5.408095598220825,3046.2631707191467,76.35269372639941,7635.26937263994,11964.203028018854,841.3541666666672,3487.5794887122447,1078.013674119649,1056.3164995649458,1540.5366854069557,4206.770833333335,6.975158977424489,8.25966940135117,6.0351873577057455,6.840219347519015,6.668358254310148
227,168,38304,5.08095645904541,3062.49015045166,88.27640440532431,8827.640440532432,11710.423774558121,880.8074999999997,2001.975834025688,1073.2556829869766,1056.4404100291636,1441.5999906164338,4404.0374999999985,4.003951668051377,6.969785615236452,8.263856959984867,6.710088528904906,7.390106396108691
228,168,38472,5.076941251754761,3077.9096693992615,84.05532263085958,8405.53226308596,11994.53174229492,833.7024999999998,2755.2969792089602,1225.6186497240633,1209.105072563546,1636.745452001464,4168.512499999998,5.51059395841792,9.021576822753188,7.8302264951284135,6.902744578353044,7.0585947454164755
229,168,38640,4.985419988632202,3093.390496492386,97.74244589824856,9774.244589824859,12398.929269752776,527.6099999999999,2097.0746799279186,732.5510916737566,717.4506013631028,1555.1223439030368,2638.0499999999993,4.194149359855837,7.4586585842611495,6.429878284981846,6.820612139150419,7.3567552417086475
230,168,38808,5.021636962890625,3108.880733013153,95.67764959260124,9567.764959260125,12358.92296926769,644.7716666666666,2146.3863433409,747.5243679443383,733.4215634045656,1283.2179357326647,3223.858333333333,4.292772686681801,6.563599230432592,6.904163803854191,6.877829195551762,7.163110434190372
231,168,38976,5.0103442668914795,3124.44166636467,93.17177499146415,9317.177499146415,12268.766124457288,540.0566666666667,2411.531958644208,766.631221006709,752.8304174529266,1255.8269138862506,2700.2833333333333,4.823063917288415,7.151533583267773,8.059767917770337,6.988506192293368,7.121903896253661
232,168,39144,5.008551597595215,3139.95888876915,87.29212457751655,8729.212457751655,11605.2059221778,661.6691666666671,2214.324297759479,986.7808959504223,973.1426687859746,1286.0805296279746,3308.3458333333356,4.4286485955189585,7.69507960840957,6.889804447515204,6.92412219703598,7.0219725305048275
233,168,39312,4.957801103591919,3155.616670846939,87.00310473504736,8700.310473504736,11200.292603438651,756.4883333333328,1743.4937966005837,1030.089537013508,1015.1824276753612,1413.6363541956205,3782.441666666664,3.486987593201167,7.482870675711579,6.71441317150964,6.716705804817092,6.958167121833159
234,168,39480,5.093444347381592,3171.28826379776,93.22573232672806,9322.573232672805,11841.560093336573,845.5799999999997,1673.4068606637684,1703.2031746893338,1680.4182884614136,1523.3637640869892,4227.899999999998,3.3468137213275364,7.065962982240699,8.072976733381703,6.47268631249887,7.361492843941976
235,168,39648,4.965101480484009,3187.1000905036926,79.51022431313177,7951.0224313131785,10815.037835148167,741.7250000000003,2122.2904038349893,2924.4356056468177,2880.8014377010536,1960.0963757345157,3708.625,4.244580807669979,7.4936184729614315,8.085716488411048,6.40479181783931,7.288882408577416
236,168,39816,5.075720310211182,3203.047343015671,94.2715969582636,9427.159695826362,11820.47127689708,956.8133333333329,1436.498247737387,2822.228315800773,2795.0907688208476,2055.4375368394867,4784.066666666664,2.8729964954747738,6.780397697297675,8.119941016726884,6.274697367555107,7.114349213646731
237,168,39984,5.1775922775268555,3219.019062757492,93.34301530571058,9334.301530571058,11697.036544924507,859.030833333333,1503.704181020118,2457.1820122786135,2434.7268244178194,1933.6680232355893,4295.154166666665,3.007408362040236,7.2950295161368786,7.420196242329661,6.313542643580893,7.1072540812593425
238,168,40152,5.073437929153442,3234.946146965027,94.14019624691599,9414.019624691598,12330.800311907322,688.5183333333327,2228.26235388239,1314.8284655234547,1293.575758876868,1607.1056311999819,3442.591666666664,4.456524707764781,6.428940299787537,7.015649709919323,6.641345257444859,7.029783792388958
239,168,40320,4.93208646774292,3250.831671476364,85.34379343092937,8534.379343092938,11568.554067754427,519.1633333333331,2515.0113913281543,1141.3154725640657,1127.5497468591338,1522.956504073091,2595.816666666665,5.030022782656308,7.6919176949912895,6.769026967606333,6.946758078553025,7.0282411097947275
240,168,40488,5.0167787075042725,3266.762984275818,96.32619037609838,9632.619037609838,11948.288618971052,519.8549999999998,1795.814581361215,1045.0066962532092,1027.4096638301246,1588.8500419848976,2599.2749999999987,3.5916291627224304,4.781381639023275,6.9066213986713905,6.452156554804051,6.8182226920942
241,168,40656,4.992135286331177,3282.6835148334503,81.15800971198667,8115.800971198667,10615.742617932496,781.6625000000004,1718.2791467338284,1553.2800752282697,1529.8302491496847,1678.4850428700947,3908.312500000002,3.4365582934676566,5.363777331692359,5.58453388588802,6.304447138905066,7.275608722836921
242,168,40824,5.015856504440308,3298.859005689621,88.61842208772376,8861.842208772376,11112.906252613044,684.4458333333333,1566.618210507335,2085.7163104411457,2064.4376248659364,1866.9941990388156,3422.229166666666,3.133236421014671,6.990729761071711,6.041837361474614,6.295209016446607,7.17294787535793
243,168,40992,4.941495656967163,3314.7616353034973,75.67942812386215,7567.942812386216,10884.373299219187,574.4808333333335,2741.9496534996388,2414.211330007065,2364.8300183588376,1517.9492465678727,2872.404166666667,5.483899306999277,7.741141619659728,10.230349504322316,6.372045881911157,7.822877464477846
244,168,41160,4.998490571975708,3330.7435286045074,100.09982128409604,10009.982128409603,12180.928407588754,495.6800000000001,1675.2662791791506,1719.7201649488907,1702.65693932989,1821.557725647417,2478.4000000000005,3.350532558358301,8.400698402686507,7.54622621064138,6.472214474287644,6.952108653514431
245,168,41328,4.867419719696045,3346.7733602523804,94.45248986773042,9445.248986773042,12493.152187259535,420.5058333333335,2627.3973671531603,971.8886868732548,956.9694608027341,1667.9874400464414,2102.529166666667,5.254794734306321,6.141737041878824,6.161925659965841,6.956908888639222,6.850396992977015
246,168,41496,5.05957818031311,3363.014345407486,98.24093355713222,9824.093355713223,12122.166910957318,625.3816666666664,1672.6918885774287,1811.1535520142675,1791.4329684930121,1804.5693584791754,3126.9083333333315,3.345383777154857,6.7341755380724,5.8975414871358804,6.397756159687613,6.957449880532168
247,168,41664,5.011869192123413,3379.7444133758545,101.87096757962308,10187.096757962307,12189.962461740732,586.8508333333334,1416.0148704450921,1716.928023899887,1699.9391949824496,1646.5297068371974,2934.254166666667,2.8320297408901838,7.144869352709636,7.489514208277283,6.310996931094636,7.10168616575677
248,168,41832,5.008671522140503,3396.039155960083,91.21253185081312,9121.253185081312,11321.864046043705,690.7808333333337,1509.8300276290583,1691.5142537183106,1671.0190483769181,1742.1280177930419,3453.904166666669,3.0196600552581168,5.53504004427167,6.464512503393756,6.304795351274545,7.055505703117777
249,168,42000,5.0171732902526855,3412.2783784866333,83.57280640388305,8357.280640388306,10958.882580624755,773.8291666666669,1827.7727735697827,1874.592104034571,1856.5596919331879,1749.3535399209816,3869.145833333334,3.6555455471395657,7.438585613250627,5.536258518747993,6.455778803575612,6.914213496015017
250,168,42168,4.985619306564331,3428.7474694252014,65.04017027055598,6504.017027055597,9111.601079547629,870.7591666666672,1736.8248858253642,4112.356535002333,4066.040307666549,2158.661830162634,4353.795833333335,3.4736497716507277,5.84700077032149,6.2702077984091025,6.220808022028726,7.023482550581034
251,168,42336,5.009655237197876,3445.1522285938263,94.14093371973655,9414.093371973657,11616.766198189525,876.0166666666664,1326.6561595492035,1428.6839322719072,1411.7394815025598,1594.9037652625955,4380.083333333331,2.653312319098407,4.765290002117626,5.600317825565887,6.329331884640291,6.944167874828449
252,168,42504,5.110750675201416,3461.7929022312164,82.49457436943715,8249.457436943714,10645.718293126754,928.2433333333338,1468.0175228497064,1637.0372743646944,1617.4130961244373,1689.3867334750935,4641.216666666669,2.936035045699413,4.734228955718307,6.055467557123948,6.326881396747715,7.246308547859459
253,168,42672,4.896228075027466,3480.0072889328003,92.96664845345569,9296.664845345567,11334.007617745126,589.5633333333327,1447.7794390662248,1577.2731995051788,1558.2267632641328,1551.366939267789,2947.816666666663,2.8955588781324493,7.474368978711781,6.410364584123031,6.480537728781498,7.0587738893384016
254,168,42840,4.9943366050720215,3496.7019522190094,108.1664050812424,10816.640508124241,12294.944387922966,412.0000000000001,1066.3038797987253,1463.952691157876,1447.6941899662943,1742.470201459616,2060.0000000000005,2.132607759597451,6.481046504971502,6.807471183015456,6.396925431412388,6.940945258691451
255,168,43008,4.982234716415405,3513.6386778354645,95.01599255441423,9501.599255441422,11428.783937990493,608.1824999999998,1319.0021825490708,1789.1333624073052,1769.786444058301,1849.482299244297,3040.912499999999,2.638004365098142,4.5609251174285355,6.1034501793563445,6.238489706579635,7.0633424790650015
256,168,43176,5.090951919555664,3530.4265847206116,100.02773504988791,10002.77350498879,12339.481452266535,652.3025000000005,1684.405447277744,1376.2820044925484,1359.876242537899,1525.0894995701792,3261.5125000000016,3.368810894555488,6.758756236826338,7.003173614975788,6.5418117145136465,7.187890750603815
257,168,43344,4.882559537887573,3546.8803799152374,82.10312281943999,8210.312281944,10699.501925697605,415.2099999999999,2073.979643753606,2212.3186664495615,2190.923176734295,1730.2170334000402,2076.0499999999993,4.147959287507211,7.370555625753432,8.042730893484961,6.533724664972904,7.222740537408752
258,168,43512,4.777656316757202,3563.3906927108765,60.57547281110876,6057.547281110876,9681.958215434339,327.91750000000025,3296.4934343234636,4433.921072280109,4405.195975294304,3222.680816035413,1639.5875000000005,6.592986868646927,6.910235264981969,7.450009299600656,5.318514222856462,6.861608974380304
259,168,43680,4.841216564178467,3579.909236431122,88.16293593508848,8816.29359350885,11022.528351889443,371.9775000000003,1834.2572583805936,907.5333473538095,892.1953674408093,1480.9965335457005,1859.8875000000014,3.668514516761187,5.053334747344211,6.769061439658411,6.7390944277274,7.176614753616024
260,168,43848,5.127184629440308,3596.7913830280304,84.91853768317827,8491.853768317827,11553.364905449595,698.1024999999996,2363.408637131766,1257.7634137299844,1242.2010695896033,1395.311886657548,3490.512499999998,4.7268172742635315,7.120759357471431,7.306821269008274,6.782344092958857,7.251095684573126
261,168,44016,4.94313907623291,3613.5096502304077,91.05017723526161,9105.017723526162,11632.65424856749,423.34333333333353,2104.293191707997,742.868279599252,730.204435724658,1391.7194933699554,2116.716666666667,4.2085863834159944,9.226390727867162,7.922420899272868,6.8873012508813884,7.045265396687027
262,168,44184,4.8979761600494385,3630.222689628601,95.01708103130727,9501.708103130728,12096.019641848532,609.5291666666668,1984.7823720511387,868.6468167448587,854.2723644903766,1250.5556562071713,3047.6458333333335,3.9695647441022777,6.849279279247256,8.044993395278865,6.786625933963481,7.200381578591729
263,168,44352,4.906010389328003,3647.454583644867,89.54682316591514,8954.682316591516,12184.733610800824,499.3024999999999,2730.7487942093103,726.4326874532112,711.6254582585841,1268.1186571827961,2496.512499999999,5.46149758841862,4.838390315185392,7.971547200527632,7.023315035366155,7.383063072525808
264,168,44520,4.948196649551392,3665.550905942917,87.0536056198683,8705.360561986832,12183.657593277552,568.5958333333332,2909.7011979573867,1471.268236932457,1456.4390384010248,1514.6238519198162,2842.9791666666656,5.819402395914773,7.781889321717562,7.945465342157971,7.060307242413397,7.009121385580928
265,168,44688,5.145341157913208,3682.624139070511,93.25768845976737,9325.768845976738,11796.435179656492,778.9200000000005,1691.7463336797548,1257.1709280112248,1242.0300476228085,1534.0247554543012,3894.6000000000026,3.3834926673595094,5.619932029417902,8.304504894425376,6.49939571650066,7.095219470295179
266,168,44856,4.9688944816589355,3699.4821650981903,90.505172442275,9050.5172442275,11353.206169821395,776.9791666666663,1525.7097589272284,923.1307975699738,907.3623910022945,1231.6582559719764,3884.895833333331,3.051419517854457,6.862251223399712,7.809944995874451,6.67860585311799,7.303051539082038
267,168,45024,5.078946113586426,3716.7278661727905,94.4261590620974,9442.61590620974,12236.578237615635,657.1008333333333,2136.8614980725615,1170.2638533637223,1153.2794312057,1358.856818041427,3285.5041666666657,4.273722996145123,6.820776740420158,8.279758649335248,6.652194239225681,7.1743491474824195
268,168,45192,4.947903394699097,3734.2586402893066,84.04483888275105,8404.483888275105,12306.069170883162,791.8316666666667,3109.753615941389,718.6532674156571,705.6051856673204,1240.0190598533231,3959.158333333333,6.219507231882778,6.457660988888654,7.479020453187521,7.114218583694677,6.993620332247174
269,168,45360,5.049812316894531,3752.005324602127,88.58689634295547,8858.689634295546,12386.677827179226,915.5766666666666,2612.411526217015,799.0957211474007,784.2209057720518,1279.1681154366024,4577.883333333333,5.224823052434029,7.1330333782501105,6.7090442455500305,6.984792239185286,7.1667057085709684
270,168,45528,4.97425103187561,3769.1606090068817,85.63999686221189,8563.999686221188,12025.713710105476,698.1025000000002,2763.6115238842876,649.6614379882922,636.6633867413319,1332.0645422188977,3490.5125000000003,5.527223047768576,8.082952134683712,7.268286334659229,7.136647266572825,6.990815513955544
271,168,45696,4.976684331893921,3786.385686635971,94.56718648378938,9456.718648378941,11228.305391624046,500.49916666666616,1271.08757657844,1955.9082358103014,1937.636277916428,1744.4841643454608,2502.4958333333307,2.5421751531568804,5.0673310286663105,6.868771589743731,6.378562370955616,7.113322289831807
272,168,45864,5.006514310836792,3804.8326449394226,92.63304614062093,9263.304614062094,11020.004193365974,455.24750000000046,1301.4520793038805,1200.4779851780136,1184.1076293866388,1373.7965661101869,2276.237500000002,2.6029041586077613,5.187050775743509,8.017797952893218,6.421462590295367,7.286446963964584
273,168,46032,4.932079315185547,3822.6796622276306,99.26476712395174,9926.476712395175,11990.311492985169,471.96499999999986,1591.8697805899942,901.8906859275563,886.567324984107,1512.4560740147224,2359.824999999999,3.1837395611799884,5.678968503915449,6.492509250056362,6.6120748806262535,7.229045198515938
274,168,46200,4.927427053451538,3840.6240906715393,90.02663372051362,9002.663372051362,12266.48508653674,581.3883333333331,2682.4333811520464,626.8559057966793,614.5134600118447,1262.7547842035474,2906.9416666666643,5.364866762304093,6.971451746803583,7.019226108949915,7.103414050479105,7.120727845035193
275,168,46368,4.989874601364136,3858.587169647217,95.91324236707707,9591.324236707707,12442.844643537617,702.754166666668,2148.766240163242,685.4353703970523,672.5168143321,1296.72430256688,3513.7708333333394,4.297532480326485,7.28333549857586,7.102302658525606,6.824188264000546,7.167656827521129
276,168,46536,4.9395153522491455,3876.4246549606323,83.44680903776225,8344.680903776225,11559.971984572316,604.5533333333326,2610.737747462757,721.5781557039718,707.3291441367928,1404.6554200811704,3022.766666666663,5.221475494925514,4.849960547300209,6.448716894512988,6.970088526200711,7.1952046246482295
277,168,46704,5.185842752456665,3893.9807550907135,79.09595752521811,7909.595752521811,12391.611512393853,685.0158333333334,3796.9999265387078,1115.724749291472,1100.369592929619,1428.7469844692282,3425.0791666666664,7.593999853077415,6.974204461663574,8.098369516966862,7.292974809215169,7.110354566824536
278,168,46872,5.081155061721802,3911.678917169571,85.82347512789359,8582.347512789358,11604.81647076297,1017.2224999999997,2005.2464579736095,973.1786869428466,955.8588747972943,1436.0867476903975,5086.112499999998,4.01049291594722,9.32969627662616,8.120633232431,6.616240675441999,7.297073458610361
279,168,47040,4.975867986679077,3929.702273130417,92.25819102509764,9225.819102509764,11982.315138310047,696.7708333333329,2059.7252024669506,893.7787463453176,878.9601964392463,1261.5900194443636,3483.8541666666642,4.119450404933901,4.786514133783906,6.764961975627205,6.842575257483937,7.052481947800878
280,168,47208,5.123759746551514,3947.3754954338074,96.0724954017763,9607.249540177629,12327.309854672922,592.1949999999997,2127.8653144952923,1178.2446506108945,1153.3158988670598,1492.0713816490502,2960.9749999999985,4.255730628990585,6.100976336006852,7.041325639235925,6.499249614425627,7.559606167988025
281,168,47376,5.145426988601685,3965.299460411072,89.00180932828538,8900.180932828538,12238.465285378017,831.1291666666671,2507.1551858828125,823.1455808171461,806.003342338144,1340.3077045912391,4155.645833333335,5.0143103717656246,6.261770895772719,7.464776414940676,6.878698713753151,7.455048827824747
282,168,47544,5.048883676528931,3983.502273082733,95.91427661847604,9591.427661847603,11469.222034261902,456.9633333333335,1420.8310390809645,987.0604514838703,970.4366411441949,1463.554518347933,2284.8166666666675,2.841662078161929,5.1132665395495005,6.626977182660438,6.59303619171966,7.415128225576547
283,168,47712,5.178329706192017,4001.4975547790527,75.27616009053682,7527.616009053682,12285.660807507391,1016.4641666666664,3741.5806317870415,982.7938691138551,967.4702943157649,1448.7533249987043,5082.320833333331,7.483161263574083,6.454526089578486,7.593847497216756,7.187926990051734,6.975841631898409
284,168,47880,5.096685409545898,4019.4155492782593,78.59745390437445,7859.745390437445,12021.237159673039,735.2933333333341,3426.198435902259,706.4791112421533,688.8307439962302,1297.1102632129928,3676.46666666667,6.852396871804518,7.855360059932416,6.71323383234125,7.153282334045909,6.9468630797880975
285,168,48048,4.9631476402282715,4037.808048725128,82.54207309801313,8254.207309801313,12069.675983655196,657.3641666666675,3158.104507187214,717.549277645928,702.4383568289165,1344.2231808457805,3286.820833333337,6.3162090143744285,7.478566069816495,6.575045521321463,7.120317618818147,6.886179152522337
286,168,48216,5.0234808921813965,4055.682063102722,92.9687336393984,9296.87336393984,12029.54172689105,498.08166666666693,2234.586696284545,784.8024077504333,768.5747192304252,1367.398755236205,2490.408333333334,4.469173392569089,5.219342683004074,6.708747402544911,6.816476176627027,7.0953328357672945
287,168,48384,5.062460422515869,4073.7913575172424,89.46808452767131,8946.80845276713,11910.960471866953,704.1008333333339,2260.051185766488,762.8127717173342,748.3052524464448,1344.5173148665126,3520.5041666666684,4.520102371532976,5.737237221694785,7.83582576931259,6.782622804281151,7.267434862917187
288,168,48552,4.94908595085144,4092.279435634613,70.51156981595955,7051.156981595954,11214.780681566914,809.3699999999999,3354.253699970961,1122.5225561984325,1103.7925004864674,1369.553097219818,4046.8499999999995,6.708507399941921,7.371594869878893,8.829982817242621,7.0088106715012355,7.102966860320686
289,168,48720,4.9065446853637695,4110.304659366608,-12.321029950489969,-1232.102995048997,7847.360788183245,500.47083333333285,8578.992949898908,4221.980861170099,3745.3610069586034,1760.8803212491357,2502.354166666664,17.15798589979782,2.043775249080402,12.35685037407904,5.32909617989951,9.549115865560221
290,168,48888,4.933520793914795,4128.771132469177,91.28868016976088,9128.868016976088,11440.634970315332,688.5633333333335,1623.2036200059101,949.2106400439982,932.2929939953742,1471.8644492018443,3442.8166666666666,3.2464072400118207,4.258574003866382,6.748641747834988,6.480363624763245,7.1463990074932076
291,168,49056,5.026174783706665,4147.284717321396,84.98146827943177,8498.146827943176,10902.723575880187,732.5749999999998,1672.001747937011,1072.3715613530035,1055.1010131490366,1603.8184449549863,3662.874999999999,3.3440034958740217,6.359677044156475,6.428452716242736,6.538540588162776,7.487041745476019
292,168,49224,4.967483282089233,4165.525238990784,85.0136901258596,8501.369012585961,11602.761712343588,779.5891666666669,2321.8035330909606,1887.2544291934546,1856.4736047629021,1687.969640435941,3897.945833333334,4.6436070661819215,3.8700190666600207,7.318803398260421,6.329152470093574,7.66760652992633
293,168,49392,5.045089244842529,4184.17774772644,89.98769123429395,8998.769123429394,11950.616591965489,846.9274999999991,2104.919968536096,3047.509700096793,3018.8843117403885,2259.9940277582737,4234.637499999995,4.209839937072192,5.3584895734309015,6.606774247486195,6.4980288186152,7.23329400972644
294,168,49560,5.077646732330322,4203.152529001236,88.47262652127206,8847.262652127207,11797.452924757208,772.8199999999997,2177.3702726300016,1605.8599703714826,1576.424419340486,1665.7903128890737,3864.0999999999985,4.354740545260003,6.908839409588677,7.581870751735004,6.226234955661263,7.343149788836091
295,168,49728,4.907673120498657,4221.221448659897,52.68314119453577,5268.314119453577,7489.65010408783,691.5966666666658,1529.7393179675873,5487.896980936675,5421.689199926113,2922.8599861758175,3457.9833333333286,3.0594786359351747,4.840596210019552,6.1595708834849185,5.434711770449731,7.077288762748217
296,168,49896,4.966893196105957,4240.026548862457,69.65704805713375,6965.704805713374,9485.776773285399,774.0999999999995,1745.9719675720264,3273.3315911745467,3242.552465736422,2266.8786359063215,3870.4999999999973,3.4919439351440524,5.201779613394796,5.370866488336077,5.818690589593044,7.10725785035798
297,168,50064,5.013907432556152,4258.513028860092,100.10574487392137,10010.574487392138,12165.218906598177,628.9258333333332,1525.718585872708,2216.7603559664426,2197.733467670751,2013.4305687713509,3144.6291666666657,3.051437171745416,4.068685334029604,5.951616088427604,6.333372713379623,7.0274208062602055
298,168,50232,5.1126978397369385,4277.5075442790985,87.76132268403367,8776.132268403366,11899.689760243698,971.0291666666665,2152.5283251736637,1419.8132405658641,1399.350630798578,1505.468286167466,4855.145833333332,4.305056650347328,6.965873319520544,7.1049326184559405,6.450174047493866,6.912038391414541
299,168,50400,5.108017683029175,4296.208178281784,85.67401633647208,8567.401633647209,11375.715709562297,963.8658333333343,1844.4482425817541,1116.6976016929166,1100.1480565649968,1495.4617228346222,4819.329166666672,3.6888964851635087,5.406103327266635,6.326492223527424,6.486788288424468,6.909957271592615
300,168,50568,5.056545734405518,4315.2546372413635,91.40355993243668,9140.355993243667,12264.428716973578,864.6700000000003,2259.402723729911,1310.0194314526516,1285.2908507327033,1480.555460601931,4323.350000000001,4.518805447459822,6.361785906442084,2.759715853964854,6.524805819478732,6.73261165361401
301,168,50736,4.98232626914978,4334.533567667007,84.40137474996487,8440.137474996487,11955.02579892984,718.5483333333334,2796.3399906000213,848.9829522806913,831.2156977062207,1424.8626017376164,3592.741666666667,5.592679981200043,6.568941199118705,1.988780356336192,6.8565384402529235,6.719701694098042
302,168,50904,5.025721549987793,4353.72980761528,80.44107774878498,8044.1077748784965,12521.141721427684,779.3191666666678,3697.71477988252,1236.0022191550438,1216.7619171897663,1568.8524234730514,3896.5958333333383,7.39542955976504,7.523612123280399,3.0779839460329947,7.1204840548908885,6.611919600743174
303,168,51072,4.999281167984009,4372.419855117798,80.31761837191033,8031.761837191032,12026.777424910459,709.7966666666669,3285.2189210527595,679.1853624382709,656.3948141021891,1313.234966935706,3548.9833333333345,6.570437842105518,2.111981487447038,6.232385341982792,6.898529380208179,6.885632090278488
304,168,51240,5.03778338432312,4391.646729469299,91.65030841677202,9165.0308416772,11636.295871645434,579.4800000000005,1891.7850299682295,1289.7688706080744,1270.3242617831547,1429.9455003116982,2897.4000000000024,3.783570059936459,8.538191016686588,7.031463097236133,6.6409152953326585,7.534662427125216
305,168,51408,4.932523727416992,4410.357438087463,97.2709073924656,9727.090739246563,12030.46370215715,412.4533333333336,1890.9196295772547,1186.9573662644766,1166.1794461321317,1329.492770658339,2062.266666666668,3.7818392591545096,6.823270941434203,8.099755458365442,6.62014986975044,7.426307267949428
306,168,51576,5.0384955406188965,4429.612192630768,93.7452694671647,9374.526946716469,12028.603154065688,720.0516666666671,1934.0245406825507,724.0305020783239,709.412978579661,1442.4317783181164,3600.258333333336,3.8680490813651014,5.30280526856666,6.419747420565501,6.7579521338749275,7.281826918470637
307,168,51744,5.120182037353516,4448.738852262497,88.15633340387531,8815.63334038753,11908.696665872678,1008.1750000000008,2084.8883254851467,880.8227411875973,864.910229422272,1397.253159034801,5040.875000000004,4.169776650970293,5.845680086970701,5.778137318158452,6.746703611060169,7.0616554761433195
308,168,51912,5.088817358016968,4468.228794574738,83.43691284730451,8343.69128473045,11511.111121899701,802.1975000000007,2365.222337169249,1523.2272821681004,1502.5330075343927,1472.4686085708504,4010.987500000003,4.730444674338498,5.306985233447662,6.396570975923443,6.690892502469118,7.012244991014562
309,168,52080,5.057093381881714,4487.279814720154,81.63646588383557,8163.646588383556,11038.150063254743,771.4158333333328,2103.087641537854,1329.3426434294756,1310.5806795220392,1371.4480524562266,3857.079166666664,4.206175283075708,5.684529798189322,7.8764790394379816,6.5121707060459535,6.941966174076131
310,168,52248,5.035221576690674,4506.930663347244,88.36617120879798,8836.617120879797,11577.549777314427,493.715833333333,2247.2168231012947,950.728880031151,932.1945043378968,1386.7006611551114,2468.5791666666646,4.49443364620259,7.069846526131754,7.543827530885707,6.65975875346455,7.003311719384184
311,168,52416,5.030505895614624,4526.704847335815,100.56122803781463,10056.122803781462,12004.712023139115,629.9525000000001,1318.6367193576525,2165.1678399340335,2144.2088518917813,1857.126257565951,3149.7625,2.637273438715305,4.834703235214046,7.412752320564178,6.286035017782123,7.164481280287502
312,168,52584,5.1295695304870605,4546.333904266357,100.25695570071699,10025.695570071697,11783.735538320267,519.3149999999994,1238.7249682485694,1186.327365699074,1170.808177439345,1483.697550034751,2596.5749999999966,2.4774499364971394,5.412386217122975,7.698410621607041,6.484862955770097,7.129697192837829
313,168,52752,4.964352607727051,4565.944417476654,84.55198531305783,8455.198531305781,11514.24735866559,866.1024999999997,2192.946327359809,1264.9483832242236,1245.576576266509,1517.1286735947642,4330.512499999998,4.385892654719617,5.378924393695217,2.6481459642403684,6.587829924288199,6.959978420718835
314,168,52920,4.963082551956177,4585.127268314362,93.89810295769821,9389.810295769821,12384.260353528936,619.2600000000002,2375.190057759115,1491.952363816795,1458.7987292347345,1605.926720925896,3096.300000000001,4.7503801155182295,6.843613378579701,5.560527595825218,6.655005876849308,6.819080381969155
315,168,53088,4.835617303848267,4604.545156002045,88.23647435457336,8823.647435457337,12518.293572267634,366.54416666666657,3328.101970143632,626.390044748211,610.602295359183,1257.740883990739,1832.7208333333326,6.656203940287265,6.7035142885410055,7.108166778689117,7.222536400832782,7.281117910590437
316,168,53256,4.904235601425171,4624.418155908585,91.85199545860715,9185.199545860714,12293.441202896589,567.9724999999996,2540.269157035874,531.5320760297395,513.9404410691511,1225.7736447895472,2839.8624999999975,5.080538314071747,7.15517419752635,8.129322525133581,6.990264879860834,7.550807216795557
317,168,53424,4.9328773021698,4644.051713228226,90.64988435526448,9064.988435526448,12274.954680021883,499.8900000000003,2710.076244495435,547.4750389804141,532.5737548568532,1130.923271938042,2499.4500000000016,5.420152488990869,7.380038178773526,7.471953867435886,7.115024756983458,7.43278565501325
318,168,53592,4.9538893699646,4663.763162136078,80.49129975388809,8049.129975388808,12634.111687246947,503.5066666666663,4081.4750451914724,739.7307384816435,722.505590361669,1441.0467030653363,2517.5333333333315,8.162950090382946,7.98132415956208,6.728995759056472,7.446687646248506,7.403503932806844
319,168,53760,4.841441631317139,4682.81059718132,82.06311101941944,8206.311101941943,12243.285938129406,657.0224999999999,3379.9523361874626,596.928798053546,582.4671789899332,1275.4377529494104,3285.1124999999993,6.759904672374925,8.75161949712565,7.068443868760821,7.3411466065647915,7.228175165063954
320,168,53928,5.059348821640015,4702.775685071945,64.96000639435348,6496.000639435349,12057.074824953033,1172.6616666666669,4388.412518851018,745.8511056610616,730.2430585402284,1210.8082332571107,5863.308333333333,8.776825037702038,11.221935906811614,7.71911119527328,7.579403229009177,7.093148292076693
321,168,54096,4.933801174163818,4722.646519184113,88.8550862252301,8885.50862252301,12306.830496021208,583.1091666666662,2838.212706831529,568.1675676573238,552.4927329493207,1231.0203748654087,2915.545833333331,5.676425413663058,8.253462016017114,6.7862120193221935,7.135285978962561,7.3466631021419975
322,168,54264,4.921586275100708,4741.993740081787,87.46548536203403,8746.548536203403,12383.72508708647,540.6258333333344,3096.5507175497314,580.3531972473356,566.3600600860414,1237.595271471589,2703.129166666671,6.193101435099463,8.43735604795937,6.880664335544089,7.171537116958769,6.917163603871226
323,168,54432,4.938237190246582,4762.204439640045,99.24022950727598,9924.022950727598,12486.042320888097,353.2750000000001,2208.744370160497,528.7760262838461,516.6897285932664,1383.7318323995387,1766.3750000000005,4.417488740320994,7.898008861632199,6.805141827609004,7.016721842358568,7.20007438398343
324,168,54600,5.027932405471802,4782.3402326107025,92.58524108737204,9258.524108737205,12474.324876062467,767.7541666666664,2448.0466006585957,669.6065412888686,651.6364147194097,1465.7123902065923,3838.770833333331,4.896093201317192,6.838655694957222,6.088188426306388,6.952107610043673,7.415111795627273
325,168,54768,5.019073963165283,4802.488823890686,91.80535112554445,9180.535112554444,12500.665994253699,801.4933333333333,2518.63754836592,570.6567396891968,554.7892550603385,1425.5348727489582,4007.4666666666662,5.03727509673184,6.710410775226983,6.167537426427056,7.029364488257835,7.304896849328117
326,168,54936,5.0121989250183105,4823.170261859894,90.41279308889037,9041.279308889036,12618.08677379533,737.9475,2838.859964906293,658.2561910827552,641.995069642165,1479.281769378096,3689.7375,5.677719929812586,7.144855273792855,6.0429411343303014,7.110363227897748,7.398874385947235
327,168,55104,4.79787278175354,4843.180726528168,99.01287957874288,9901.287957874289,12467.295680432639,436.05666666666673,2129.951055891683,537.0262661118793,523.2149930759774,1416.7620941248442,2180.2833333333338,4.259902111783367,6.5688908084012105,6.402892494268655,6.983863231445197,7.214348342730643
328,168,55272,5.2773613929748535,4863.159234762192,87.99928142074941,8799.92814207494,12367.758061618471,748.3041666666675,2819.5257528768634,632.3165751455892,618.9141837611364,1222.0702124864401,3741.5208333333367,5.639051505753727,7.026003187013584,7.115481613622048,7.102147799222469,7.067491276908935
329,168,55440,5.042120933532715,4883.737850427628,101.4314519946508,10143.14519946508,12581.21766604846,403.4700000000002,2034.602466583381,872.0006698848008,859.0944363535411,1573.9268337782605,2017.3500000000008,4.069204933166763,6.866049790485625,6.3359654290644425,6.866635934954614,7.061545764374989
330,168,55608,5.2136924266815186,4903.804231643677,90.3089177453763,9030.89177453763,12415.07287389208,776.0183333333335,2608.162766021117,599.0470587788593,585.5133760568137,1467.6782233988858,3880.091666666667,5.216325532042234,6.54692901817711,6.507934816421566,7.012905096225327,7.052592118667316
331,168,55776,5.109897136688232,4924.661904096603,90.93135713361255,9093.135713361255,12668.262952729001,804.5150000000001,2770.612239367746,838.7780503755673,819.5675236571719,1477.3008766827993,4022.5750000000003,5.541224478735492,7.07549462514937,6.035527202372637,6.838339444260997,6.973802978442625
332,168,55944,5.055209398269653,4945.86493730545,47.44540830790646,4744.540830790646,10182.965127684753,628.4525000000003,4809.971796894108,3174.8697130477794,3126.903276185397,1753.7968906564483,3142.2625000000016,9.619943593788214,12.762431155724176,8.581689788990994,7.379944608993389,7.371695258005112
333,168,56112,5.059298753738403,4966.400566339493,72.05697738253372,7205.697738253372,11943.659562310146,1058.4075000000005,3679.554324056772,3060.7722405892637,3020.830749239975,2065.311472944384,5292.037500000002,7.359108648113545,5.097457417871767,1.8321975867870444,6.352316540202586,6.538947743697925
334,168,56280,5.044510364532471,4987.100942850113,65.96929858873344,6596.9298588733445,11573.110779467748,948.2458333333332,4027.9350872610685,2628.3351838507806,2588.379228733301,1964.6272549087182,4741.229166666666,8.055870174522138,4.893804649959389,2.0744426215412504,6.245748106536669,6.017322109855617
335,168,56448,5.0724570751190186,5007.8166489601135,63.399491152626055,6339.949115262604,11365.78543407567,1138.6999999999994,3887.1363188130663,2505.3903368515366,2461.4799893995246,1916.039495934709,5693.499999999996,7.774272637626133,5.170470292962616,1.2399989841028491,6.204017300193941,6.1200387528998155
336,168,56616,4.98305606842041,5028.515916824341,84.48197575434784,8448.197575434784,12384.686951468942,752.1858333333333,3184.303542700826,724.5105004790769,706.3975543915456,1463.0364511866983,3760.929166666667,6.368607085401651,6.032515355235696,6.288638756788656,6.780070019166375,6.314614866479142
337,168,56784,5.045241832733154,5049.365317106247,89.00080750315959,8900.08075031596,12573.165279706649,786.8699999999997,2886.21452939069,583.3891101363604,567.5760893517996,1463.3779908613415,3934.3499999999976,5.7724290587813805,6.967397529736976,4.972982589519101,6.999645856919647,6.657542773234134
338,168,56952,5.007352828979492,5070.0235731601715,83.65784560001185,8365.784560001184,12308.592520898255,902.0308333333335,3040.777127563737,1387.7090023032429,1365.5432235720396,1550.8401168784317,4510.154166666667,6.0815542551274735,6.8996730716685635,3.079146306024447,6.701106727716264,6.740656075069924
339,168,57120,5.009768486022949,5090.870116710663,90.48510010103266,9048.510010103266,12240.426491973292,813.4658333333348,2378.4506485366915,1395.082549482504,1374.3546541631706,1494.8865174615082,4067.3291666666732,4.756901297073382,2.0503526110112915,5.862688854762233,6.561193660466914,6.661140332649177
340,168,57288,5.003272294998169,5111.541106700897,95.77151303850417,9577.151303850416,12280.361949436696,636.3091666666666,2066.9014789196135,657.485705713691,644.9740289784729,1469.7009210612844,3181.5458333333327,4.133802957839227,6.109682044254437,6.491910928337328,6.835632567222598,6.803186738504838
341,168,57456,5.084148406982422,5132.181057214737,92.83947243781834,9283.947243781835,12343.697545260562,779.3258333333333,2280.424468145394,1899.5057853738267,1877.2692807083338,1699.0103871633391,3896.629166666666,4.560848936290789,7.16452652907896,7.450483740987556,6.5285223890057935,6.632638163213833
342,168,57624,5.008929491043091,5153.0177302360535,96.54681806721179,9654.68180672118,12525.594869438482,619.9833333333337,2250.929729383968,960.7199717736414,942.6367635007713,1474.7368085212206,3099.916666666668,4.501859458767936,6.922873137479848,6.807187431296683,6.820053791054516,7.00392128949225
343,168,57792,5.04901909828186,5174.110497951508,87.26449933935774,8726.449933935774,12304.772689663147,932.5124999999992,2645.8102557273737,1411.8401291119765,1389.372607481252,1499.4508166886346,4662.562499999995,5.291620511454747,6.867864712394798,6.434986870878558,6.899946992049063,7.126752707319316
344,168,57960,5.0066306591033936,5195.146370649338,93.8037107594599,9380.37107594599,11906.420897087897,683.1100000000006,1842.9398211419077,1034.1370432211957,1015.3425350152446,1286.419327873979,3415.550000000003,3.685879642283815,7.708407554391704,6.46407783726564,6.731150549616421,7.274480256834199
345,168,58128,4.999496698379517,5216.318293809891,94.44939182838398,9444.939182838398,12303.94953184836,637.3808333333334,2221.62951567663,721.4474687890997,707.1390278101892,1131.007790129551,3186.9041666666662,4.44325903135326,7.097275423251127,7.343590048644837,6.916419166127241,7.284598728636377
346,168,58296,5.02148699760437,5237.452671051025,99.71827619981048,9971.827619981046,12584.338930376705,536.1574999999997,2076.3538103956594,722.0784658432268,707.1062601273422,1416.1763387600463,2680.7874999999976,4.152707620791318,7.238241443430438,6.71546403567674,6.895826763192218,7.3326917088272845
347,168,58464,5.127641201019287,5258.604126930237,97.82302259816665,9782.302259816664,12367.098644610214,641.1108333333333,1943.6855514602175,557.0482689934034,541.8195665359852,1221.0317023150876,3205.554166666666,3.8873711029204348,7.2372223448503235,7.052985354690817,6.8818270722744925,7.375724335059715
348,168,58632,5.06710147857666,5279.8401663303375,101.71414925945415,10171.414925945413,12406.686565812626,495.3308333333341,1739.9408065338782,956.5660153906458,942.47725138378,1692.4832673581238,2476.6541666666703,3.4798816130677563,5.3326234739869856,6.263611318803527,6.699151148414715,7.167639617498514
349,168,58800,5.05624532699585,5301.153414487839,99.26469572771171,9926.469572771171,12297.765795225321,504.8075000000006,1866.4887224541499,753.8110831532299,739.6856601264444,1477.011383498092,2524.037500000003,3.7329774449083,6.7293155007628425,6.166555913053872,6.807984362770595,7.124565317257399
350,168,58968,5.07959771156311,5322.463468790054,103.95656446923186,10395.656446923185,12470.550767121713,505.165,1569.7293201985262,993.1746343846619,978.562831402495,1554.8720120786052,2525.825,3.1394586403970526,7.574230416071252,6.3796599707654424,6.691699349597573,7.172984062010734
351,168,59136,5.304797887802124,5343.957560777664,98.98846917266752,9898.84691726675,12329.78796988283,727.6408333333341,1703.3002192827457,1528.039905089354,1510.4271898390275,1681.4440902422843,3638.204166666671,3.4066004385654916,2.2652948778895245,5.613778712219332,6.429172038182279,7.046975792656697
352,168,59304,5.070688009262085,5365.274024248123,99.14035550688688,9914.035550688688,12364.10006240926,685.0766666666668,1764.9878450539054,1051.756020033975,1037.2992710148387,1561.8839576224032,3425.3833333333337,3.529975690107811,6.564743076951902,6.462935599937748,6.717651719096322,7.121175373194807
353,168,59472,5.032613039016724,5386.50187253952,95.94784596745151,9594.78459674515,12587.10227294054,720.8066666666664,2271.5110095287223,1135.804627984414,1119.161340074223,1556.6730771014834,3604.0333333333315,4.543022019057444,7.052324871025759,5.466862667748917,6.81846035478334,6.98691067032745
354,168,59640,5.004454612731934,5407.96533203125,102.11033935046402,10211.0339350464,12224.332874308015,580.0800000000002,1433.2189392616126,1145.3138341551098,1130.5075579984714,1604.0924203195407,2900.4000000000005,2.866437878523225,6.945210068983153,6.2981933091954865,6.603637218434352,7.099116804404148
355,168,59808,4.9874794483184814,5429.453355073929,101.07042545028878,10107.042545028879,12404.975619711366,503.09000000000003,1794.843074682489,1687.838686479637,1669.7794267460995,1756.7025070486138,2515.45,3.589686149364978,7.184574743041572,6.4081738315479475,6.613805905647989,6.973656825467843
356,168,59976,5.05008339881897,5450.9645347595215,99.18853603409624,9918.853603409625,11923.188411843681,577.6625000000001,1426.6723084340567,1014.2819276871629,999.0290313735674,1556.033486194757,2888.3125,2.8533446168681134,6.092284990063294,6.461698675412756,6.505269076482545,6.908779891904071
357,168,60144,4.983524322509766,5472.695550441742,95.28136846582926,9528.136846582926,12299.56426550684,661.7708333333337,2109.656585590579,746.7474807032855,734.0965847862514,1358.0459118050005,3308.8541666666683,4.219313171181159,6.807274478783515,7.2838191793872085,6.884880020375595,6.882949256784836
358,168,60312,5.082123517990112,5494.370977401733,79.6997604827327,7969.976048273269,12219.683306323928,874.1499999999999,3375.5572580506587,923.615066030295,907.5259590581442,1283.3930447685818,4370.749999999999,6.7511145161013175,7.629098070830604,7.037553746959387,7.233439303445986,7.034633740066177
359,168,60480,4.989306211471558,5516.103301048279,90.32466798974097,9032.466798974097,12400.405429337376,458.0683333333336,2909.8702970299455,672.5761635264685,661.1077974430988,1334.8854090567515,2290.341666666668,5.819740594059891,7.542215177482654,6.9309798489819725,7.189045988670741,6.91548635420695
360,168,60648,4.986724138259888,5537.848328113556,98.20254750957668,9820.254750957667,12334.30061473254,511.36,2002.6858637748733,778.7382360052065,764.2930170019727,1268.3275020454012,2556.8,4.005371727549747,7.146840735038591,7.3495019398825026,6.93472478142141,7.336183093034327
361,168,60816,5.097557306289673,5559.694227218628,98.26717458809776,9826.717458809773,12363.190513163485,637.2674999999991,1899.2055543537117,953.7306319881693,936.6726076557572,1454.122740624271,3186.3374999999955,3.7984111087074237,6.808788107342939,7.193399543965704,6.793269735068588,7.396742621837518
362,168,60984,5.043195009231567,5581.519098043442,96.62855279298168,9662.85527929817,12436.318722299562,604.2574999999994,2169.205943001394,655.8583845985861,641.7388890071113,1310.4255840169349,3021.2874999999967,4.338411886002788,6.1521036306277574,6.74984242780999,6.924524691583292,7.316941173104743
363,168,61152,5.148349761962891,5603.7393209934235,103.57585717491921,10357.585717491922,12407.760229797048,488.8466666666669,1561.3278456384614,1207.7205466105995,1190.8207943669943,1560.373498442875,2444.2333333333345,3.1226556912769228,6.5679926936785655,7.696596239096236,6.5594796757807,7.31536594919426
364,168,61320,5.006133079528809,5625.485247373581,101.96086580012589,10196.086580012587,12434.333026588878,514.3616666666675,1723.8847799096238,1111.6002082472016,1091.5883147781944,1452.0408031785948,2571.808333333337,3.4477695598192475,7.113597945482852,7.083901029073277,6.698092301772901,7.510273548830179
365,168,61488,5.149827718734741,5647.560520410538,101.15474308845808,10115.474308845809,12667.948580567168,691.3650000000001,1861.109271721361,977.6699336819044,958.1656521591427,1417.6251321299637,3456.8250000000007,3.722218543442722,7.0238062906076495,6.820440940184424,6.621252856047596,7.47602171930504
366,168,61656,5.077030420303345,5669.826610565186,102.10983706804396,10210.983706804396,12395.181200719464,708.4033333333336,1475.7941605817332,1186.441319013527,1170.0919731045083,1493.649568930748,3542.0166666666682,2.9515883211634666,6.5017889943151905,6.77414462231757,6.577976639808591,7.2587314742314515
367,168,61824,5.2644054889678955,5691.931121110916,96.43719438708894,9643.719438708895,12413.683973050986,763.6575,2006.3070343420916,838.5139947047962,823.6619608357502,1396.3371680415962,3818.2875000000004,4.012614068684183,7.501254440535445,6.924959026486164,6.861862033674829,7.188972919836009
368,168,61992,5.046818256378174,5714.134767532349,92.72498847923168,9272.498847923169,12210.88919180444,853.971666666667,2084.4186772146027,777.6044960199071,762.5981329821373,1455.5571270159226,4269.858333333335,4.168837354429206,6.791869241440839,7.007787005453342,6.842713130439716,7.3250766150971405
369,168,62160,4.999867677688599,5736.347550868988,93.70867169770062,9370.867169770063,12551.44229455608,658.8400000000001,2521.7351247860183,611.4913642603473,598.8940517215491,1319.944497183677,3294.2000000000007,5.043470249572037,7.008508809119096,6.713954731574741,7.050768393577694,6.935121357744691
370,168,62328,4.936265468597412,5758.281896352768,88.75655670762418,8875.655670762417,12457.116675214256,866.9150000000003,2714.546004451837,593.6654209185001,562.5195973798229,1336.8643953220885,4334.575000000002,5.429092008903673,7.153919696314417,6.280031566907386,7.043940281954491,7.273047022088801
371,168,62496,5.018584728240967,5780.848308086395,91.94952426731325,9194.952426731325,12310.732059989277,831.7066666666675,2284.0729665912854,587.0422370759156,573.8017948650029,1184.9879549646676,4158.5333333333365,4.568145933182571,7.401396894419033,7.590170933469382,6.977892877198193,7.104153830506618
372,168,62664,5.06010103225708,5803.043979406357,97.37382115630652,9737.382115630651,11996.466077571662,652.1666666666671,1606.9172952743434,1790.2656213167866,1770.0389241911862,1644.1241482665323,3260.8333333333358,3.2138345905486876,6.820651616913788,6.175897387213101,6.497537566471849,6.902952775268237
373,168,62832,4.987517833709717,5825.205833911896,101.38949495073804,10138.949495073806,12306.883772253663,694.6949999999999,1473.2392771798584,791.1423431439574,777.3615717881114,1396.115085866488,3473.474999999999,2.9464785543597167,6.802044824529496,5.624455227167663,6.60816003180607,6.938020012927475
374,168,63000,5.146441221237183,5847.7058165073395,93.96416656198599,9396.4166561986,12077.83143707435,783.9166666666678,1897.4981142090815,1038.763715065708,1023.4279209471922,1455.46462132149,3919.5833333333385,3.794996228418163,6.185581517485985,6.185377897204433,6.4947114202789855,6.824833648810769
375,168,63168,5.0021092891693115,5870.148611783981,94.57052261457255,9457.052261457255,12296.322069717222,625.0941666666663,2214.175641593299,626.2217655487934,609.4026640238036,1406.5455155305685,3125.470833333331,4.428351283186599,6.673223518550657,6.248984832435125,6.849501599078255,7.311743391708712
376,168,63336,4.963714838027954,5894.173738479614,102.10950973480733,10210.950973480734,12477.073101441849,521.3541666666664,1744.7679612944487,833.9559401642182,819.7253891042233,1494.7480547401706,2606.770833333332,3.4895359225888973,6.901878307909365,6.407614858257874,6.789919005055597,7.230553998919243
377,168,63504,4.910624980926514,5916.639631986618,95.02688151745856,9502.688151745857,12459.948309385738,414.76833333333354,2542.4918243065467,560.4193688405624,548.2907260962809,1401.0487345734869,2073.841666666667,5.084983648613095,6.902820240914599,6.637780410423206,7.090307936851237,7.006834926621211
378,168,63672,5.024742841720581,5939.229823112488,98.83666243070157,9883.666243070156,12575.370545436797,535.7075000000004,2155.996802366641,628.6217816269975,615.3961116083343,1478.896409856482,2678.5375000000013,4.311993604733281,6.650250948107261,6.106940065134943,6.945802811734346,7.017180253626894
379,168,63840,4.99911904335022,5961.884304285049,88.49838916076186,8849.838916076185,12359.673754561074,773.9466666666661,2735.888171818222,717.0579322768476,703.8059623878064,1424.8131729584948,3869.7333333333304,5.471776343636444,6.666262770459443,6.645506665405538,7.100559783906284,7.082602277279545
380,168,64008,4.926704406738281,5984.237145423889,95.1514302383222,9515.143023832221,12486.633735551855,590.637500000001,2380.853211719632,727.2635471480709,714.7662236466233,1455.8156924765335,2953.1875000000045,4.761706423439263,6.909759397289307,5.60480174234982,6.92591694590362,6.738392968667692
381,168,64176,5.153896331787109,6007.0190353393555,88.43553988572503,8843.553988572505,12146.014485246771,781.627500000001,2520.8329966742685,884.7462887169565,870.7347454199514,1527.938119145362,3908.1375000000044,5.041665993348536,6.487434580988154,4.479284999388102,6.928860097673058,6.92884685938554
382,168,64344,4.915141344070435,6029.916804075241,99.49733543144745,9949.733543144746,12494.970937830312,473.9600000000004,2071.277394685566,560.0340146201455,546.8249790066592,1408.1518164546387,2369.8000000000015,4.1425547893711325,7.0453452233370015,6.869259384209647,6.934802640269295,6.931360513122211
383,168,64512,5.005091428756714,6052.661493301392,102.60599401489506,10260.599401489508,12372.264676636622,590.0625000000007,1521.6027751471147,807.7362262151175,794.1423389082751,1316.2611522802442,2950.3125000000027,3.043205550294229,6.854822129509909,6.910421007878316,6.669029504626524,6.935850975705874
384,168,64680,5.000304698944092,6075.358948469162,99.23099769859593,9923.099769859593,12619.771282176742,678.3050000000001,2018.3665123171486,1223.576816935246,1208.1796804051091,1721.8225524045574,3391.5250000000005,4.036733024634297,7.462608473282721,6.411419638539883,6.779856793486356,7.1792296824323865
385,168,64848,4.9877400398254395,6099.000779867172,94.26577988549883,9426.577988549881,12640.645093632878,529.3366666666666,2684.730438416329,810.458784958776,795.2272139171339,1467.284883766417,2646.6833333333325,5.369460876832658,7.229255658535191,6.758032243591517,7.008051583625362,7.258955769174233
386,168,65016,4.927805185317993,6121.762231826782,100.71337968431028,10071.33796843103,12490.311276950868,463.5666666666672,1955.406641853172,617.042101747243,604.8997194002542,1420.3162925481838,2317.8333333333358,3.9108132837063443,6.547387223601605,6.610633169989908,6.9030175893508465,7.052299476850602
387,168,65184,4.94965672492981,6144.706641197205,99.15466329840497,9915.466329840496,12110.092628146103,521.2775000000005,1673.3487983056064,768.6595205430888,752.929787965259,1186.6546728460105,2606.3875000000025,3.3466975966112127,6.5223188412086435,7.481194587332728,6.703093701742382,7.205327406993146
388,168,65352,5.074779033660889,6167.61775302887,103.82423738845762,10382.423738845762,12514.086754337162,514.5166666666669,1617.146348824735,832.4625190863799,819.5453645477319,1431.3107105496022,2572.583333333335,3.2342926976494706,6.968598396639811,6.9487480879678385,6.715353746228944,6.964359684204737
389,168,65520,5.100046396255493,6189.939675331116,99.36559766186642,9936.559766186641,12357.00668108828,563.875833333333,1856.571081568305,826.3498925453548,812.187619421544,1345.0346781631588,2819.3791666666657,3.71314216313661,7.119750382724074,7.596258663961464,6.847820706807557,7.250825863905983
390,168,65688,5.1245129108428955,6212.848300933838,97.38101725149251,9738.10172514925,12209.66491017791,722.2333333333336,1749.329851695325,610.1863049686623,596.8073193074172,1143.7917414662306,3611.1666666666674,3.49865970339065,6.767746667709146,7.54282743687502,6.8305101738705805,7.3101460236344975
391,168,65856,5.0496745109558105,6237.779554128647,98.59884214249455,9859.884214249456,12368.673020866703,600.4141666666663,1908.3746399505806,755.8382744736911,742.4845103186461,1436.477146907886,3002.0708333333314,3.816749279901162,6.768001187136108,7.061282117344169,6.867236394328718,7.2929178565604325
392,168,66024,5.080578327178955,6261.895902633667,97.42932890518424,9742.932890518423,12209.960496389729,774.8974999999997,1692.1301058713047,613.2565441160788,599.969404606498,1390.2313743080767,3874.487499999998,3.3842602117426095,7.439894415511032,6.596706117761245,6.801674587822015,7.163662155676142
393,168,66192,5.101423978805542,6286.9321258068085,97.47473243492782,9747.473243492783,12107.16360505205,860.3316666666674,1499.3586948926027,1798.4204190199423,1779.2211205212727,1613.5152429045004,4301.6583333333365,2.998717389785205,6.108029829328401,7.064082957878944,6.3411834547162,7.261837611798049
394,168,66360,4.918741464614868,6308.495402812958,103.44226977122833,10344.226977122831,12378.942030955348,385.63083333333424,1649.0842204991814,649.8121084939955,636.4304168915525,1304.2159832959521,1928.1541666666712,3.2981684409983627,6.360063971495094,7.523851045057623,6.829122208280714,7.119431681657571
395,168,66528,5.034267902374268,6334.964123249054,101.10541539697692,10110.541539697693,12141.006447003001,594.3525000000002,1436.112407305309,1846.539322403738,1826.9701038429944,1806.2811325358996,2971.7625000000007,2.872224814610618,6.615803896958113,7.106062094556989,6.320468469139682,7.141860004092313
396,168,66696,5.013761043548584,6358.7963852882385,100.57723736264444,10057.723736264445,12236.130771713917,490.4116666666663,1687.9953687828079,793.9632740714499,780.1365271387306,1403.9921026241059,2452.0583333333316,3.3759907375656155,6.617583261890543,7.045915014877425,6.729740749503045,6.970161074626547
397,168,66864,5.016507148742676,6385.112622976303,91.26898344334575,9126.898344334575,12310.39219526125,624.8041666666663,2558.6896842600104,1730.3815701334738,1713.260550648854,1649.638883985418,3124.020833333332,5.117379368520021,6.866116571007121,7.266401337918131,6.777668760443096,6.9507092120504534
398,168,67032,5.031867027282715,6408.463084936142,98.09528435844746,9809.528435844744,12316.009902341571,617.0025,1889.4789664968262,1141.0648189125156,1124.696885974323,1496.2437250218115,3085.0125000000007,3.7789579329936522,6.7524940547241386,6.841868261489955,6.699797986778472,7.23348460980134
399,168,67200,4.969006061553955,6431.659256219864,98.64500287345388,9864.500287345387,12328.866792301644,525.334166666667,1939.0323382895915,1130.7944227447083,1115.3067496438148,1515.7485397229077,2626.6708333333345,3.878064676579183,6.445568567329082,6.470295591726078,6.789770610378107,6.9199539247280635
400,168,67368,4.967389106750488,6455.850391864777,87.35873952154994,8735.873952154994,12084.743372956662,604.9399999999997,2743.929420801668,735.8195866896267,722.9666891207761,1181.1028328254913,3024.6999999999985,5.487858841603336,6.576834887103437,7.512974643996077,7.154434864002691,7.04388143445613
401,168,67536,4.949394941329956,6480.434419870377,93.32675223124815,9332.675223124817,12287.440722805852,474.9616666666675,2479.8038330143663,648.5397967590587,637.1428028166926,1427.5716375059565,2374.8083333333375,4.959607666028733,6.42149784064157,7.122871187440867,7.026853510989324,6.841624825936914
402,168,67704,4.932283401489258,6506.19619011879,92.0121567508475,9201.215675084748,12349.092472290986,431.9658333333331,2715.9109638729033,628.6654601250129,615.2158591996874,1309.8969010518863,2159.8291666666655,5.431821927745807,7.426261237383818,7.780087698572266,7.097854794345117,7.0348837262233
403,168,67872,5.030934810638428,6531.495420694351,94.43828456330675,9443.828456330675,12287.890372889888,531.0991666666671,2312.9627498925443,660.4746345054277,647.4489231945676,1365.483096484431,2655.495833333335,4.6259254997850885,7.482268980157651,6.5732997905541275,6.942318274153932,6.960233983151469
404,168,68040,4.988034009933472,6560.026527404785,97.20729434457564,9720.729434457564,12374.657268205396,546.3549999999992,2107.5728337478326,737.5486391572522,722.5639819674496,1374.3906012918173,2731.774999999996,4.2151456674956655,6.587854110177735,6.984763045009647,6.864517756349696,7.045648988981886
405,168,68208,5.128479719161987,6591.663022994995,96.55969540688616,9655.969540688617,11738.667414716969,706.3400000000006,1376.3578740283506,1112.7316024268798,1098.071436130459,1439.864992375087,3531.7000000000025,2.7527157480567013,7.1378652556491975,6.914418120209594,6.581825935362469,6.9083439137395075
406,168,68376,5.134833812713623,6616.374126195908,93.74344751678768,9374.344751678767,11917.897283048078,794.5124999999995,1749.0400313693108,1370.6556990814415,1354.4667033853,1530.1040290302967,3972.562499999997,3.498080062738622,7.141314920877783,6.1261423725322866,6.571130384652603,6.801089433684232
407,168,68544,5.1938796043396,6645.573769330978,93.36544197197792,9336.54419719779,12633.960409828693,884.3158333333329,2413.1003792975694,947.7982385477553,932.0486805363589,1549.2094068007918,4421.579166666664,4.826200758595139,7.083093917327726,5.9861199851214755,6.807462505920504,6.767258330257665
408,168,68712,5.15054178237915,6669.997182607651,82.50013158226838,8250.013158226837,12424.384083647104,993.9833333333336,3180.3875920869345,774.7396850689869,757.4300666074621,1424.1358374024594,4969.916666666668,6.360775184173869,6.808418801729407,5.623662633298564,6.964716682202869,6.59111467358886
409,168,68880,5.111297845840454,6691.588670969009,93.14978965924452,9314.97896592445,12481.363469225751,830.5233333333329,2335.861169967966,858.5860305194514,842.4431598244292,1535.3639042539658,4152.616666666665,4.671722339935933,7.895768385602227,5.925223628988852,6.678679884784172,6.516415880060392
410,168,69048,5.1537981033325195,6713.260669231415,87.8122199930466,8781.221999304656,12449.66286782568,1052.9383333333337,2615.5025351876875,668.7713006771518,653.6378696829804,1403.3386615452946,5264.691666666668,5.231005070375376,6.650050376799061,6.061977850615692,6.857247395206756,6.627815293729518
411,168,69216,5.208202362060547,6734.67773938179,95.44430560180902,9544.430560180903,12606.06575707772,961.6849999999993,2099.950196896819,1034.1060091869476,1016.9261820110827,1580.414069160704,4808.4249999999965,4.199900393793638,6.883760915443619,5.63264445072656,6.597206454409642,6.537592100858327
412,168,69384,5.093169689178467,6758.507221460342,93.27690358168923,9327.690358168922,12327.560346702172,845.9375000000005,2153.9324885332485,2111.2749857741933,2082.161549927507,1692.1147927696388,4229.687500000002,4.3078649770664965,7.057536800359932,7.2390025437095975,6.48702621832021,6.920088394821405
413,168,69552,5.191231727600098,6782.033773183823,99.25418393395246,9925.418393395248,12459.602138500455,805.0833333333333,1729.1004117718753,1400.9768333503098,1384.4690165120646,1608.8622379912558,4025.4166666666656,3.4582008235437502,6.260244812188556,6.815458385412511,6.578601063039555,6.912912768741272
414,168,69720,5.175266265869141,6803.692558526993,93.33619693264463,9333.619693264463,12451.047109215193,777.0008333333335,2340.426582617396,1244.8376346631444,1228.731927936384,1491.773126993182,3885.004166666668,4.68085316523479,7.149106202213164,7.338662606995045,6.818087059600466,6.895523019581755
415,168,69888,5.2018232345581055,6826.205225467682,97.58470976167723,9758.470976167724,12414.859541077582,817.2408333333333,1839.1477315765258,1778.0837922642618,1758.8969710617278,1737.2943395696366,4086.204166666666,3.6782954631530513,6.9646014698861425,6.943843132760885,6.531187632784508,6.906523361750293
416,168,70056,5.176448583602905,6848.424668312073,84.63392762277255,8463.392762277253,11661.661100536236,826.2841666666673,2371.9841715923158,4093.9145517145917,4053.224691289448,2359.1535793423664,4131.420833333335,4.743968343184632,7.257509619840247,7.400553127523417,6.300268069972338,6.662087268883061
417,168,70224,5.05449104309082,6871.612644195557,96.87203847375623,9687.203847375622,12510.251176796723,487.9541666666664,2335.0931627544337,738.7796186002065,725.7437820043394,1478.5880660194728,2439.770833333332,4.670186325508867,7.281339382205564,6.482008203280887,6.9577852517519485,6.958111185397154
418,168,70392,5.066757917404175,6893.480837106705,103.11955278344232,10311.955278344232,12645.858355735552,513.2833333333336,1820.6197440579858,750.7219858089636,738.4437190513761,1494.3667121434519,2566.416666666669,3.6412394881159713,6.946779754534925,6.368822408824393,6.80628901666854,6.990615517547851
419,168,70560,5.072736501693726,6916.766444206238,96.75708227423968,9675.708227423967,12283.849762990812,746.474166666667,1861.6673689001775,655.7881981158831,642.6448601157936,1231.2335723872409,3732.3708333333348,3.723334737800355,7.267620797257958,6.776713746202379,6.815210643624035,6.9498235681688945
420,168,70728,5.043201684951782,6938.711153507233,90.20613474250115,9020.613474250113,12305.03518808951,767.2924999999996,2517.1292138393965,690.7247468382665,676.6249282742741,1341.38848517197,3836.462499999998,5.034258427678793,7.3604902441610545,6.91436082798639,7.023813826026371,7.0347258215242405
421,168,70896,5.081694841384888,6960.894220590591,96.65408326515245,9665.408326515248,12444.646335517238,787.9808333333335,1991.2571756686586,745.0579737525204,731.5664187543234,1367.3793935047606,3939.9041666666676,3.982514351337317,6.307561199456557,6.704485546162131,6.787665253128926,6.781248205774714
422,168,71064,4.977938175201416,6984.911681175232,98.81804475649434,9881.804475649435,12282.312718851432,638.7949999999996,1761.7132432019991,1178.7455354395497,1162.8689416408151,1420.7261591158126,3193.974999999998,3.5234264864039986,6.7981351124382785,6.752235872196172,6.662629393922701,6.8229744837333195
423,168,71232,4.936550855636597,7011.127288818359,97.6204944426438,9762.04944426438,12486.604150811872,603.0174999999997,2121.537206547494,862.0561547306221,845.003633637724,1446.6791175599599,3015.0874999999987,4.243074413094988,6.926159314781214,6.345600224386716,6.730664373841245,6.8799015671445245
424,168,71400,4.923502683639526,7039.803436756134,101.05221623991372,10105.221623991374,12641.53223635289,377.5749999999998,2158.7356123615186,871.4984898766031,856.2622765170634,1569.6578219495746,1887.8749999999993,4.317471224723038,7.404077550123469,6.469722577556486,6.765304894532797,6.6449810131636715
425,168,71568,5.014806509017944,7067.181127071381,100.80555456801815,10080.555456801816,12143.972395178047,520.3891666666667,1543.0277717095664,1048.403315660969,1030.955989131161,1387.18482524542,2601.9458333333328,3.086055543419133,6.7782378248144175,7.480599020375283,6.521248844198924,6.72707054493802
426,168,71736,5.0591981410980225,7100.461280345917,101.97079460354536,10197.079460354535,12124.504447407076,757.0108333333334,1170.4141537192074,1381.6022487288324,1366.9952206172304,1504.2264438379336,3785.054166666667,2.3408283074384144,6.472026834039605,7.462660757059347,6.50339283224923,7.023768674229713
427,168,71904,4.970329523086548,7126.459679365158,99.96647760337304,9996.647760337304,12297.9601920582,693.0224999999995,1608.2899317208985,916.661438980417,900.840372871511,1486.9068910979258,3465.1124999999975,3.216579863441797,2.6994467291367084,7.6823986213692494,6.642829633731067,7.149536294654929
428,168,72072,5.003522872924805,7152.586761236191,100.44329537218478,10044.329537218477,12373.609350586805,577.3408333333333,1751.9389800349932,1007.014362070936,990.9875082662971,1474.1006662392065,2886.7041666666664,3.5038779600699863,6.951752628763442,7.017644115558923,6.69278376488331,6.8891808168601
429,168,72240,5.0142741203308105,7182.961675405502,102.47855087786279,10247.855087786278,12371.872406882358,626.2466666666671,1497.7706524294124,676.6275324127146,663.1459336004309,1456.3514996724284,3131.2333333333354,2.9955413048588246,6.1424223409069025,5.938868303550411,6.733277056743155,7.2233169565865785
430,168,72408,4.954352378845215,7209.713495969772,105.36135836375986,10536.135836375986,12550.906350412126,477.5075000000003,1537.2630140361396,1234.1609030836867,1216.7396004702314,1689.1944358123055,2387.5375000000013,3.0745260280722793,6.811696667098136,7.335230270039743,6.606667715307454,7.063314947541492
431,168,72576,5.040939092636108,7236.736729621887,104.88167556436184,10488.167556436185,12420.617098843515,641.6466666666677,1290.8028757406635,1098.893750353096,1084.9674646883682,1485.5487641592808,3208.2333333333377,2.581605751481327,6.447986627360581,6.7199776422229744,6.518336094614219,7.121227896106201
432,168,72744,5.14508056640625,7261.3187527656555,89.83836941075842,8983.836941075842,11314.13541033863,582.3483333333331,1747.9501359294518,875.330111193098,861.9550656207143,1384.5265999140424,2911.7416666666654,3.4959002718589036,5.261858267416368,6.475223610897837,6.550982836724283,6.971973847955532
433,168,72912,5.029011011123657,7287.817844390869,104.7561941840579,10475.619418405791,12318.747350488175,501.97249999999997,1341.1554320823827,983.8090936734707,970.1251387303888,1527.442914528585,2509.8624999999993,2.6823108641647657,5.3862430787211615,5.512614793423381,6.579568445721409,6.8556359863703245
434,168,73080,4.934135675430298,7314.173482179642,98.87503354061907,9887.503354061908,12217.06612636923,564.8325000000002,1764.7302723073215,747.1903024686104,733.4556338301647,1294.6368202343112,2824.1625000000013,3.5294605446146425,6.4037657278920435,7.359620367240424,6.687790983744027,6.734539511656318
435,168,73248,4.972659587860107,7338.645841598511,104.64271601942602,10464.2716019426,12412.414399821268,398.89083333333343,1549.2519645453335,765.4103803149364,752.7692686637101,1449.794179860016,1994.454166666667,3.0985039290906666,6.890177929503216,7.160592727552446,6.7543466310037035,6.9433488167386
436,168,73416,4.872313022613525,7364.57448720932,105.12126311368668,10512.12631136867,12479.812219134348,453.43833333333373,1514.2475744323453,754.0644592449465,741.2944686028798,1428.7635304034409,2267.1916666666684,3.0284951488646907,6.708386276044605,6.56108671146937,6.735960194521042,6.96558671356143
437,168,73584,4.957382440567017,7390.223084449768,81.89142128903207,8189.142128903206,12025.794009806537,633.6041666666665,3203.0477142366635,1417.3321845993728,1393.9653124490453,1560.0295331832551,3168.020833333333,6.406095428473328,6.990761842061602,6.668601946267975,7.03355680234812,6.893088749685861
438,168,73752,5.005756616592407,7414.379134893417,102.33539052602057,10233.539052602058,12309.502353457534,618.0741666666663,1457.8891341888109,1249.7322879745543,1233.4293730335482,1550.3468494511528,3090.3708333333316,2.9157782683776214,6.904094163670118,6.800634713968581,6.4559450566373116,6.857889692227941
439,168,73920,5.182554721832275,7440.476472854614,99.83908590369285,9983.908590369283,12319.934856720309,718.0450000000004,1617.9812663510224,1115.7206072863823,1100.505581056897,1491.9190763686104,3590.225000000002,3.2359625327020454,7.024099746183478,6.560309372831325,6.601366363870159,6.812908653456924
440,168,74088,5.082673788070679,7466.994980335236,99.53998931339632,9953.99893133963,12356.156156226414,554.0916666666662,1848.065558220115,1497.4758322363168,1474.7408454145527,1663.7953853657395,2770.4583333333308,3.69613111644023,7.306626997535535,7.387309750279102,6.454998245497318,6.7705165270766985
441,168,74256,5.1702680587768555,7492.3312022686005,98.55880839909105,9855.880839909107,12510.495644955903,560.1441666666667,2094.4706383801295,1035.4555399040191,1016.3185932499788,1617.051778336359,2800.7208333333338,4.188941276760259,7.2791541600625465,6.907513662153883,6.335913234110608,7.123962506017589
442,168,74424,5.0670166015625,7519.241682767868,96.1495075069364,9614.95075069364,12217.180408787452,668.0658333333334,1934.1638247604783,1469.448121404781,1449.4810988244571,1702.365086612583,3340.3291666666673,3.8683276495209564,7.294904894904129,7.174542828313304,6.331252707729282,6.745198531354076
443,168,74592,5.108745574951172,7545.47701382637,86.32579612030973,8632.579612030975,12489.352489370467,922.4849999999999,2934.2878773394937,840.2713612186938,824.7137185396439,1378.1982609336774,4612.424999999998,5.868575754678988,6.742083091791671,6.932196520936115,6.986759971548896,6.88302533419242
444,168,74760,4.977812767028809,7571.568334102631,98.41331464526075,9841.331464526076,12584.622451296618,625.8341666666664,2117.456820103876,2735.673338316874,2715.2137502295172,2189.2733965575167,3129.1708333333313,4.234913640207752,7.10339671426509,7.325893550215536,6.592770748512781,6.850261488175089
445,168,74928,5.051307916641235,7594.267623901367,104.68727084940951,10468.72708494095,12457.886838700375,504.32916666666614,1484.8305870927575,1244.0194952933848,1228.639906841431,1505.2576602879817,2521.6458333333303,2.9696611741855152,6.972633359911854,7.468133084612905,6.475455901836578,6.838384776476737
446,168,75096,5.063817739486694,7616.837702989578,96.75607806304018,9675.607806304019,11850.349311375609,564.5800000000002,1610.1615050715873,2393.413443772362,2373.257827567814,1840.1002958666131,2822.9000000000005,3.220323010143175,7.145408985887654,7.152935821021792,6.183282847565361,7.147508276943034
447,168,75264,5.180784463882446,7639.189845323563,94.5749963114034,9457.49963114034,11945.669838657905,607.9024999999997,1880.2677075175643,1858.5887842535042,1824.067128180298,1829.3626204397522,3039.512499999998,3.760535415035129,4.608639311654482,7.99201155263786,6.2537454130194225,7.372233945719382
448,168,75432,5.02618408203125,7661.545698165894,105.23168899685673,10523.168899685672,12497.43749829525,404.29833333333363,1569.9702652762435,1701.4474699225445,1685.130661386917,1872.723080121882,2021.491666666668,3.1399405305524866,2.2376809149499923,7.137856144980898,6.493505905430389,7.102691120612867
449,168,75600,5.053648471832275,7684.381523609161,106.52677048768317,10652.677048768317,12207.540234072972,429.3541666666666,1125.509018637991,1175.9325363083487,1161.7594085685369,1759.4751288311327,2146.770833333333,2.251018037275982,5.76064187817425,2.222780781663537,6.506263326853635,7.064182457320607
450,168,75768,4.9552695751190186,7707.022212028503,93.63972946957979,9363.97294695798,12256.921524185453,599.650833333333,2293.2977438941407,1608.0558196282568,1589.99597305457,1798.6607115481422,2998.254166666665,4.586595487788282,6.970630868508691,6.252360447298335,6.754137305509498,7.132501513028506
451,168,75936,5.0287511348724365,7729.818513393402,96.1785292672084,9617.85292672084,11394.858818986828,534.375,1242.6308922659887,1203.1339282689207,1186.3343210033008,1645.886896342558,2671.875,2.4852617845319775,5.425482756065058,6.227405167086635,6.416684107273181,7.159905111679715
452,168,76104,4.9859299659729,7752.561983346939,106.42573908059644,10642.573908059645,12327.052728856477,500.12750000000017,1184.3513207968338,1121.0401229315016,1106.6874052105245,1514.525923609975,2500.6375000000007,2.368702641593667,6.981775194594765,7.744554130659294,6.5563040310684695,7.219170911990762
453,168,76272,4.955474615097046,7775.313966989517,95.532991065296,9553.299106529601,12268.148454685363,441.05166666666594,2273.797681489097,1384.3733347648636,1368.0720292334154,1682.0798021627209,2205.2583333333296,4.547595362978194,7.5186252590036515,6.563274309784496,6.852427859350184,7.228019144817641
454,168,76440,4.911373615264893,7802.203457117081,106.33816250509835,10633.816250509837,12532.047542602872,431.56083333333277,1466.670458759704,940.970284104392,924.932915145957,1516.9079541152646,2157.804166666663,2.9333409175194083,6.682188546147086,7.525427870899264,6.659213207721798,7.358136674014017
455,168,76608,4.966111183166504,7829.820184469223,94.909096587516,9490.909658751601,11237.73449906011,513.6499999999993,1233.1748403085091,1356.895220707791,1339.3605728010027,1643.9953563097613,2568.2499999999964,2.4663496806170184,5.203712226209985,6.666247771380959,6.414089183579451,7.326632739439042
456,168,76776,5.149357795715332,7856.962978363037,89.66733512464018,8966.733512464018,11662.79947812898,855.7041666666664,1840.3617989982972,1112.897500235133,1092.8906909610473,1575.0639536070807,4278.520833333332,3.6807235979965944,5.601905906070641,2.5158889661887853,6.432105277896478,7.347497804967351
457,168,76944,4.973708391189575,7887.100133180618,102.49165947952986,10249.165947952986,12281.83600413267,555.534166666666,1477.1358895130184,906.3937510086586,890.8877243259283,1465.4086190425319,2777.67083333333,2.954271779026037,6.72419336348468,7.832826519918231,6.657351368778701,7.06566519315092
458,168,77112,5.0077431201934814,7923.665687799454,96.65227227485082,9665.227227485084,11808.71316795833,671.6150000000005,1471.8709404732474,794.427499656952,781.1209609535944,1445.2995717944364,3358.0750000000025,2.9437418809464955,5.810728887887463,6.1603117835568755,6.645995589992846,7.051419566118021
459,168,77280,5.1705474853515625,7950.606866121292,87.27924228528431,8727.924228528433,12094.86421886875,1236.1533333333332,2130.786657006984,1258.647471157665,1241.6129058251768,1368.4541184846485,6180.766666666666,4.261573314013969,6.380859034175163,7.006092057016532,6.7933083354586605,7.057912415021458
460,168,77448,5.176527738571167,7978.0535843372345,94.40432399560181,9440.43239956018,12295.606612755786,1004.5650000000004,1850.6092131956043,1176.4947218933048,1160.4306381298206,1362.8717174212743,5022.825000000001,3.7012184263912085,7.304279743788528,7.589986808939358,6.751727953936076,7.305496595441444
461,168,77616,5.139177560806274,8000.763437509537,91.55320561886933,9155.320561886932,12524.479399167236,979.5058333333328,2389.65300394697,658.9695750887201,646.2303131933915,1246.282591748026,4897.5291666666635,4.77930600789394,6.4073935740782675,7.489490689894621,6.966334949643025,7.0431473310276775
462,168,77784,5.0228352546691895,8023.7212381362915,98.24463740784435,9824.463740784435,12454.644397677468,564.8974999999999,2065.283156893037,756.8642257510039,743.0925060196004,1428.6294401339842,2824.4874999999993,4.130566313786074,8.090723738733265,6.979162751834088,6.953962218413868,7.1270397718278415
463,168,77952,5.045953750610352,8046.98486828804,89.90565533284845,8990.565533284847,12266.601175711734,979.5025000000004,2296.5331424268884,833.5457979061348,816.2289436753373,1288.3290688006073,4897.512500000003,4.593066284853776,7.0193205113202195,6.760064511704511,6.759977549920701,7.095960645845017
464,168,78120,5.096023797988892,8070.110639333725,82.06502496587404,8206.502496587405,11056.969431995703,929.3250000000006,1921.1419354082968,2559.9592954100976,2527.7905211184184,1947.7642574294978,4646.625000000002,3.8422838708165945,5.934250181474137,6.189763613335124,6.185391145441959,7.047766567777243
465,168,78288,5.158177852630615,8093.564170598984,95.64079156473548,9564.079156473548,11928.100949367923,979.8541666666665,1384.1676262277088,2615.5245322771466,2590.5263195989837,2016.8310723024294,4899.270833333332,2.7683352524554175,6.570934880695347,8.013811861434743,6.2217576181229965,7.265128874959632
466,168,78456,4.75160813331604,8116.774327516556,47.31219005249886,4731.219005249886,6467.6217744715395,639.7441666666658,1096.6586025549875,7687.959796506733,7620.2012852468,4472.8483556387855,3198.7208333333288,2.1933172051099747,5.284265582636168,7.807115119169961,5.1674911303284565,7.121048417535798
467,168,78624,5.005331993103027,8139.971411943436,89.95466001704948,8995.466001704946,12363.247341939355,561.8150000000003,2805.9663402344086,2204.804064826528,2163.720691569672,1849.7784246119222,2809.0750000000016,5.611932680468817,7.7735214299213276,7.751789117670055,6.487289529593546,7.212857488037464
468,168,78792,4.933866262435913,8163.270681858063,99.38809652274392,9938.80965227439,12133.022867060141,501.99250000000006,1692.2207147857487,1444.3664401429646,1424.7521937379038,1485.3867697524065,2509.9625,3.3844414295714973,7.77448271311808,7.146475029738844,6.668943546163772,7.229084912286637
469,168,78960,5.0183186531066895,8186.593711614609,105.10809962115042,10510.809962115041,12391.854671214664,519.778333333333,1361.2663757662904,1099.0935082117426,1083.6182706362786,1469.6375574075505,2598.8916666666646,2.722532751532581,6.782869385678386,6.839359694387543,6.523054485111663,6.8709217542567345
470,168,79128,4.944930791854858,8209.799347639084,104.77089793659889,10477.089793659889,12436.374864905578,331.83166666666705,1627.453404579024,1164.334197167273,1147.4092907447803,1399.1895263574377,1659.1583333333351,3.254906809158048,7.034480133264625,7.8144810843338215,6.681944752128702,7.1350136140355165
471,168,79296,4.9140625,8237.220166921616,107.19373649034145,10719.373649034145,12358.46593698148,362.1058333333331,1276.9864546140025,800.6769821808671,787.5530881472503,1566.5127935653045,1810.5291666666656,2.5539729092280052,6.698273600973067,6.44119490902156,6.633569123606223,7.156243556995743
472,168,79464,5.016992568969727,8264.623352527618,103.76530150634953,10376.530150634953,12426.54256931151,581.9524999999999,1468.0599186765564,1074.1675311282183,1059.7395670333594,1432.5510610222127,2909.762499999999,2.9361198373531128,6.933667255520323,6.953070415962548,6.621963976356947,7.049174250962861
473,168,79632,5.027517318725586,8294.15967130661,100.74692859796605,10074.692859796605,12316.853042873387,699.6141666666664,1542.5460164101164,1114.324104643546,1099.690664556041,1520.0925159313547,3498.070833333332,3.0850920328202327,6.974812528594708,7.818469135894008,6.620737886515389,6.9265825257143145
474,168,79800,5.051634073257446,8330.10015463829,101.83466032449036,10183.466032449036,12364.628126172083,757.7466666666666,1423.415427056379,1544.8333438070977,1528.3690880845465,1682.2719950881578,3788.733333333333,2.846830854112758,6.9712641147628505,7.721825580017043,6.51425277265374,6.876494081590652
475,168,79968,5.273545980453491,8364.010766506195,100.57718027886496,10057.718027886494,12424.435593583265,939.0458333333339,1427.6717323634346,1393.3955562360065,1374.5112813193236,1503.6197585248847,4695.229166666669,2.855343464726869,7.328348623861904,6.718741427907316,6.506343467874547,7.284320150775706
476,168,80136,4.961627006530762,8392.062219381332,103.42498757924596,10342.498757924597,12539.784889168548,487.8324999999995,1709.4536312439523,745.8629265320136,731.5669762932002,1391.462256609822,2439.1624999999976,3.418907262487905,6.854502441974358,7.166901809251932,6.748751725420949,7.205306842037674
477,168,80304,4.930192947387695,8421.254323244095,108.19045992494641,10819.04599249464,12606.021104637974,351.9699999999996,1435.0051121433337,911.5188840066434,895.9693714174537,1555.262176879983,1759.8499999999979,2.8700102242866676,6.81544557127475,6.70279035291742,6.6577339373831705,7.19963515519249
478,168,80472,4.970305681228638,8450.857333183289,112.22429614403578,11222.42961440358,12622.333448845027,278.69833333333327,1121.2055011081166,1162.0412454381785,1145.5943147508724,1729.9704068581748,1393.4916666666663,2.242411002216233,6.798422902226818,6.715359637289967,6.532865575634451,7.252693843118403
479,168,80640,5.044085502624512,8479.064606904984,99.35807129025987,9935.807129025987,12336.445768690584,804.551666666667,1596.0869729979308,1243.5961068537677,1223.3656818154373,1596.3966852008598,4022.758333333334,3.1921739459958625,6.903759957721488,5.812535822382059,6.508034279454979,6.878090372241739
480,168,80808,5.205474853515625,8511.466226816177,101.52355822563263,10152.355822563264,12381.378725623748,734.7191666666658,1494.3037363938179,1314.2509213136973,1296.6606682813422,1559.1475785379794,3673.595833333329,2.9886074727876357,6.821200033718984,6.7335349718484645,6.4276716823691205,6.644328140369094
481,168,80976,5.143327713012695,8547.370275735855,102.57291588758436,10257.291588758435,12408.644527682216,797.5241666666664,1353.8287722571133,1073.9871176072038,1059.4530692695284,1441.643687102005,3987.6208333333316,2.707657544514227,7.104493984232217,6.798723557457336,6.567985655254003,6.828221983927795
482,168,81144,5.1103291511535645,8579.162106990814,96.46086826794122,9646.086826794122,12631.930294796604,694.6416666666669,2291.2018013358165,816.4837571345823,801.5726184633488,1519.0726375581107,3473.208333333334,4.582403602671634,7.160699034720928,6.240852781636803,6.829603421755704,6.748265181569247
483,168,81312,5.059462070465088,8609.244925498962,101.66785013138218,10166.78501313822,12448.119241283595,550.6349999999998,1730.6992281453765,890.912214197331,874.4247539135425,1465.3503625679127,2753.1749999999984,3.461398456290753,6.96693393199174,6.466650716372317,6.644357459196488,6.750788787004041
484,168,81480,5.198347568511963,8639.254932880402,102.15078179967357,10215.078179967359,12564.238870923196,561.741666666667,1787.41902428917,1309.2039836301547,1292.696313255483,1616.551358350804,2808.7083333333344,3.57483804857834,7.245762999623069,6.327778567782526,6.595251580318264,6.753120361758541
485,168,81648,5.048022985458374,8670.253529787064,102.19223341315222,10219.22334131522,12451.09239278946,586.764166666667,1645.1048848075716,1246.5309048728002,1230.316887770101,1633.1880134936478,2933.820833333335,3.290209769615143,7.107001275024328,7.634303434185793,6.528977893605651,6.919681987642822
486,168,81816,4.933666467666626,8703.67876791954,105.38526194847393,10538.526194847393,12432.562965239822,504.6391666666668,1389.3976037257607,1272.6244384257552,1255.9692096320255,1572.8862121795773,2523.195833333334,2.778795207451522,6.831157208000373,6.484157095194574,6.504518438688468,6.907227858446198
487,168,81984,4.918152093887329,8739.5762860775,102.67311614520204,10267.311614520204,12216.985517118917,485.3091666666667,1464.3647359320453,929.8325308319922,916.9016591362811,1381.5844204288233,2426.5458333333336,2.928729471864091,7.014865035445702,6.998382822518614,6.667562867749382,6.968313050913986
488,168,82152,5.077987432479858,8770.859929561615,90.64345716315984,9064.345716315984,12112.574090235124,809.6374999999996,2238.590873919142,2018.4143093558362,1984.5229640096825,1774.4383393496487,4048.1874999999973,4.477181747838284,6.782177089859927,7.23485110646039,6.414211320771293,6.613893345431824
489,168,82320,5.089670181274414,8803.870413303375,96.10923524214056,9610.923524214055,12079.428287266877,714.7433333333335,1753.7614297194896,1460.4186486316316,1440.9005876409765,1579.238277351305,3573.7166666666676,3.507522859438979,7.912133596564324,6.812799004417151,6.41537297895833,6.571333068967084
490,168,82488,4.988135814666748,8835.012503385544,103.72315695571359,10372.31569557136,12570.609396152166,544.9083333333331,1653.3853672474722,1255.2027840262913,1237.5422485993554,1659.1923526236812,2724.541666666665,3.3067707344949446,6.926640516145668,7.420599170083644,6.489581806549601,6.728776684053163
491,168,82656,5.145414590835571,8865.029213905334,90.48994383970056,9048.994383970055,12513.411362703751,820.2749999999995,2644.1419787336954,1360.0739624606845,1334.2728216723845,1650.151212829745,4101.374999999997,5.2882839574673906,7.043219066356352,2.765945631009434,6.623063730260006,6.403884190860806
492,168,82824,4.995923757553101,8890.807158946991,97.30153383657444,9730.153383657442,12476.546436118362,605.8166666666665,2140.576385794254,881.1976752505997,861.941594081371,1423.6462322650934,3029.083333333333,4.281152771588507,6.851346274800259,6.42799830150044,6.604588009774427,6.455784353536798
493,168,82992,5.017847299575806,8915.32167840004,95.49122184840563,9549.122184840564,12555.268056147004,578.0449999999998,2428.100871306442,841.5870600522985,824.5276339162535,1506.4281888453988,2890.224999999999,4.8562017426128845,7.267527222217453,6.5967482900151095,6.778145957548182,6.515343553745564
494,168,83160,5.053847074508667,8939.600855827332,95.06328338980128,9506.328338980127,12682.790415131474,649.7858333333334,2526.676242818013,864.569531519676,850.9551119882104,1505.9411874788789,3248.929166666667,5.053352485636026,8.194578734885443,7.2219560997972625,6.877558406095396,6.778334027676971
495,168,83328,5.165530204772949,8964.12426352501,87.75091249385866,8775.091249385867,12379.613627192975,1218.9599999999998,2385.562377807107,638.2338728118992,623.8033462766124,1272.9819202479482,6094.799999999999,4.771124755614213,6.902252216818505,7.796147496375889,6.89232012156434,6.7755120885505296
496,168,83496,5.032392740249634,8988.664691448212,97.47337557410383,9747.337557410381,12473.475904975572,836.6491666666664,1889.4891808985233,700.986226542753,687.127749500537,1403.5381895172577,4183.2458333333325,3.778978361797047,7.288238261226397,7.368506040549581,6.813868125344366,6.919785373933262
497,168,83664,4.950475215911865,9013.379846572876,96.66555105346987,9666.555105346988,12510.58818955742,535.405833333333,2308.6272508771,713.3462350803591,698.6152280094766,1414.576029829811,2677.029166666665,4.6172545017542,7.358373767187545,6.954327813108273,6.890931148711262,6.899549974326874
498,168,83832,5.019683837890625,9037.846039295197,105.85519084818768,10585.519084818767,12508.55899278155,462.5249999999995,1460.5149079627827,776.8269892437268,763.3356063900546,1491.2278119287123,2312.6249999999977,2.921029815925565,6.88291185812176,6.747698775142526,6.686809821056523,6.921525503227615
499,168,84000,4.895024538040161,9062.243927717209,104.24140182897116,10424.140182897114,12603.866897955932,338.72749999999974,1840.9992150588157,927.2692404380149,913.4954488283192,1571.053201455229,1693.6374999999982,3.6819984301176314,7.132300308784078,6.520161028452036,6.740753404381498,6.641144416990743
500,168,84168,5.014567613601685,9087.265350818634,98.54689291990377,9854.689291990378,12388.854033225185,603.3899999999999,1930.7747412348065,1051.1640134752365,1035.7413019031262,1462.656726325542,3016.949999999999,3.8615494824696133,7.122127041325268,7.316079226034513,6.741426518590821,6.9597248170306
501,168,84336,4.928168058395386,9111.658370256424,96.23756670933346,9623.756670933348,12562.684053594145,477.09583333333296,2461.831549327465,757.3976925773396,743.8842317392434,1407.631832910622,2385.4791666666647,4.923663098654929,7.173839837582625,6.8332790228901175,6.969412391118353,6.7538707089267564
502,168,84504,5.044267892837524,9136.223917245865,100.84501419159741,10084.50141915974,12404.475887294684,722.2374999999993,1597.7369681349428,913.2122371234389,897.472328960808,1415.8469281663647,3611.187499999996,3.195473936269886,6.607507066235232,7.564393676528334,6.571392602413875,6.7526621568895875
503,168,84672,5.316942453384399,9161.316746473312,93.01589875528403,9301.589875528403,12658.96182089072,806.8116666666667,2550.560278695649,717.9218377037342,703.7270162148288,1443.4854590705158,4034.0583333333334,5.101120557391297,7.063462832896629,5.683520980437455,6.844513406989369,6.6104845724507735
504,168,84840,5.0071327686309814,9189.514194250107,98.77824929978377,9877.824929978377,12578.057203358872,624.5233333333338,2075.7089400471623,598.1122301429564,577.9964085813799,1404.6993497854487,3122.6166666666686,4.151417880094325,7.038930902616267,6.411050832043604,6.833859626801836,6.792078724585291
505,168,85008,5.007420778274536,9223.611059188843,98.50855069271358,9850.855069271358,12419.780668148556,630.2849999999996,1938.6405988771985,674.3609526426892,659.1607924136902,1446.1879618112027,3151.4249999999975,3.8772811977543973,6.865421217001393,6.874938733120392,6.729037994674895,6.636549544577907
506,168,85176,4.975023984909058,9251.763820409775,107.31663961908642,10731.663961908642,12501.570786178432,694.2566666666669,1075.6501576031253,896.9173650552098,882.6600836140785,1475.7413984155924,3471.2833333333338,2.1513003152062513,6.669649671550161,6.496819432915202,6.549222763960559,6.925045680649302
507,168,85344,4.986214637756348,9283.305919885635,101.3156578464657,10131.56578464657,12511.251581163842,742.110833333333,1637.574963183941,755.7679924878253,742.5418366168318,1387.7495287042755,3710.554166666665,3.275149926367882,7.073254182151404,6.735687923594727,6.728035740607324,6.825196984329278
508,168,85512,5.13664698600769,9320.129762172699,96.39928857826004,9639.928857826002,12525.69484590839,1134.4266666666679,1751.339321415719,715.1340570719736,701.4870425610304,1400.690883375763,5672.133333333339,3.502678642831438,7.28293495847155,6.517316796810455,6.661521055078678,6.77192206170288
509,168,85680,4.876027822494507,9351.841523885727,113.12781744077643,11312.781744077642,12608.544986723557,302.23499999999996,993.5282426459138,1055.0098090631632,1038.6595076426029,1668.6901968063714,1511.1749999999997,1.9870564852918275,6.388488298368776,6.626582335198027,6.6003606070280565,7.037743948239564
510,168,85848,4.929314136505127,9389.12347459793,98.27037729936198,9827.037729936197,12645.650473212183,453.3549999999993,2365.257743275987,1150.4134365648504,1130.9617122543766,1686.2471077561972,2266.7749999999965,4.730515486551975,6.734681510749936,6.170851567456141,6.745676387682236,6.982591802844173
511,168,86016,4.941083669662476,9425.062005519867,104.10191036046368,10410.19103604637,12715.466789718112,398.1483333333331,1907.1274203384096,742.5903922280572,716.4618700584415,1552.221763070726,1990.7416666666652,3.814254840676819,7.210200700834968,6.513106536982667,6.731330447888281,7.2003650798708225
512,168,86184,4.9139392375946045,9453.41891503334,104.06055242671653,10406.055242671653,12339.070917566021,512.5575000000003,1420.4581748943692,1053.6569216346631,1036.7439956171402,1327.6879147219606,2562.7875000000013,2.840916349788739,7.448870251570873,7.577077628933931,6.627522272212078,7.218146596952555
513,168,86352,4.944188833236694,9483.56780743599,102.3091139029826,10230.91139029826,12251.312139408066,470.45749999999975,1549.943249109805,982.2775935854389,968.0499868421913,1563.0582648952563,2352.287499999999,3.09988649821961,3.7074756529672,6.446322847486114,6.654255577915977,6.993229623356618
514,168,86520,5.029155731201172,9516.682122707367,103.73120668894092,10373.12066889409,11999.719070466957,410.65916666666647,1215.9392349061986,999.9868248374304,984.9833012601559,1516.657015276978,2053.2958333333327,2.4318784698123976,7.666037750310042,6.978284266981242,6.563761750037919,7.168265160411819
515,168,86688,4.890100479125977,9546.882082223892,111.92462045610411,11192.46204561041,12451.729184553775,337.7816666666664,921.4854722766989,1012.6466308351473,996.6168996935232,1564.5015341051833,1688.908333333332,1.842970944553398,6.273845117544343,6.863653162869328,6.539505284275319,7.247391545800313
516,168,86856,4.920880556106567,9575.676468849182,108.20289774634432,10820.289774634432,12413.665128828934,385.4308333333337,1207.9445208611685,839.285084478271,823.2119404117136,1329.5788776922614,1927.154166666668,2.415889041722337,6.640743574926516,7.856914698995622,6.563089184731008,7.332293656804882
517,168,87024,5.005866765975952,9604.248453617096,100.9343201055965,10093.432010559649,12197.45311791713,427.1041666666667,1676.9169406908145,788.6537690708815,769.781465034039,1292.2057538000943,2135.520833333333,3.3538338813816293,4.70412777108368,8.05374819759989,6.6942379949345145,7.5804397123742975
518,168,87192,4.916351795196533,9633.99231505394,108.91035025098564,10891.035025098565,12654.523010730492,326.6349999999998,1436.8529856319274,709.4067240875889,693.3514686594555,1626.3820756896762,1633.1749999999993,2.8737059712638544,6.788336044912315,6.636667733302986,6.749960752780732,7.152415476931436
519,168,87360,4.864211320877075,9665.406288385391,103.58907349279531,10358.907349279532,12434.536482309924,338.58999999999975,1737.039133030393,575.6383526464217,562.5708171307267,1387.0919940093145,1692.9499999999987,3.4740782660607867,6.70451094763843,7.5244565843803395,6.8626899295327615,7.180666444320515
520,168,87528,4.918595790863037,9695.287257194519,100.89169126781957,10089.169126781957,12549.119999817482,520.0849999999994,1939.8658730355241,652.7072048140872,639.236317335805,1445.272346145605,2600.4249999999965,3.8797317460710485,6.957005765315887,6.751989635047653,6.915844599106515,7.180565205650293
521,168,87696,4.975589036941528,9725.193784475327,99.19017906564198,9919.017906564197,12496.759519977386,630.023333333332,1947.7182800798562,693.2239315004665,676.8531526907377,1446.56815910016,3150.1166666666595,3.8954365601597125,5.834950384035105,7.677051453660705,6.787038215166184,7.190911058967511
522,168,87864,4.929766416549683,9757.05833029747,103.51658938823637,10351.658938823637,12594.96989668123,440.51666666666625,1802.794291190927,718.0876951351006,698.0738369717478,1533.6589703548786,2202.583333333331,3.6055885823818543,7.14112306332168,6.320608093028016,6.769067061504547,6.975785754595451
523,168,88032,4.970897436141968,9786.882554292679,106.91320370290725,10691.320370290725,12649.77683531558,419.24916666666684,1539.2072983581877,990.5032176185808,975.6078374824158,1631.6043775631906,2096.245833333334,3.0784145967163754,7.239179868713493,7.56438080933509,6.669892073490124,6.882699715310017
524,168,88200,5.076265096664429,9822.895581483841,105.79769357232385,10579.769357232384,12497.250259815813,563.8425,1353.6384025834288,1315.6208947217956,1300.5094107481696,1644.0391671277282,2819.2124999999996,2.707276805166858,6.8750489691404955,6.2983558540918,6.558370973772446,7.051924933859272
525,168,88368,5.05308985710144,9862.780535936356,96.26381262730735,9626.381262730736,12053.915779432718,641.784166666667,1785.7503500353166,2086.9985056045907,2057.93403277179,1940.3904208697418,3208.9208333333345,3.5715007000706334,5.904991227566132,7.251672438301144,6.447985112770955,7.3122771104941515
526,168,88536,5.178218364715576,9894.435517072678,103.16776051777012,10316.776051777013,12448.591776004027,645.7483333333338,1486.0673908936815,1760.8679508511295,1735.5455878417833,1810.9553119072655,3228.7416666666686,2.972134781787363,6.8555516186996295,7.930953523696265,6.413445373311989,7.343619582987902
527,168,88704,4.937505483627319,9928.660772323608,99.94757502372302,9994.757502372302,11707.618802102896,597.0591666666667,1115.8021330639253,3138.5361737912845,3113.5467165833234,2405.3014628619735,2985.295833333333,2.231604266127851,4.567206827614179,6.263990840469243,6.018837187982099,7.134343829646785
528,168,88872,4.903623342514038,9957.429463148117,89.68339426584382,8968.339426584382,11601.94495845821,563.1008333333327,2070.504698540496,2369.993692072492,2327.6029372695216,2130.3194600128963,2815.504166666664,4.141009397080992,7.276531682583749,6.596162952064431,6.031011666146094,7.313484179104734
529,168,89040,4.922847270965576,9986.476443529129,89.10448237750161,8910.44823775016,11080.162460511605,496.1866666666667,1673.5275560947791,5572.893735956062,5522.909471409186,3703.9016999128194,2480.9333333333334,3.347055112189559,7.686640254478616,5.944302156850786,5.812972378835697,7.143287830699352
530,168,89208,4.9198620319366455,10022.539813756943,106.80361028739621,10680.361028739622,12397.762897292223,440.5075000000003,1276.8943685526021,1296.9206973336152,1282.0296413912674,1625.369298143849,2202.5375000000013,2.5537887371052044,6.84226340807969,6.301413080862233,6.500908246773973,6.703640710015582
531,168,89376,5.050777196884155,10051.78197836876,106.70070893853034,10670.070893853033,12370.768010124415,437.26083333333315,1263.4362829380461,1528.188024525034,1511.2688307499716,1553.3848121896058,2186.304166666666,2.5268725658760927,6.609133296869905,6.894778321058621,6.41485768580606,6.9421264507092175
532,168,89544,5.060296058654785,10081.150586605072,100.79554128084338,10079.554128084339,12066.61300331308,586.7416666666666,1400.317208562077,1864.6024773903744,1846.4497046576357,1624.9975814699424,2933.708333333332,2.800634417124154,6.504160419264533,7.947364130362502,6.5579884031060995,7.0846368400039035
533,168,89712,4.961917877197266,10110.708071231842,103.35150791780214,10335.150791780216,12450.663693032582,509.8074999999998,1605.705401252368,2982.4164628885424,2955.9125967635355,2235.4325139429484,2549.037499999999,3.211410802504736,6.817469728086195,7.206875923870203,6.22723046369591,6.743662534543683
534,168,89880,4.9970786571502686,10139.284875154495,98.27363862367159,9827.363862367158,12201.677030376779,655.1258333333335,1719.1873346762877,2280.749250693888,2256.8397804733836,1831.5155842271806,3275.629166666667,3.4383746693525756,7.016054413022962,6.127418977790468,6.2333450195447275,6.687284321293961
535,168,90048,5.029136419296265,10168.254900932312,103.77525762599662,10377.525762599662,12320.756889820914,606.4191666666663,1336.8119605545855,1909.323356918769,1891.1816149402894,1708.1809081351514,3032.0958333333315,2.6736239211091712,6.385551549140153,6.569776459259366,6.484041823156676,6.833059679400513
536,168,90216,5.02856707572937,10203.015943288803,103.84391017458245,10384.391017458245,12138.012101566459,508.2774999999996,1245.3435841082144,1285.14089864724,1269.4185123769348,1460.355557958082,2541.387499999997,2.4906871682164287,6.855769678171685,8.268684298007239,6.56650218885418,7.121797196110541
537,168,90384,5.693521022796631,10248.59541797638,106.12720330586208,10612.720330586208,12367.91164244174,499.0558333333336,1256.135478522198,1083.314034458685,1066.4542889524344,1375.7080442670367,2495.2791666666676,2.5122709570443957,6.533845518162497,7.4510084016879965,6.538852535395061,7.247613385294934
538,168,90552,5.286262512207031,10278.384006023407,108.9240416243837,10892.404162438372,12360.213268772059,329.7341666666669,1138.0749396670221,1848.4109231612856,1829.4933685472656,1719.202359840291,1648.6708333333345,2.276149879334044,6.84998589936183,7.201417428736166,6.454765894878785,7.201125142728826
539,168,90720,5.105896234512329,10304.832321166992,104.84435583368753,10484.435583368751,12497.700650432014,387.1624999999999,1626.1025670632616,2390.1849641916233,2370.3414888417537,1973.0042803097213,1935.8124999999993,3.2522051341265232,6.965564151267491,7.425664784140784,6.49282672274883,7.063354537204253
540,168,90888,5.099625825881958,10331.508172273636,108.4769624021423,10847.69624021423,12378.077842722621,462.4741666666662,1067.9074358417224,1706.8813736792713,1691.012590113126,1723.1441057697994,2312.3708333333307,2.1358148716834444,6.938053740904629,6.76705745307749,6.463922658664248,7.0850113255750875
541,168,91056,5.006320238113403,10357.45901799202,108.71500003794964,10871.500003794965,12398.666576833068,412.8475000000001,1114.3190730381036,2268.133306157244,2249.28669907744,1897.3992726961749,2064.2375,2.2286381460762072,6.611918148406052,6.881555024524587,6.331391977966299,7.025917351779901
542,168,91224,4.998496055603027,10383.650024175644,107.05176525253002,10705.176525253002,12137.2936644986,386.2283333333335,1045.888805912266,1593.052020284533,1577.0375850998203,1719.5183532481083,1931.1416666666678,2.091777611824532,5.616985543008359,7.417549736313432,6.3862250185261935,6.838576085044554
543,168,91392,5.1162354946136475,10409.833852767944,100.20309352906241,10020.309352906243,11864.934849388668,586.2833333333338,1258.3421631490942,1595.7995549710927,1579.5466479245883,1715.4377036816747,2931.416666666669,2.516684326298188,7.172938867871438,5.957026893406532,6.437149835193747,6.856649838714475
544,168,91560,5.066800355911255,10436.168320894241,107.7519341179139,10775.193411791392,12407.156893958818,515.4858333333335,1116.4776488340945,1439.744383186509,1423.0286992453075,1666.5287784406166,2577.4291666666672,2.2329552976681892,6.934095098627697,6.295680242147354,6.42637686802823,6.901707804464541
545,168,91728,5.05072021484375,10464.591488599777,96.1955272989613,9619.55272989613,12535.792983422543,679.3133333333337,2236.926920193079,944.3320312980795,926.6504011881456,1481.7618475038764,3396.566666666668,4.473853840386158,6.83077793590555,5.301135983237391,6.72365920116648,6.603776057251115
546,168,91896,5.040296316146851,10490.495622873306,100.18521057238664,10018.521057238664,12526.799384566275,567.6516666666671,1940.6266606609452,801.0225834387438,785.9016326360604,1467.7548431835976,2838.258333333335,3.8812533213218896,7.0658938468543795,6.47106058276166,6.686331673059749,6.683203534113264
547,168,92064,5.149472951889038,10516.854468107224,96.56978508274088,9656.978508274087,12317.492146336705,765.7183333333326,1894.7953047292838,913.6820770782489,897.0005116166184,1496.7219488471183,3828.5916666666626,3.7895906094585676,6.48269831989891,6.035054798018783,6.580583357260077,6.603654271451388
548,168,92232,5.083096504211426,10543.635454416275,99.50754690769081,9950.754690769081,12058.292868150238,587.6158333333335,1519.9223440478243,1575.225878041048,1549.3645210788077,1688.5506318398495,2938.079166666668,3.0398446880956485,6.21155344973525,6.158076698035846,6.474562239890067,6.811346755551809
549,168,92400,5.041009426116943,10569.967138767242,105.61633183646434,10561.633183646434,12400.079969616878,494.0041666666664,1344.442619303778,1539.6324503892688,1519.680892509005,1647.1402521007058,2470.020833333331,2.688885238607556,6.811494396241723,7.286721651223227,6.502033883233783,6.824807930234662
550,168,92568,5.082275629043579,10608.27839756012,98.29136713376008,9829.136713376007,12473.09784180954,718.2933333333333,1925.6677951002002,1051.4728149846069,1032.749310794978,1492.2408722992163,3591.4666666666653,3.8513355902004007,6.849401012161284,6.822399840799522,6.5551967563614,6.579751385451134
551,168,92736,5.05882716178894,10638.451187372208,95.74007116171222,9574.007116171224,12512.740001208354,635.9491666666663,2302.7837183704655,730.5722968469692,715.0019449634672,1375.6833827024789,3179.7458333333316,4.605567436740931,6.60099714519964,6.46043807159259,6.784838050484408,6.531081823671144
552,168,92904,4.988194227218628,10669.119569778442,92.55175796636658,9255.175796636657,12480.698127210844,775.7691666666665,2449.7531639075196,701.6670731916786,685.4840339781877,1382.187623113863,3878.845833333332,4.899506327815038,7.086124349089909,6.227364297896196,6.7551532102748615,6.449270676703726
553,168,93072,5.0544373989105225,10699.477778434753,92.46460170564518,9246.460170564516,12156.420034417388,854.7341666666673,2055.2256971862053,1004.6001197770702,981.6332135983577,1408.951048630704,4273.670833333335,4.11045139437241,6.80326257849982,6.1861624998179945,6.626321383723185,6.820147333070354
554,168,93240,4.923976182937622,10729.81194615364,108.25359905182516,10825.359905182515,12664.054031434523,405.97083333333325,1432.7232929186735,1161.2847771200413,1146.3607299500286,1727.9265777628939,2029.854166666666,2.865446585837347,7.011807062613074,7.17091422903043,6.546965759348469,6.93722205356107
555,168,93408,4.961940765380859,10760.066905021667,101.61446621164843,10161.446621164843,12486.95844865264,450.7933333333333,1874.7184941544642,1270.9248835868589,1255.098174457688,1629.3292080899482,2253.9666666666662,3.7494369883089282,6.955105881002062,6.780248407587478,6.711006592436252,6.989923487287957
556,168,93576,5.061670780181885,10793.399601221085,106.89728015436337,10689.728015436336,12518.746168758378,527.6841666666664,1301.3339866553742,993.8008193522772,979.0939978873517,1570.045271133984,2638.4208333333318,2.6026679733107487,7.0958782832457,7.535315564254656,6.608343302711898,6.912758353145212
557,168,93744,5.1260764598846436,10836.217775344849,104.92124038803072,10492.124038803075,12302.33626225106,580.9533333333335,1229.258890114652,2410.358481001199,2388.673517522912,1863.0153060542953,2904.7666666666673,2.458517780229304,6.620428322484025,6.892354065026039,6.33408619934229,6.99667862911444
558,168,93912,5.052576780319214,10875.891805887222,104.3762238036283,10437.62238036283,12402.043349598222,631.2650000000006,1333.1559692353912,1436.0751916349293,1421.0879118859295,1567.6622368848687,3156.3250000000016,2.6663119384707827,7.118686180858511,6.747198368989592,6.48567302396567,7.129286978987004
559,168,94080,5.035473108291626,10915.553782224655,101.74669550180444,10174.669550180444,12371.510630315453,636.7724999999994,1560.0685801350105,1342.5904555662637,1324.5575387872625,1679.8565192704095,3183.8624999999965,3.120137160270021,7.587514019164638,6.738371327750684,6.499413763805778,7.012217770230806
560,168,94248,4.96742582321167,10951.329070568085,104.324964112895,10432.4964112895,12404.797069130624,431.40000000000003,1540.9006578411254,875.6604405408486,861.406857116649,1361.7873176135274,2157.0,3.0818013156822506,7.025255730560256,6.994976396227854,6.629278007823271,7.149103281152742
561,168,94416,4.9788007736206055,10993.611793279648,105.3405578425978,10534.055784259781,12638.537480162358,464.14916666666653,1640.3325292359125,1667.1140280948148,1650.4529353529053,1784.1097861351827,2320.7458333333325,3.2806650584718255,6.941315017471158,7.254982645770841,6.597588636888356,6.933095673614658
562,168,94584,5.005135536193848,11031.229669094086,107.18369276462462,10718.369276462465,12476.702370923758,535.9733333333334,1222.359761127963,1283.9082932426495,1268.7692875741348,1552.8345955454236,2679.8666666666663,2.444719522255926,7.485618901076113,6.725667998223196,6.501609883920672,6.908056360828268
563,168,94752,4.900472640991211,11065.84619641304,104.97166201710344,10497.166201710344,12441.608349251612,493.28750000000025,1451.154647541269,673.0513119864759,661.1066356207959,1389.2740759253113,2466.437500000001,2.902309295082538,7.0618606425355175,6.557759919800793,6.739970824943834,6.851885449899046
564,168,94920,4.995076417922974,11107.895746469498,99.5262604399485,9952.626043994851,12399.85383898229,579.5474999999999,1867.6802949874395,752.3033972615503,736.6366696709719,1357.4666313860434,2897.7374999999993,3.735360589974879,7.1919629685273545,7.024886529517648,6.802469983802607,7.135791045493776
565,168,95088,4.967197418212891,11142.235856056213,101.18554338261198,10118.554338261198,12187.690567296935,577.6233333333327,1491.5128957024026,960.4681970444242,946.0699907615801,1354.750368039191,2888.116666666663,2.983025791404805,6.436802733364328,6.76770369676053,6.694525188778982,6.966392332778169
566,168,95256,5.049889087677002,11176.461039066315,97.10732217993429,9710.732217993429,12441.700423641865,551.7858333333331,2179.1823723151024,2545.2357215034517,2521.891115922742,1993.5337659047495,2758.929166666665,4.3583647446302045,7.426716541187611,6.908569312899746,6.656812919972556,6.8731234625418605
567,168,95424,5.007650136947632,11211.487631320953,106.73355588044629,10673.35558804463,12709.765923905628,394.3233333333329,1642.0870025276654,1308.4440807321384,1291.8321136567838,1744.5657240429573,1971.6166666666645,3.284174005055331,7.354759264116343,6.189377889575341,6.5595956177318495,6.682461443172
568,168,95592,5.024601459503174,11247.097192525864,97.267411878926,9726.741187892601,12266.574764506422,466.4799999999998,2073.353576613822,1763.6697954751248,1746.88684252956,1711.0402213804346,2332.3999999999987,4.146707153227643,7.601192891177687,6.594046416792345,6.619363921064282,6.973686933532049
569,168,95760,4.984379768371582,11280.610127687454,90.89027118615843,9089.027118615842,12351.577132292034,619.6524999999998,2642.89751367619,1041.7411115276245,1027.3898007410533,1439.1858598864708,3098.262499999999,5.28579502735238,7.077688911719226,6.660631375249052,6.882384892218961,6.967258531503476
570,168,95928,4.994626045227051,11311.883817911148,106.8106838927442,10681.068389274418,12557.10666275555,465.2874999999996,1410.7507734811313,1089.443205424303,1074.100973049028,1663.8712162102076,2326.437499999998,2.8215015469622626,7.056716567570698,7.107154217291281,6.599611571224027,6.9721263401525615
571,168,96096,4.996092319488525,11347.021131277084,102.53535493348366,10253.535493348365,12603.728609376341,610.2549999999999,1739.938116027975,1083.313208545234,1067.7557039769367,1598.814852675987,3051.274999999999,3.47987623205595,7.086704932305148,6.593619070420122,6.595648592837141,6.868529735072668
572,168,96264,5.124327182769775,11382.159772157669,100.08397009567537,10008.397009567538,12485.304851493496,821.6725000000004,1655.2353419259582,1259.805027179662,1243.301095723512,1555.8158111362295,4108.362500000001,3.3104706838519165,7.026465820785832,7.53815248857845,6.605109362400518,6.921149347056574
573,168,96432,5.085143327713013,11417.017009973526,104.05219209105135,10405.219209105135,12520.593672913785,643.715,1471.6594638086508,1409.246272664007,1392.2425250695464,1710.095064458332,3218.575,2.9433189276173017,7.216583243761056,6.43324845013465,6.515676396463649,7.02718957793222
574,168,96600,5.020303964614868,11447.778813362122,105.5051226538686,10550.51226538686,12564.815134822094,537.0008333333338,1477.302036101902,1333.0036574907913,1317.5440073166553,1698.155603169882,2685.0041666666693,2.954604072203804,6.74415840208445,7.034485515766626,6.476039105842577,6.863173040895556
575,168,96768,5.072814226150513,11477.234623908997,101.90354824930148,10190.354824930146,12466.660058194413,563.8508333333343,1712.4543999309312,1631.3502418994249,1613.0249094869614,1725.3128806143684,2819.2541666666716,3.424908799861863,7.056162143049415,6.790013408474004,6.408578814585119,6.681933191184008
576,168,96936,5.044256925582886,11512.354159355164,106.44998880604791,10644.998880604791,12521.926424970447,673.0625000000002,1203.8650443656566,1149.6668175373973,1133.9164717249394,1555.652963285712,3365.3125000000014,2.407730088731313,7.4207497200950066,6.447916543610527,6.485247426396094,7.1472485605712155
577,168,97104,4.951321125030518,11545.680990695953,106.90359966764511,10690.35996676451,12486.946808448938,469.11333333333295,1327.4735083510955,2039.2923184427414,2020.5545020548084,1998.7147197123063,2345.566666666665,2.6549470167021916,7.348481834367653,6.250822835117261,6.398345814883074,6.875245763066221
578,168,97272,4.998511791229248,11578.446593761444,103.39951095452417,10339.951095452418,12500.68116954547,507.6008333333333,1653.1292407597184,1428.135450672105,1410.0988761682104,1649.488233593183,2538.0041666666666,3.3062584815194365,6.887846374895481,6.3321723574011415,6.483812098189963,6.713673109596989
579,168,97440,4.958963871002197,11610.201435565948,103.35228863207149,10335.228863207149,12358.938275283024,387.1158333333333,1636.5935787425453,1570.5701484942206,1552.1730746925598,1771.0073629956312,1935.579166666666,3.2731871574850904,7.01341684520441,7.014993682737665,6.408920962807816,7.012834054856731
580,168,97608,4.966181993484497,11645.566598653793,100.94604682255282,10094.604682255282,12551.444586322119,536.5825000000004,1920.257404066837,1573.4310489247323,1550.7732616632993,1799.8789910280057,2682.912500000002,3.8405148081336744,7.074188589134928,4.969780628477487,6.43124809261259,6.729000444265309
581,168,97776,5.017095565795898,11678.879667282104,103.01347551227678,10301.34755122768,12540.059841394075,418.86000000000035,1819.8522901663969,2062.453724966764,2045.6566724100394,1856.5346461844438,2094.3000000000015,3.6397045803327934,6.588491060064606,6.838969518443441,6.546174926408895,6.743154581207485
582,168,97944,5.080155849456787,11706.352171182632,103.3870732147702,10338.70732147702,12315.376003442248,429.6841666666668,1546.9845152985622,1488.4218052935403,1469.3969174445388,1486.5561985794998,2148.4208333333336,3.0939690305971244,7.3575152679423885,7.047550690544593,6.455062456304278,6.83007309281222
583,168,98112,4.972524404525757,11734.40667104721,103.65216967366798,10365.216967366798,12508.672451755947,518.514166666666,1624.9413177224822,1041.4448017520237,1024.8233835166743,1459.295730864191,2592.5708333333296,3.2498826354449637,7.115338190336274,6.913588720065538,6.575431539649098,6.747336100493326
584,168,98280,5.019990921020508,11768.106105327606,94.86895021338357,9486.895021338356,12361.956776175983,624.2191666666666,2250.84258817096,907.0235582297018,892.5630758166761,1412.35041952962,3121.095833333333,4.501685176341921,7.586376367644492,7.61077713821683,6.840947148863682,6.859064782134758
585,168,98448,5.02593207359314,11804.10362315178,101.10081596598556,10110.081596598557,12454.904957893421,615.4033333333336,1729.42002796153,1395.302307694581,1374.1190137952271,1642.3865020206363,3077.0166666666673,3.4588400559230594,6.988418263640069,7.497942563977933,6.558033258339394,6.690744468609067
586,168,98616,5.051842927932739,11841.35291814804,100.90573573163167,10090.573573163165,12492.373627835314,603.6516666666662,1798.148388005482,1038.2161803383042,1014.2897929908077,1495.5504929978456,3018.258333333331,3.5962967760109636,7.209498964044155,6.606445028421243,6.630622706412853,6.944086166681822
587,168,98784,5.026822805404663,11874.573934316635,105.6565823822981,10565.65823822981,12439.787825299267,367.08333333333337,1507.0462537361254,687.1174335172698,673.8843974300848,1395.397786642503,1835.416666666667,3.0140925074722507,6.731282431359458,7.494855712349377,6.740957750804027,6.991924358716607
588,168,98952,5.069817543029785,11907.004494428635,79.61387181332618,7961.387181332618,12342.654315479303,494.6941666666666,3886.5729674800186,1417.0489181745372,1402.1169326537624,1701.7822339618792,2473.4708333333333,7.773145934960038,5.986728327728645,6.624186612397632,7.371170533151686,6.877956940566183
589,168,99120,5.067978858947754,11943.30611872673,88.36540566194327,8836.540566194326,12674.216045828405,654.2124999999996,3183.4629796340796,991.3427397032486,975.8645443726715,1562.1843004028333,3271.062499999998,6.36692595926816,7.502081345287044,7.386350581847594,7.1916373567757645,7.062084573655699
590,168,99288,5.097326278686523,11979.875636816025,34.86980995467276,3486.980995467277,11554.15612505455,823.1091666666662,7244.065962920606,2474.653574677773,2449.763425587959,2048.2403159128953,4115.54583333333,14.48813192584121,7.880822040981641,6.786106203467114,8.21789299682683,6.665391211552384
591,168,99456,5.083177089691162,12008.19408249855,94.86562544785703,9486.562544785702,12640.328102826435,657.5991666666674,2496.166391374066,774.0788953450041,759.739746603805,1451.4643080756753,3287.995833333337,4.992332782748131,7.317530295892121,7.73842857648553,6.939192632687431,6.794737301829092
592,168,99624,4.981367111206055,12036.17028594017,106.79952107179552,10679.952107179553,12545.3963683255,592.9225000000001,1272.5217611459475,934.8083334482587,920.337784762489,1518.746701429844,2964.6125,2.545043522291895,6.928862684165586,7.555354468535783,6.581506857545277,6.970621247158513
593,168,99792,4.978606700897217,12068.272510290146,105.03625060632271,10503.625060632272,12420.948420657158,528.7749999999999,1388.5483600248867,1114.0795991418438,1098.1539584241873,1547.453181339494,2643.874999999999,2.7770967200497734,6.7502626979613005,7.8223203731198545,6.613244076815446,7.09998746340861
594,168,99960,5.006380558013916,12096.169646024704,102.36306697387582,10236.306697387581,12055.044812226033,461.5391666666663,1357.1989481717853,865.3118461236052,849.5203553467087,1351.4883058947976,2307.6958333333314,2.714397896343571,5.74513667698962,8.113613685287028,6.599737508634537,7.19350494819462
595,168,100128,5.019081354141235,12128.43099141121,87.90823985635983,8790.823985635983,11467.48464003779,905.4225,1771.2381544018085,2016.9405904958642,1994.4467107537894,1771.6348012796075,4527.112499999999,3.542476308803617,7.092138329643881,6.324057007084831,6.44964585891551,7.034487282678142
596,168,100296,5.088639259338379,12161.95097565651,98.14422253798537,9814.422253798539,12003.17225665061,944.6791666666672,1244.0708361854056,1381.604237422459,1365.4490109852131,1532.7615939310258,4723.395833333336,2.488141672370811,7.040992726410785,8.069551023370959,6.322632080509049,6.944716263689169
597,168,100464,5.089303016662598,12190.017090797424,106.97384268258952,10697.384268258953,12352.224322059754,598.021666666667,1056.8183871341334,1179.156927674394,1164.1214996829776,1467.2373821292426,2990.1083333333345,2.113636774268267,6.846233269992244,7.04672240109424,6.516358232475511,7.021199421874322
598,168,100632,4.969588279724121,12218.151655435562,106.8634107181326,10686.341071813262,12502.345216787653,526.005,1289.999144974392,880.3406226876476,865.6313627099471,1486.587584707112,2630.025,2.579998289948784,7.4168797026318405,6.441391851758623,6.573144236472672,6.814462456924026
599,168,100800,5.016734600067139,12246.311547279358,104.3051312247984,10430.513122479839,12442.306267495387,751.5074999999997,1260.2856450155462,1380.9816437998313,1360.491850112127,1653.1841440159142,3757.5374999999985,2.5205712900310924,6.633445405559371,6.40552567522467,6.3941447150538995,7.059837334828374
600,168,100968,4.998247861862183,12274.58568739891,109.26898787148235,10926.898787148237,12532.177479115506,575.0783333333331,1030.200358633936,1367.0020988563135,1349.8150040219307,1633.6995886213363,2875.3916666666655,2.060400717267872,6.884735297485202,7.301130062164551,6.410493386091536,7.035564137142925
601,168,101136,4.988793134689331,12314.875388860703,103.30724603585624,10330.724603585622,12660.926953876275,531.4449999999996,1798.7573502906503,867.4639988827741,854.06476755629,1567.0019700749572,2657.2249999999976,3.5975147005813004,7.537860632471455,6.56153829229946,6.748211963535014,6.948169997445859
602,168,101304,4.957134008407593,12348.798500537872,99.51658864607018,9951.658864607018,12483.924388201463,769.1791666666664,1763.08635692778,592.5498593849363,577.6156651302588,1322.6744704089092,3845.895833333332,3.5261727138555594,6.7702481064387685,7.734158972419505,6.821759588802645,7.09785647122704
603,168,101472,4.954869747161865,12389.62129187584,106.79364398921626,10679.364398921625,12676.434360635543,508.8283333333329,1488.2416283805824,665.9483165930974,652.0959987847425,1524.3766934540256,2544.141666666664,2.976483256761165,6.823441504762426,6.022939063770203,6.753189569424489,7.071583581619448
604,168,101640,4.8541858196258545,12426.440400123596,110.64159095352522,11064.159095352523,12637.46167183546,337.4208333333333,1235.8817431496034,667.2950281795135,654.516172642956,1525.41716573732,1687.1041666666663,2.471763486299207,6.6281315127462355,6.501981784765459,6.674192144130424,6.8982703802695395
605,168,101808,4.978793621063232,12462.896209716797,106.6026072718903,10660.26072718903,12536.822232636938,298.01000000000005,1578.5515054479079,699.0245771459116,683.932680101841,1398.115514530349,1490.0500000000002,3.157103010895815,7.196502785502538,6.941959260263612,6.716084078850434,7.271550399668429
606,168,101976,4.93004584312439,12508.14699459076,101.26873804711843,10126.873804711842,12386.057722606132,400.3766666666662,1858.8072512276242,859.849023489051,841.3552307740438,1261.9293574788312,2001.883333333331,3.7176145024552487,7.353533397399792,8.172414734636005,6.680880057092356,7.522417129927
607,168,102144,4.893115997314453,12542.568047523499,94.10124513592123,9410.124513592124,12480.44687213876,618.9933333333333,2451.3290252133033,589.5018327886718,573.475424802863,1444.4062995474515,3094.966666666666,4.9026580504266075,7.960496564730809,6.689534167688601,6.871591849479506,6.635034776123792
608,168,102312,4.924330949783325,12585.458164691925,98.39371876988972,9839.371876988971,12615.275514196645,588.9308333333338,2186.9728038743388,660.6869059882432,645.6326183482589,1529.6722462562823,2944.6541666666685,4.373945607748677,6.827164809099819,5.3225674304796025,6.781241334420134,6.626275724901786
609,168,102480,4.883736848831177,12618.989960670471,95.87576038837395,9587.576038837395,12534.299714489101,525.5333333333328,2421.190342318374,719.7400073238463,701.8201656740458,1443.378118255932,2627.6666666666642,4.842380684636748,6.895033630853076,6.111455795081681,6.746205537653542,6.591327055086003
610,168,102648,4.932097673416138,12662.155198335648,100.70544678234373,10070.544678234372,12529.437928326595,635.3000000000004,1823.5932500922204,766.8451798835067,751.2891321394583,1373.545182722457,3176.5000000000023,3.64718650018444,8.078839870552702,7.159572937443659,6.756441267993092,6.856993033680047
611,168,102816,4.974488735198975,12706.515205860138,93.22150456796828,9322.15045679683,12593.486467812654,798.2949999999996,2473.041011015828,749.5725620322537,733.9119514959507,1399.1647940162268,3991.4749999999976,4.946082022031655,7.148689656558187,7.526146453257095,6.853658708700545,6.775448408037716
612,168,102984,4.954477071762085,12749.66715145111,94.97639342532352,9497.639342532355,12658.10838794649,580.2941666666668,2580.174878747469,632.8959477224728,617.8642456115356,1448.4431674458763,2901.4708333333338,5.160349757494937,7.287891578225193,6.608183044317077,7.008291136316164,7.008119184710779
613,168,103152,4.971634149551392,12786.28611779213,98.44473055964116,9844.473055964116,12620.255380763696,835.3183333333327,1940.4639914662475,767.3670027048577,751.1027811627189,1505.1448037401397,4176.5916666666635,3.880927982932495,7.111567841387744,6.367612317119599,6.750608030393782,7.0957522575251915
614,168,103320,5.156537055969238,12823.391727924347,100.2121904596121,10021.21904596121,12545.600932964711,720.3000000000002,1804.0818870035018,876.0816365207061,859.7056811321119,1477.1112965114435,3601.5000000000014,3.6081637740070036,7.014528308497381,7.103408047375231,6.65813119692027,6.9989173661048945
615,168,103488,5.148638963699341,12864.866131067276,98.80527525105455,9880.527525105455,12485.376752665,879.1483333333331,1725.7008942262119,859.667119802127,845.6539580461318,1369.9594076705453,4395.741666666665,3.4514017884524235,6.917735134237624,6.502360489972254,6.670289227113956,6.944065183661145
616,168,103656,5.208246231079102,12898.263847351074,97.69284714419177,9769.284714419176,12402.142736684862,731.2441666666671,1901.6138555990165,1158.7566849246507,1137.4336191974348,1475.6522196033275,3656.2208333333356,3.803227711198033,7.217922445346685,7.098605791861359,6.583632119203029,6.806434556830449
617,168,103824,5.0672290325164795,12946.087532520294,106.27418627018947,10627.418627018946,12503.343658528463,530.565833333333,1345.3591981761842,874.4449690508335,860.7757009735205,1417.0727830486217,2652.8291666666646,2.6907183963523686,6.8574620982201875,7.159395877428236,6.612813543886597,6.825461137360217
618,168,103992,5.003465175628662,12982.773642539978,105.38428866363284,10538.428866363283,12294.937133919067,377.3349999999998,1379.1732675557837,1198.8322578315383,1182.5460404855412,1654.9960226805717,1886.674999999999,2.758346535111568,7.9237891786948484,5.587512007535671,6.5520742149455,6.873874921815483
619,168,104160,4.9260618686676025,13021.6763048172,103.83003907359432,10383.00390735943,12316.705582692504,509.98499999999933,1423.7166753330735,991.9112134794465,975.2649830935105,1485.8656155301665,2549.9249999999965,2.847433350666147,7.445603233622559,6.857738837574451,6.546018141050443,7.208985726097948
620,168,104328,5.053800344467163,13059.121124744415,100.71196777969702,10071.1967779697,12048.888185807864,570.81,1406.881407838161,1005.1580710174192,988.9948706996279,1503.9069501237086,2854.0499999999993,2.8137628156763217,7.799255426908617,7.713683411107447,6.489400716252401,7.262605821663556
621,168,104496,5.046955108642578,13096.498613595963,102.67611559491925,10267.611559491925,12190.40862836101,478.35833333333323,1444.4387355357524,901.3477409655918,885.8811288423568,1417.4204333023163,2391.791666666666,2.8888774710715053,6.728726881394493,6.9493624055471255,6.711206641596577,7.2788763277402495
622,168,104664,4.999058485031128,13134.866217136383,101.31277067188175,10131.277067188175,12497.24245071208,536.4258333333332,1829.5395501905716,741.9432233478246,726.6390729690306,1259.3056007359814,2682.1291666666666,3.6590791003811436,7.040642116639076,7.962259059674189,6.707326082433864,7.331055496749713
623,168,104832,4.932569980621338,13172.58166217804,98.87109131933231,9887.10913193323,12472.15426800436,461.4425000000007,2123.6026360711294,589.1565295910093,571.0718483538324,1290.088594828834,2307.212500000003,4.247205272142259,7.040620748244336,7.252209797937446,6.949791849787787,7.551029964616987
624,168,105000,4.925290822982788,13212.652554988861,98.75833197270205,9875.833197270207,12420.66183522623,472.9541666666674,2071.874471289357,523.3076968684989,509.11423992345584,1277.2727300113618,2364.7708333333367,4.143748942578714,6.971260690514891,7.6006059867639815,6.9532556082264705,7.330584563233155
625,168,105168,4.8400022983551025,13252.538941383362,110.90904814635749,11090.904814635749,12599.84795151903,323.6666666666664,1185.2764702166137,718.0509119597949,704.7503945816163,1565.848228232992,1618.3333333333317,2.3705529404332273,7.199776825111732,6.609301703261783,6.679317927883567,7.102192019680222
626,168,105336,4.941403150558472,13293.506529808044,107.99154097768317,10799.154097768318,12648.98588618938,526.110833333333,1323.720955087731,903.2632532946405,887.483377467922,1602.7597115957842,2630.554166666665,2.647441910175462,6.868013481567564,6.507903563569746,6.56743837886289,7.014261760475912
627,168,105504,4.957629680633545,13334.889326572418,101.68570967718286,10168.570967718286,12542.575649451368,496.78666666666635,1877.2180150664162,916.1946398192871,900.9857886767641,1635.1854524162948,2483.9333333333316,3.7544360301328323,6.937723446480182,6.800407242240093,6.676024347654285,7.047473293437187
628,168,105672,4.910327672958374,13375.766253709793,105.16351256318379,10516.35125631838,12535.53584684048,518.8000000000002,1500.3845905221006,763.2469195298627,749.5604978122824,1410.6713777112495,2594.0000000000005,3.0007691810442014,7.0792631256094785,7.561523130507177,6.639759557358848,6.718480895612675
629,168,105840,5.103067874908447,13414.01635670662,98.03023202968697,9803.023202968696,12501.151476809793,807.6600000000002,1890.468273841096,794.9071175618705,778.7688879472271,1499.1680535364292,4038.3,3.7809365476821917,6.912867089740808,6.678462873089692,6.718673426028103,6.832843483092288
630,168,106008,5.0294108390808105,13452.320303201675,97.71437855709544,9771.437855709542,12428.397656760517,759.1299999999997,1897.829801050975,981.8872840612537,965.4921272452962,1342.5683824312332,3795.649999999998,3.7956596021019497,7.384823488100254,6.656433508043844,6.633010590986203,6.828922447797903
631,168,106176,4.996961355209351,13491.042947292328,98.49495375282442,9849.49537528244,12577.393943015086,511.1108333333329,2216.787734399313,1243.677426574753,1218.6125672516857,1593.8087719335304,2555.554166666664,4.433575468798626,6.836725125159916,6.614658167756857,6.577102825289369,6.421110332158328
632,168,106344,4.930812120437622,13531.827523946762,96.11719182016354,9611.719182016357,12563.614377582158,602.8033333333333,2349.0918622324707,1492.2290673007624,1472.5024906519811,1785.560294622509,3014.016666666666,4.698183724464942,7.041337329321942,6.396222421112326,6.220516789547343,6.5724168281001365
633,168,106512,4.86558723449707,13573.67113161087,101.20554900924401,10120.5549009244,12588.98722653917,431.5908333333337,2036.8414922814345,954.5284334204563,936.4950220301613,1491.2219768808836,2157.9541666666682,4.073682984562868,7.249994920738605,7.559576207187126,6.555183646720133,6.547287996118755
634,168,106680,5.133976459503174,13612.821101427078,98.81006856290168,9881.00685629017,12335.155941061244,773.5908333333327,1680.5582514377434,2140.150860172271,2120.4673212281104,1836.3144599370942,3867.954166666663,3.361116502875487,6.633010965298759,7.982615031499724,6.366603141028203,6.908182562651199
635,168,106848,5.031959533691406,13648.94394159317,108.6220078058324,10862.20078058324,12592.29702428562,578.1058333333334,1151.9904103690471,1233.8192795669847,1218.4073735954398,1650.04249965867,2890.5291666666662,2.3039808207380945,7.251765031258751,6.45661526481142,6.395331003693063,7.043692388987817
636,168,107016,4.89862322807312,13690.771416664124,91.1820118895307,9118.20118895307,12003.887351475478,846.4441666666664,2039.241995855742,2286.826071580541,2259.629983633525,1745.7408437337376,4232.220833333331,4.078483991711485,6.7016472576920325,8.372470591266222,6.476777495214982,7.350504707809367
637,168,107184,4.8513734340667725,13731.855480194092,97.51802181326674,9751.802181326675,12460.68873803219,332.63166666666655,2376.2548900388488,695.4575108512812,680.5462069459714,1424.6204899386312,1663.1583333333326,4.752509780077698,7.384318358009655,6.168688086162632,6.884974611792726,6.7408370414206775
638,168,107352,4.857717037200928,13772.404549837112,97.88695576382142,9788.695576382142,12522.416674225555,494.39249999999936,2239.328597843413,1190.188177315249,1172.3317922462206,1604.4242806758807,2471.962499999997,4.478657195686825,6.903598724532369,7.796410661347133,6.798444179356363,6.823304220051264
639,168,107520,4.853876829147339,13812.699215888977,103.1903970956811,10319.039709568113,12516.713563726345,373.43166666666684,1824.2421874915676,593.3416905081572,579.3026667014205,1438.0913520922409,1867.1583333333342,3.648484374983135,6.667108767332284,6.850174604049586,6.79362048015248,6.721802773692322
640,168,107688,4.955427408218384,13853.392525911331,96.47012660542364,9647.012660542365,11998.705721034898,601.2275000000001,1750.465560492534,2323.95936544048,2283.380366856878,1804.4489941102245,3006.1375,3.5009311209850678,6.993917486114171,8.010184547683632,6.3125280790689,7.430858975419919
641,168,107856,4.956209897994995,13893.24376821518,98.67624950742969,9867.624950742967,12338.496960043823,731.8358333333335,1739.03617596752,2860.3390911030165,2821.5099135905066,2130.960888567558,3659.1791666666672,3.4780723519350403,7.474401828880042,7.611553624075086,6.291867067249285,7.168581238719309
642,168,108024,4.896117925643921,13934.435225725174,88.70493510162393,8870.493510162396,10522.12033609827,590.5416666666677,1061.0851592692084,2144.9536182743113,2120.319564309407,1783.0966761120567,2952.7083333333376,2.1221703185384166,5.965080820203643,6.192966227097769,6.271251813848066,7.026192250229539
643,168,108192,5.065592288970947,13975.034353256226,99.25267791878804,9925.267791878803,12390.27187039757,843.5833333333328,1621.4207451854336,881.414145084881,867.0640125820654,1453.5779841516915,4217.916666666664,3.2428414903708678,7.361507962227552,7.295887914049799,6.711039793998336,6.912038539483162
644,168,108360,4.973792552947998,14015.415012836456,101.3932544749446,10139.325447494459,12527.841290597486,840.9333333333329,1547.5825097696934,954.0330767741663,937.3859264702418,1603.9234675314774,4204.666666666665,3.0951650195393867,6.737902789879474,5.346615434356276,6.603718525194289,6.874278303555353
645,168,108528,5.093421459197998,14056.820350170135,101.05356690845704,10105.356690845703,12318.776508485342,881.0008333333333,1332.418984306305,1138.90882598008,1121.2970538136049,1627.4705921100438,4405.004166666666,2.66483796861261,6.771247881392316,7.073332828501944,6.466096078992559,7.066669563573038
646,168,108696,5.4672887325286865,14093.487888336182,100.71045507710295,10071.045507710292,12450.828287081964,803.6758333333325,1576.106946038337,2376.1405940039162,2350.366949085247,1965.2473768806058,4018.379166666663,3.1522138920766736,6.840099813427593,6.230386590314279,6.318917997103667,6.885894784285697
647,168,108864,4.924374580383301,14131.123915672302,103.83628622427497,10383.628622427499,12457.414088812124,742.7216666666665,1331.0637997179597,1496.9464604612608,1476.8771095875195,1664.6293895224567,3713.608333333332,2.662127599435919,6.8711902693215725,7.591560796508877,6.35493895457879,6.807758816416065
648,168,109032,4.852503776550293,14168.461789131165,104.39229178115953,10439.229178115953,12461.57851417844,641.3691666666663,1380.9801693958211,976.7371410493269,960.4438143775754,1433.0382398389065,3206.8458333333315,2.761960338791642,7.224712727583846,6.8325305142404575,6.5433784107399875,6.712936361906183
649,168,109200,4.847291707992554,14207.606579303741,101.63186813902118,10163.186813902119,12516.313987607067,675.1658333333334,1677.9613403716173,708.1698677332017,692.3330043593606,1368.346439950586,3375.829166666667,3.3559226807432343,7.014224247978652,7.314861297150064,6.703478287024914,6.874465605465541
650,168,109368,4.769810914993286,14247.751735687256,105.57063429745213,10557.06342974521,12476.17896768838,354.3341666666661,1564.7813712765005,1427.9786646414473,1410.5523951251187,1722.5290935382047,1771.67083333333,3.1295627425530013,6.983204223063965,6.340266208467404,6.572367213309274,6.725149428997259
651,168,109536,4.805006980895996,14287.184755086899,107.23375441153733,10723.375441153734,12485.890043290317,345.83749999999986,1416.6771021365832,1183.0614729531974,1167.8504300498194,1618.094613851775,1729.187499999999,2.8333542042731663,6.81385311817343,8.112828130657903,6.564968556520408,6.754505593301287
652,168,109704,4.890690565109253,14327.274398088455,91.07707557182388,9107.707557182388,12092.41359914597,967.3541666666666,2017.3518752969142,1991.8246003773447,1959.108468836233,1697.0504298343178,4836.770833333333,4.034703750593828,7.069876995966214,6.811964960799853,6.481894088661347,7.462489231460414
653,168,109872,5.003945827484131,14365.845406293869,95.65123366059098,9565.123366059097,12254.812337341056,1216.191666666666,1473.497304615294,1370.7660275417195,1353.718490323924,1683.2158365391065,6080.9583333333285,2.946994609230588,7.603047918415573,6.846944150101648,6.3609957141154165,6.955338139775885
654,168,110040,4.914258241653442,14404.088984966278,103.4711747809959,10347.11747809959,12283.577035938724,707.9883333333339,1228.4712245058024,977.6916740113785,962.4020876545976,1448.0740827471377,3539.9416666666693,2.456942449011605,6.517499749941152,6.367769944870483,6.5662574152408855,7.008971733872666
655,168,110208,4.932579278945923,14444.209599494934,96.82709127777852,9682.709127777853,12283.02931286631,1049.4499999999998,1550.8701850884584,1563.8361207737712,1544.9307571672794,1603.033345609787,5247.249999999998,3.101740370176917,6.267954619699026,2.1526008876905474,6.421010974772708,6.5546968249159905
656,168,110376,4.865962266921997,14486.20227098465,103.01047265988649,10301.047265988649,12421.81811538381,882.8058333333336,1237.9650160618282,1054.8610506497048,1039.6286555741788,1521.9358476581606,4414.029166666667,2.4759300321236566,5.5038559100132725,6.071572889980719,6.514795391352095,6.717411378815314
657,168,110544,4.909733057022095,14526.658020496368,103.60164478434925,10360.164478434925,12281.836939673001,768.7041666666665,1152.9682945714087,1112.4300963200817,1096.1305556706711,1411.3914972729165,3843.520833333332,2.305936589142817,6.6950454255056195,6.5111822109009685,6.487661259534359,7.103375775211467
658,168,110712,4.809925079345703,14567.920100450516,106.84875036321678,10684.875036321679,12260.379255573655,569.2166666666667,1006.2875525853126,1351.1832686453454,1331.8674768458172,1555.9684741294382,2846.083333333333,2.012575105170625,6.72095333955545,6.712582512413214,6.355146281969457,7.309253635340413
659,168,110880,4.753056764602661,14609.864391088486,110.48242691947792,11048.242691947791,12418.834793904976,324.5199999999999,1046.0721019571856,788.4312909299199,775.365229163132,1385.4854323311183,1622.5999999999995,2.0921442039143714,6.7169431865779705,6.865935784945051,6.59892098645354,7.029839767101562
660,168,111048,4.8278868198394775,14651.810848474503,101.67332478733249,10167.33247873325,12252.694697311283,575.6108333333334,1509.7513852447023,1103.3816607236877,1083.6702864673448,1427.593477441215,2878.054166666667,3.019502770489405,6.77507805142542,8.264383534932515,6.578633120824693,7.347496700006394
661,168,111216,4.837380409240723,14693.777966499329,109.37414547489585,10937.414547489585,12613.634583570109,452.3566666666661,1223.863369413857,873.9866771829331,858.1141426810052,1568.5306654529884,2261.78333333333,2.447726738827714,6.8598567445376455,6.421603078970958,6.5808115411315615,7.096962383207713
662,168,111384,4.815028429031372,14737.898440361023,109.44900934914283,10944.900934914283,12465.413035861418,461.2383333333337,1059.2737676138006,1111.284092352033,1096.626891183571,1452.4233205040473,2306.1916666666684,2.118547535227601,6.934098731514364,6.881317865226437,6.568296864855294,7.120583353774937
663,168,111552,4.785695552825928,14781.612260818481,107.88613604976351,10788.613604976352,12409.14132416287,488.9941666666665,1131.5335525198534,897.4339769022854,882.251632665039,1346.6215819872136,2444.9708333333324,2.2630671050397067,7.110721920853835,7.356942063514342,6.596303657188493,7.1232370587442135
664,168,111720,4.825518846511841,14822.55330824852,98.97600471106998,9897.600471106996,12348.756075060235,590.7175000000002,1860.4381039532377,615.5299324407179,600.9816931123117,1270.788664914929,2953.5875000000005,3.720876207906475,7.101272689146197,7.395000875872063,6.865151720762645,7.283371291460379
665,168,111888,4.7940192222595215,14864.553771734238,105.88733924446086,10588.733924446085,12430.336662587044,457.6916666666664,1383.911071474293,735.7087139786723,721.7891838132127,1291.4300207660096,2288.458333333332,2.767822142948586,7.039068741442872,7.597724634254204,6.695804339324127,7.137539386134563
666,168,112056,4.817135810852051,14905.859298944473,105.17246477805323,10517.246477805322,12407.3304759335,465.4883333333335,1424.5956647948462,803.4715653763828,788.0187011871259,1295.5385821295977,2327.4416666666675,2.8491913295896922,7.0303716087768064,7.370793020256756,6.721930131860607,7.24938385157184
667,168,112224,4.80526876449585,14945.305352210999,100.91758571637637,10091.758571637634,12527.082902813725,506.86333333333357,1928.4609978427575,600.1595138096764,586.4427850180284,1430.612984022311,2534.3166666666675,3.856921995685515,7.529701820539302,6.601490150954546,6.899227828142076,7.115857853836282
668,168,112392,4.85617470741272,14986.571800231934,105.68699022132867,10568.699022132869,12578.861661688892,467.27749999999963,1542.8851395560237,811.7640699460358,797.73713165706,1488.018525313489,2336.3874999999975,3.085770279112047,6.805529877228839,8.05040411107426,6.743036749929668,7.046789737047058
669,168,112560,4.837440490722656,15027.391938209534,97.11568662309048,9711.568662309048,12703.340136409697,581.321666666666,2410.4498074339826,563.4799651030771,549.4753259709165,1509.2853199037802,2906.608333333329,4.820899614867964,7.027056574616918,6.3977913224691365,7.018534945780845,7.050208543468814
670,168,112728,4.8551647663116455,15068.995062589645,97.8856007665737,9788.56007665737,12481.772131890013,719.5266666666663,1973.6853885659775,835.8412289790849,820.047651182558,1400.785213175742,3597.6333333333314,3.9473707771319546,6.889643977312976,6.924202933523761,6.758012836634601,6.940454980280725
671,168,112896,4.800756454467773,15109.321549892426,99.64625686569063,9964.625686569065,12529.421879611666,618.1041666666671,1946.6920263759353,668.4021149080081,654.3272658846583,1403.126212163321,3090.5208333333358,3.8933840527518706,6.835682102468247,7.819730095146496,6.817404034618706,6.9028236561455385
672,168,113064,4.774055004119873,15149.653492927551,103.10958850136821,10310.958850136822,12555.337828704858,514.5591666666663,1729.8198119013693,872.9631956439025,858.246841753701,1492.1146700821364,2572.7958333333318,3.4596396238027385,7.136655355430808,6.8123286827992375,6.730406950053361,6.822906333445955
673,168,113232,4.86291766166687,15188.132714509964,103.67632581300478,10367.632581300477,12170.731287753328,491.5650000000001,1311.533706452852,1529.401291676544,1510.8776818111314,1570.2994115016793,2457.8250000000007,2.623067412905704,6.8476758684652,8.10897780511562,6.26386964551581,6.993461011144406
674,168,113400,4.823600769042969,15228.597219705582,101.57066344443588,10157.066344443587,12539.633892776917,549.6283333333332,1832.939214999998,1281.7586630808685,1260.500894829117,1665.571120372615,2748.141666666666,3.6658784299999967,7.086974783865787,6.5472233949637815,6.348849905470372,7.046159505732465
675,168,113568,4.789527177810669,15267.737966775894,103.74025742087073,10374.025742087071,12530.73339503966,512.0308333333332,1644.6768196192543,1187.1173868971082,1170.7531318083948,1661.3152286319614,2560.1541666666653,3.2893536392385085,6.574112898084826,7.119460585296292,6.4258264492954575,6.82301238288947
676,168,113736,4.796132802963257,15310.355955600739,105.8953769587467,10589.537695874671,12659.80186742603,521.8474999999995,1548.4166715513588,1033.8705610903262,1019.7308472413785,1612.5835639785673,2609.2374999999975,3.096833343102718,6.094128241099932,7.053797918380039,6.514422394071529,6.709474435863572
677,168,113904,4.578765153884888,15351.19448709488,42.31274349749056,4231.274349749056,7380.148353493463,784.8750000000002,2363.9990037444068,6313.553294585452,6204.221760647208,3446.961051943772,3924.3750000000014,4.727998007488814,7.497777529313507,6.190867229236551,5.253999507184571,7.530191120307644
678,168,114072,4.65446138381958,15393.179213523865,11.64755448753425,1164.7554487534253,6210.708028085564,999.2433333333335,4046.7092459988053,7953.502161416267,7849.8802711583085,4339.002937331672,4996.216666666667,8.09341849199761,7.076842019121545,6.395197632846521,4.949928795182752,8.049843999868031
679,168,114240,4.8724634647369385,15435.139513969421,99.9178232432824,9991.78232432824,12181.829927616782,870.0324999999991,1320.0151032885437,1714.8012774090873,1696.817751537581,1512.966548059391,4350.162499999995,2.6400302065770878,6.165089137666622,8.180516867839861,6.48618868859533,7.077226594611936
680,168,114408,5.007849216461182,15476.816458702087,98.17597383528684,9817.597383528682,12703.589117067455,1004.3033333333331,1881.6884002054373,977.1373065792918,961.4403430966549,1561.0130276194388,5021.516666666665,3.7633768004108745,6.0601400002983095,6.819612583202427,6.590650219830479,6.752496263771803
681,168,114576,5.032697677612305,15518.344521045685,98.85729894945968,9885.729894945967,12231.616675008858,814.4208333333327,1531.4659467295583,1764.2429733181834,1732.0778329468044,1693.8984425719723,4072.104166666663,3.0629318934591168,6.834813952816501,6.508201604176142,6.499408677787136,7.140275702349946
682,168,114744,4.843134164810181,15560.7942070961,104.18874622172439,10418.874622172438,12224.970303740582,486.82499999999993,1319.2706815681418,1289.1763521300095,1270.2132622217525,1467.8220976148664,2434.125,2.6385413631362833,6.8906541089365,7.340234445028394,6.560209844032934,7.1839987725188355
683,168,114912,4.8888840675354,15604.026136398315,100.80099380238447,10080.099380238447,12271.75482927946,483.61083333333306,1708.0446157076794,786.1826723766702,766.7325636493315,1384.7470757594092,2418.0541666666645,3.416089231415359,6.440880294773286,6.715458494854057,6.7690949896061525,6.953860328486094
684,168,115080,4.906766653060913,15646.396675825119,94.74198764407473,9474.198764407472,11578.061422537963,622.5708333333343,1481.2918247971566,1354.0984984234142,1335.3401378681615,1661.9708972415644,3112.8541666666715,2.9625836495943134,7.154512512128401,5.6405938828299345,6.434141897153549,6.98438941850203
685,168,115248,5.073390483856201,15689.673236608505,102.16283331587428,10216.283331587429,12352.85960603551,985.908333333333,1150.6679411147493,1241.9564363386435,1226.679404216818,1468.7458741469425,4929.541666666664,2.3013358822294983,7.076603493084071,6.54501730666346,6.4384153649289875,6.811567100051907
686,168,115416,5.02397084236145,15732.808709859848,96.77264875914969,9677.26487591497,12098.132740725321,1080.1783333333337,1340.6895314770177,1277.4658545979275,1262.2321743545688,1428.5004488915986,5400.891666666668,2.6813790629540355,5.079393965766329,7.8169815458007434,6.428316315301502,6.750296027879174
687,168,115584,4.8836095333099365,15775.132191896439,105.74167761409618,10574.167761409617,12376.880116169155,624.0808333333326,1178.6315214262036,2377.127768693269,2358.486048993149,1926.1844151054827,3120.404166666663,2.3572630428524066,6.754977945140508,6.344002203907086,6.4838074774159695,6.897196530076477
688,168,115752,4.70560884475708,15819.41724729538,107.68516875930018,10768.51687593002,12472.822706717674,331.1091666666665,1373.1966641209888,815.6382025844407,802.2906123177514,1463.5774586095392,1655.5458333333322,2.746393328241978,7.363418369479626,6.865431198827478,6.64143554978344,6.818389154990479
689,168,115920,4.676167249679565,15863.064675092697,105.49973122447105,10549.973122447103,12324.09967687713,339.15166666666676,1434.9748877633556,703.5511412849813,690.5703002546311,1289.0368787321318,1695.7583333333341,2.8699497755267114,6.9590842270667626,7.530839095171687,6.746151935686707,7.050045648785948
690,168,116088,4.844122648239136,15905.302464485168,104.81675821552885,10481.675821552883,12353.409630285938,457.80249999999984,1413.9313087330534,1118.903460105221,1104.4760482232482,1552.5901539776435,2289.012499999999,2.8278626174661072,6.774633789886854,7.305179602935785,6.609572032964691,6.972254639048207
691,168,116256,4.850595474243164,15948.19878911972,107.68513859314723,10768.513859314724,12549.87905912618,537.9525000000003,1243.4126998114575,895.3531968828697,881.4710319909497,1472.3944632237371,2689.762500000001,2.486825399622915,6.549833614352566,7.71271326698264,6.662967084672757,7.168621211968973
692,168,116424,4.866974353790283,15990.268955469131,101.04027890353622,10104.027890353624,12100.857132278234,570.9833333333332,1425.8459085912796,1063.6326765848048,1049.1249663155975,1368.5087818867546,2854.9166666666665,2.851691817182559,6.683339666585112,7.705191071890218,6.636046052851097,7.039865717377147
693,168,116592,4.836537599563599,16031.958220720291,100.75216100081734,10075.216100081732,12426.810908784762,670.718333333333,1680.8764753696944,895.8490116112026,881.9064276515521,1331.2952655212164,3353.5916666666644,3.361752950739388,7.075966249902792,7.655257816514353,6.689252773756799,7.103960507999057
694,168,116760,4.728783845901489,16073.487638235092,102.48649495580014,10248.649495580015,12476.86811759634,459.2491666666663,1768.969455349659,955.1285126808239,938.3767990605902,1424.1022009662872,2296.245833333331,3.5379389106993178,7.301215783660832,7.068442205545315,6.733759154727704,7.1567635580317255
695,168,116928,4.840418100357056,16116.952287912369,98.94690493671635,9894.690493671635,12535.687014926209,702.1083333333329,1938.8881879212418,867.8791033889033,849.2068483849644,1421.5537754913405,3510.5416666666647,3.8777763758424832,7.228910453746958,7.1423967446329035,6.759323779645926,7.055295143913828
696,168,117096,4.898858308792114,16159.29574418068,107.4202094799206,10742.02094799206,12456.077005499505,447.89666666666665,1266.1593908407772,790.4863931169908,776.7489448419868,1399.914045510844,2239.483333333333,2.532318781681554,6.462905659125811,7.054713400176592,6.6465826641204995,7.0202544897460575
697,168,117264,4.824169874191284,16200.69002532959,104.81705015298844,10481.705015298845,12462.637448774705,542.5166666666668,1438.4157668091952,1136.1406573900863,1119.4998152095886,1576.6428051691128,2712.5833333333335,2.8768315336183905,7.156256272889298,6.6136346474782455,6.598712556788195,6.933321537166452
698,168,117432,4.879315376281738,16243.220445156097,106.407628703125,10640.762870312497,12614.016591115174,589.8033333333333,1383.4503874693428,1130.0890507514491,1113.5227857525263,1642.2294013041555,2949.0166666666664,2.7669007749386862,6.276088073013193,7.850544334309657,6.584040544250234,6.88218690211038
699,168,117600,4.775055646896362,16287.485871315002,105.10756643700972,10510.756643700974,12307.466148229141,359.8124999999997,1436.897004528169,1028.6360018900136,1014.193022055101,1287.8216370793762,1799.0624999999986,2.873794009056338,6.7570046369672,7.7860393222508035,6.691487684011854,7.147880097322229
700,168,117768,4.826434850692749,16330.018910169601,102.69162591107437,10269.162591107437,12276.405485990113,561.6058333333335,1445.637061549343,1286.9361794327733,1270.1338105112777,1486.0386512681391,2808.0291666666667,2.891274123098686,7.456730522143832,7.068420830404815,6.584763969462025,7.02814777336832
701,168,117936,4.785253286361694,16369.375879049301,107.131317952641,10713.1317952641,12287.355075303522,351.7841666666671,1222.4391133727554,1017.6825812315744,1004.072425887546,1425.471555503792,1758.9208333333356,2.444878226745511,6.551220318516897,7.094135221199122,6.555553403620866,7.0083074924912125
702,168,118104,4.843470811843872,16407.93883228302,103.06813874530567,10306.813874530566,12454.655110217536,659.1441666666666,1488.6970690203027,786.7241552525097,772.9123881795567,1372.6637026775902,3295.7208333333324,2.977394138040605,7.089301895871857,6.274389632159675,6.626279482378633,6.7159263902432755
703,168,118272,4.8163158893585205,16447.476442337036,100.53655995814225,10053.655995814224,12505.393550109657,748.2149999999992,1703.5225542954324,797.2613014513365,771.1631897116386,1413.1641157842807,3741.074999999996,3.4070451085908653,6.983192745838925,6.760698188111954,6.647904620667527,6.87205263992075
704,168,118440,4.86958384513855,16489.353576421738,100.24194639467068,10024.194639467067,12541.66028651857,795.6433333333334,1721.8223137181717,749.6047226313099,734.1050238586763,1434.0070490305302,3978.2166666666662,3.4436446274363433,7.172281158969086,7.117801615801489,6.6768266165014305,6.694442914779215
705,168,118608,4.90395712852478,16532.62122941017,99.16402338868654,9916.402338868655,12460.247474590231,864.4550000000006,1679.3901357215761,890.1488095960531,875.93415417236,1414.037877649673,4322.275000000003,3.3587802714431527,6.729627758280587,6.980569724551611,6.706912891095714,6.834561204902883
706,168,118776,4.928805351257324,16574.28639483452,102.57998166790111,10257.998166790112,12676.237970235023,932.4966666666667,1485.743136778245,723.7204502831742,710.347871159985,1489.7872263763907,4662.483333333334,2.97148627355649,6.544369984680192,7.906670467700675,6.69172025956521,6.831506951951819
707,168,118944,4.769959211349487,16618.887145996094,100.22247350061681,10022.247350061682,12336.936988262285,678.5041666666668,1636.1854715339368,829.5202748193556,814.6058426862904,1396.8702176023917,3392.520833333334,3.272370943067874,6.245904238745792,6.990066788027666,6.661241972631788,6.753166927037953
708,168,119112,4.793118953704834,16661.665207386017,97.61562780633031,9761.56278063303,12289.295709718182,526.7933333333333,2000.9395957518161,804.671941434361,788.8236118937891,1472.0221083357333,2633.966666666667,4.001879191503632,7.287759287300479,6.532101238998085,6.843727983336112,7.280371035874052
709,168,119280,4.71936559677124,16706.135800600052,106.30458072063217,10630.458072063218,12566.855406748662,359.05333333333334,1577.3440013521122,703.858451976263,691.4207814023902,1406.1615201378158,1795.2666666666664,3.1546880027042246,7.150315318188608,6.974318142175727,6.797895575896435,7.123031766072232
710,168,119448,4.726906061172485,16748.436428308487,101.94089035173857,10194.089035173856,12561.796986754309,377.0808333333332,1990.6271182471191,579.3762274131802,566.3546365978046,1430.0903358818955,1885.4041666666658,3.981254236494238,6.903427133444829,8.072286980781074,6.921353424329324,7.079495625778079
711,168,119616,4.705413579940796,16791.69231915474,101.58554424478665,10158.554424478665,12626.514562566943,440.9783333333337,2026.9818047549438,634.0972596360755,618.4506458437163,1421.842956755811,2204.8916666666687,4.053963609509887,7.04564892824016,8.175944957418125,6.895263813574515,7.119861761707189
712,168,119784,4.668663263320923,16835.706505537033,98.06955145748371,9806.955145748372,12545.322395415193,426.8566666666661,2311.510583000156,568.8393177393657,553.6986636080529,1369.3786931210284,2134.28333333333,4.623021166000313,7.34163366164004,6.7209122591581725,6.989133081050308,7.10549077668594
713,168,119952,4.753933906555176,16878.65394616127,104.20659193006733,10420.659193006733,12486.254886747625,413.3199999999998,1652.2756937408917,647.6839656640963,633.3644754143762,1476.982936811558,2066.599999999999,3.3045513874817836,6.770035604479488,8.176485509530213,6.77683259699139,7.218044082862569
714,168,120120,4.7306227684021,16922.00159406662,93.38616733830793,9338.616733830793,12419.978433882161,524.8575000000004,2556.5042000513677,541.0235495525017,527.1542375300296,1298.326373145082,2624.287500000002,5.113008400102736,7.168089639800707,7.844295994977311,7.081759532141381,7.345067866623987
715,168,120288,4.824523687362671,16968.371871232986,96.7495758274431,9674.95758274431,12518.882269049162,535.5416666666662,2308.383019638185,573.966870961623,557.539566310988,1359.1082285949174,2677.7083333333308,4.616766039276371,7.221008192937059,7.682018086458455,6.963804324678428,7.31899659007078
716,168,120456,4.763115167617798,17014.787823438644,103.6322203795603,10363.222037956031,12565.18343879596,509.6058333333333,1692.3555675065995,574.6463193477312,560.4906521553024,1476.4211565519395,2548.0291666666662,3.384711135013199,6.797827395138196,6.979543992465216,6.822266642877423,7.135076513611319
717,168,120624,4.777539253234863,17060.332688570023,97.12564092705698,9712.564092705697,12452.405338560406,742.6250000000002,1997.216245854706,637.645405639868,620.3190984381454,1365.6938128757129,3713.125000000001,3.9944324917094116,6.912272277307194,7.172944254466541,6.856356951419173,6.916443585071785
718,168,120792,4.8463311195373535,17104.11198782921,103.5252895035985,10352.52895035985,12494.767671202693,582.7600000000007,1559.4787208428434,781.6535991056079,768.911049071898,1409.0937772928905,2913.800000000003,3.118957441685687,7.068012317222925,7.01651513040693,6.720966573090788,6.787362116950538
719,168,120960,4.916540622711182,17149.21591258049,97.29258779643963,9729.258779643966,12493.171133637323,957.5575,1806.3548539933593,637.9143444427549,624.1456602288687,1320.4502012928092,4787.787499999999,3.6127097079867183,6.86606177064577,7.17513914312091,6.7814415185408885,6.8356094869241
720,168,121128,4.82393741607666,17194.92586827278,105.13294931904949,10513.294931904948,12168.35594159664,557.7391666666671,1097.3218430250236,1241.6158278173002,1226.2214434853636,1482.2733782690834,2788.695833333335,2.1946436860500467,6.435223217637149,7.648635109271182,6.519661970086055,6.942864262925238
721,168,121296,4.795959711074829,17237.163392305374,104.70948752406383,10470.948752406382,12393.030779800869,511.99166666666684,1410.0903607278153,2019.1818120431456,1999.4424906987397,1892.9907854751937,2559.958333333334,2.820180721455631,7.051792578387568,7.629516868609445,6.449528250808896,7.008448531934378
722,168,121464,4.774600982666016,17278.7760682106,105.74207287793968,10574.207287793968,12418.944549949185,463.73499999999996,1381.0022621552173,1430.9229799871,1412.4549954562267,1589.8003768990584,2318.675,2.7620045243104347,6.82274077109761,7.592244200291607,6.4255156629493975,7.092733460966552
723,168,121632,4.807655096054077,17323.196646928787,108.62953656710059,10862.953656710059,12467.505734658118,625.8966666666663,978.6554112813931,1439.2989490641396,1424.6090995157492,1626.4129947221925,3129.4833333333313,1.9573108225627862,7.376040604560132,6.466861713954124,6.491083068618035,7.003673461507002
724,168,121800,4.903744697570801,17365.872095108032,101.06543594124146,10106.543594124145,12392.010902767246,788.8166666666666,1496.6506419764323,1050.2607632668146,1035.231800490947,1526.1095139103952,3944.0833333333326,2.9933012839528645,6.7070297252185345,6.14273162195585,6.648006032974972,7.119802658995225
725,168,121968,4.894184827804565,17408.145632505417,103.70257747583733,10370.257747583733,12339.36447930723,660.3725000000004,1308.7342317234961,1234.768731949618,1217.296172167525,1624.2897496953965,3301.862500000002,2.6174684634469925,6.890742315397904,6.600505761377495,6.542927010586562,7.219980854083441
726,168,122136,4.907469034194946,17454.214366197586,104.1248940731206,10412.489407312061,12412.848359588657,478.87416666666667,1521.4847856099295,1533.1372671740073,1512.0435465507162,1633.7689199680963,2394.3708333333334,3.0429695712198597,7.053758269789089,7.404927875504855,6.524849299929446,7.104029074474389
727,168,122304,4.738340854644775,17497.83411550522,107.38926775795036,10738.926775795037,12299.818345966069,335.0658333333331,1225.825736837698,1955.4773997794814,1935.6498355986432,1862.2801121126074,1675.3291666666653,2.4516514736753963,6.837792345099541,6.312883987086895,6.393343725426647,6.821894427461335
728,168,122472,4.75808048248291,17539.870369195938,103.70348690734933,10370.348690734932,12408.920622477213,380.58,1657.9919317422793,1620.3437467569224,1602.209692990663,1718.2097882468966,1902.9,3.3159838634845586,6.080650096238645,7.096741694164683,6.553004726165733,6.700955912609659
729,168,122640,4.9232048988342285,17579.653846025467,111.26591231916538,11126.591231916538,12364.78432049597,485.2200000000006,752.9730885794315,1487.0612325369711,1472.2335223560162,1651.2016524791973,2426.1000000000026,1.505946177158863,5.921796894679461,6.5535975000865845,6.465893333342463,7.073800498314889
730,168,122808,4.866469621658325,17620.49345612526,102.12217418141628,10212.21741814163,12182.25329100683,613.8950000000003,1356.1408728652004,1060.045284881994,1042.4864774922316,1324.3558060461162,3069.475000000001,2.712281745730401,6.812621868881082,7.773373327410439,6.572361458072345,7.319479359931439
731,168,122976,4.946343660354614,17664.32393836975,101.34002105252507,10134.002105252508,12301.860705674117,505.2799999999998,1662.5786004216084,836.8710608115857,821.9637271625019,1405.5923617930735,2526.3999999999987,3.3251572008432166,6.172008156538279,7.982016371448503,6.727602255223074,7.1378189086818775
732,168,123144,4.828230619430542,17708.741700410843,106.20829543110455,10620.829543110454,12434.62134079128,637.548333333333,1176.2434643474926,1028.3513342640967,1013.6501873679008,1473.9765042376482,3187.7416666666645,2.3524869286949848,6.137083550759958,7.295347083721205,6.551064747699819,7.000235163376647
733,168,123312,4.90196681022644,17751.958001613617,105.47231295968376,10547.231295968377,12556.91904047611,741.9408333333333,1267.7469111744012,1043.8058097244216,1027.8135844352355,1529.1288351612288,3709.7041666666664,2.5354938223488026,6.301880104187194,7.912988470511607,6.564282331261064,7.248141408867535
734,168,123480,4.855614900588989,17794.88222718239,102.1554433150443,10215.54433150443,12543.224085739184,742.5999999999995,1585.0797542347543,1354.312407638401,1338.1718228676718,1548.9370049277666,3712.9999999999973,3.1701595084695087,6.804943152904258,7.866107370963776,6.48212848894401,7.019647788898521
735,168,123648,4.809020757675171,17838.375023841858,98.27667190644044,9827.667190644044,12371.56371832612,503.0341666666666,2040.8623610154118,1002.1745822710882,986.6704816006107,1293.116447604421,2515.1708333333327,4.081724722030824,7.354128356722872,7.751387766039399,6.785397957831755,7.075232957816455
736,168,123816,4.742079019546509,17882.501656532288,102.90958350097348,10290.958350097346,12459.263965136692,465.645,1702.6606150393445,628.9358016127852,614.2665178883866,1343.6100497539103,2328.2250000000004,3.4053212300786893,6.9779720229064415,7.770295879691083,6.800897183049195,7.1753239039059835
737,168,123984,4.775861740112305,17927.859037399292,105.31136181514094,10531.136181514095,12195.039205616198,515.5041666666667,1148.398857435437,769.8713606794837,756.535627548359,1260.518325790557,2577.5208333333335,2.2967977148708743,6.679614038782014,7.619478714806454,6.637391905100874,7.017357450959883
738,168,124152,4.8128275871276855,17972.560335874557,99.49987834006302,9949.987834006302,12385.870333278359,593.3225000000011,1842.559999272054,1379.5883223717042,1361.2234240009986,1602.4790508553058,2966.612500000005,3.6851199985441085,7.083075050752879,8.390490806369478,6.6760047308872705,6.848495763639658
739,168,124320,4.8185930252075195,18018.032147169113,102.61359983864533,10261.359983864531,12287.412776953828,580.8274999999993,1445.225293089297,1162.4976174023514,1147.120372416488,1460.3816678051332,2904.137499999996,2.890450586178594,6.947064267627676,6.779138579777053,6.571113199395013,6.720832529935535
740,168,124488,4.911693811416626,18061.793434858322,105.80513971059375,10580.513971059376,12507.759161179683,585.9899999999998,1341.2551901203087,1112.046245109213,1095.9422848064137,1630.791906117447,2929.9499999999985,2.682510380240618,6.707688513736315,6.974575635075045,6.540240477409619,6.960856622606213
741,168,124656,4.840879678726196,18106.051478862762,104.64440561375773,10464.440561375772,12292.971249125374,571.3108333333334,1257.2198544162693,1420.8749579711814,1404.9533687848768,1568.8861452110355,2856.554166666667,2.5144397088325383,6.642452198950508,7.264897079042039,6.518753779444764,6.930635362032621
742,168,124824,4.789505243301392,18150.2133603096,108.32018009861416,10832.018009861415,12378.916362428605,487.3775000000003,1059.5208525671874,1644.2439664633534,1629.9224518643712,1679.5042818777104,2436.8875000000007,2.1190417051343746,6.8360313443712,6.597442355937378,6.48672239079668,6.8761483868905104
743,168,124992,4.782975912094116,18195.38232111931,108.02926120655926,10802.926120655924,12407.044638910755,390.24333333333345,1213.8751849214968,1192.1230147454557,1178.3762758518467,1537.4695953352261,1951.216666666667,2.4277503698429936,7.181350486721691,6.834354778991972,6.583155712655562,6.85498058306055
744,168,125160,4.762984752655029,18242.00257730484,107.05401603356643,10705.40160335664,12380.145560321136,430.92083333333335,1243.8231236311608,1037.8931567529125,1025.3100105505453,1463.2149865830595,2154.6041666666665,2.4876462472623215,6.846029668169178,7.280890685257699,6.649417563333735,6.909194091640584
745,168,125328,4.797342538833618,18289.021510839462,109.65083517260194,10965.083517260195,12494.44798604109,428.990833333333,1100.3736354475636,1209.1669847334636,1195.4661743786037,1664.9657664497777,2144.9541666666646,2.200747270895127,6.805865921912197,6.633692486354856,6.505540766695597,6.945552002152586
746,168,125496,4.759823560714722,18335.481154203415,110.03798123744744,11003.798123744744,12465.89543658238,352.3441666666665,1109.7531461709696,1169.550701957862,1155.4498088178816,1604.4090604865205,1761.7208333333322,2.2195062923419395,6.712364245890886,7.474170034485577,6.5292708128133325,6.886673830118595
747,168,125664,4.884536027908325,18382.34470486641,98.1941692339813,9819.41692339813,12386.240601279153,794.3699999999999,1772.4536778810239,917.3226860006523,902.8765633004246,1461.8429108889757,3971.849999999999,3.544907355762048,6.739423462865708,6.503313548166117,6.656594288675789,6.636155773961556
748,168,125832,4.925391674041748,18427.57727575302,92.12906790780919,9212.906790780919,12098.915717680378,864.005833333334,2022.0030935661266,868.3290163158754,853.2442207151852,1508.4431809490666,4320.029166666669,4.044006187132253,7.049708155706194,6.187378239697575,6.576306356562314,6.580255368393521
749,168,126000,5.03459620475769,18473.173398971558,95.7491582133323,9574.91582133323,12369.681575180199,971.1966666666667,1823.5690871803029,1105.6485017355099,1087.9291772142105,1490.6122991201378,4855.983333333334,3.6471381743606055,5.954449104821717,6.588567194327387,6.535571403961027,6.545338066518265
750,168,126168,4.863874673843384,18517.826515436172,103.92245591579625,10392.245591579624,12227.284109191904,505.51249999999993,1329.5260176122786,1623.8662529845315,1605.5241871923072,1655.0659082302172,2527.562499999999,2.659052035224557,7.123493855248225,6.7225559842114935,6.4697760455899935,6.658377562196252
751,168,126336,4.946137428283691,18561.9841902256,102.79288455329618,10279.288455329617,12350.787631612751,578.8616666666667,1492.6375096164656,1943.1128170983557,1924.1018334108073,1830.8097113160009,2894.3083333333334,2.9852750192329314,6.571352963058148,7.224649149267198,6.493981531876056,6.83182831434919
752,168,126504,5.041866064071655,18605.74357700348,98.78583657103606,9878.583657103605,11688.542633383511,608.8316666666665,1201.127309613238,1584.8187241848163,1568.7638886606103,1668.3734619994552,3044.1583333333324,2.4022546192264755,5.564692591325012,7.518838563632923,6.386406313213316,6.781978748663516
753,168,126672,4.8888421058654785,18650.790095329285,96.6062798085159,9660.62798085159,12501.5025383775,447.32083333333316,2393.5537241925763,830.5174065742781,817.2991954475519,1389.889755408529,2236.6041666666656,4.787107448385153,6.703387317936245,7.450725060757908,6.9913582614540974,6.945787734278703
754,168,126840,4.781100511550903,18694.30012536049,79.2687398761359,7926.8739876135905,12530.466401549127,637.8474999999999,3965.744913935537,910.2374673107811,896.7324287946586,1606.0069089622443,3189.2374999999993,7.931489827871075,6.961890342496653,6.246122065713706,7.4740735431335725,6.923208107714181
755,168,127008,4.757694721221924,18738.454698324203,88.91398460560825,8891.398460560826,12212.65783642835,460.45249999999976,2860.8068758675245,590.8062631832829,577.8577153470947,1436.2826353301891,2302.2624999999985,5.72161375173505,1.8251202873074457,6.570645136616143,7.10709296034989,7.1043301226874505
756,168,127176,4.784996747970581,18783.21041536331,85.67825899775696,8567.825899775697,11087.17824333059,682.7341666666669,1836.6181768882288,3417.812137660314,3392.9713793738256,2519.5665661363428,3413.670833333334,3.673236353776457,6.726576256122354,6.738652925596843,6.145581649013214,6.818903029077118
757,168,127344,4.835059881210327,18828.2167634964,96.12908350634882,9612.908350634883,12217.222011739646,749.8666666666663,1854.4469944380976,2391.698051956408,2367.2469796793534,1955.5287678413927,3749.333333333331,3.7088939888761954,6.832085170025189,6.589449010754692,6.171971496907041,6.733541185883583
758,168,127512,4.917324542999268,18869.290242671967,105.41526683656788,10541.526683656788,12379.326334686557,492.55999999999995,1345.239651029768,2192.534630255267,2174.965810816043,1922.344909774239,2462.8,2.6904793020595363,7.444869349772733,6.957376034844156,6.330138782821921,6.762020494051964
759,168,127680,4.71677303314209,18909.21104478836,64.71283951776643,6471.283951776642,7511.651004337362,431.77750000000015,608.5895525607191,7559.7794147871045,7515.643584856531,3923.168096135835,2158.8875000000007,1.2171791051214382,4.470841118585762,5.234764657511501,5.4999869244346815,6.876529283203915
760,168,127848,4.6251280307769775,18951.07643342018,64.08505913301363,6408.505913301362,7847.931451560593,380.4125000000004,1059.01303825923,7394.2430984454495,7345.571199116149,4188.405767430037,1902.0625000000023,2.1180260765184595,5.211539615594564,6.685638827229228,5.546710146642441,6.711237563013069
761,168,128016,4.851193428039551,18995.99166202545,106.51881367845232,10651.881367845232,12272.474569170037,441.2174999999998,1179.3757013248053,4446.292605070845,4421.704172276708,2658.078559920532,2206.0874999999987,2.358751402649611,7.311372182993364,7.244860323839158,6.287987767201013,7.035200690657575
762,168,128184,4.737718343734741,19039.718431949615,89.37730029805444,8937.730029805443,10547.864289065737,546.4958333333329,1063.6384259269607,6960.336109737988,6927.570495291175,3657.8821020493324,2732.4791666666647,2.127276851853922,7.333847098463713,6.60706831641562,5.9862666275832925,6.840175046564904
763,168,128352,4.699119806289673,19084.263211250305,73.87770264104323,7387.770264104323,9241.661783180658,548.2433333333332,1305.6481857430026,6399.441763590741,6365.927387636973,3484.8408281061156,2741.216666666666,2.611296371486006,6.988789623421675,7.678512935346112,5.903585380129416,6.759285583645661
764,168,128520,4.783553123474121,19127.945496082306,96.4593543490835,9645.935434908348,12120.238780284657,705.0866666666669,1769.2166787096407,3507.624512282619,3484.1941217948056,2508.0169218623905,3525.4333333333343,3.5384333574192812,6.602515932662396,6.405031700145781,6.210526970474912,6.86574973242373
765,168,128688,4.658558130264282,19174.107542037964,108.91244190922028,10891.244190922027,12246.064121267158,278.8066666666666,1076.0132636784654,6173.593991906544,6141.638456159379,3745.5661973934684,1394.0333333333333,2.152026527356931,7.432083864224574,6.226016258002542,6.062488507834914,7.1229942630020195
766,168,128856,4.744887828826904,19219.21857070923,109.58448727405359,10958.448727405357,12577.812887266962,422.21666666666647,1197.1474931949367,2011.812480531708,1993.4171125620455,2073.3520683137313,2111.083333333332,2.3942949863898733,6.878919201231662,6.529010135122604,6.448560604186168,7.147048649709875
767,168,129024,4.704343318939209,19263.487902879715,102.44826457211724,10244.826457211726,11611.748190447288,297.5749999999997,1069.3467332355635,5989.633166309802,5960.425236399205,3492.7128615848133,1487.8749999999984,2.1386934664711275,7.392953910159034,5.873044047667352,6.173941336918145,7.084952452373928
768,168,129192,4.849704027175903,19307.54288339615,107.88027354044301,10788.027354044301,12334.229880569708,411.61416666666685,1134.5883598587411,2622.9585709828407,2605.2149565847517,2115.4203155428413,2058.0708333333337,2.2691767197174824,6.65669633581891,6.513444628589667,6.415487503098562,6.8182927064662655
769,168,129360,4.720210075378418,19353.56392264366,109.85083759268423,10985.083759268422,12421.288641027695,324.53999999999996,1111.664881759273,1814.8235156865867,1799.9746134738457,1788.550800024832,1622.6999999999998,2.223329763518546,6.7370730635070775,7.01914683972307,6.509181874893167,6.938880596497524
770,168,129528,4.787384986877441,19399.489354610443,107.12259366829562,10712.259366829565,12148.071702106332,527.4033333333334,908.4090019434332,3578.5225808981045,3555.388210296901,2434.526619588527,2637.0166666666664,1.8168180038868662,7.484448757447703,6.425207056739669,6.223771900488866,6.855923425732985
771,168,129696,4.988158941268921,19445.164186239243,107.04302522276012,10704.302522276013,12421.044375276786,747.665833333333,969.0760196674405,2040.017556279438,2022.681647609666,1871.3758052228236,3738.3291666666646,1.938152039334881,6.783467659286599,5.752732665233731,6.413669994731203,6.916201525588392
772,168,129864,4.888166189193726,19491.69855451584,99.35964650118714,9935.964650118716,12042.423046987591,584.7633333333331,1521.6950635355422,4522.955042322117,4497.592571511004,2704.8625129415423,2923.816666666665,3.043390127071085,6.968415355944243,7.263451643145036,6.343745356712357,6.928018824723647
773,168,130032,4.858521223068237,19539.595645666122,104.64951769726436,10464.951769726435,12308.233792516961,730.2283333333337,1113.0536894571937,2431.2187440325024,2412.9749675089397,1913.1938962991044,3651.1416666666682,2.2261073789143877,6.883373004951498,7.057846827889506,6.512221080486228,7.021458090038366
774,168,130200,4.9348368644714355,19587.844252347946,104.70912892514744,10470.912892514743,12388.637653769078,731.4241666666674,1186.300594587668,1319.1727529684931,1304.0512755055836,1543.9082284085794,3657.120833333336,2.3726011891753362,7.469772863724144,7.503140248974088,6.54371405111333,6.876306560432408
775,168,130368,4.864914178848267,19635.514038801193,100.1376518283027,10013.76518283027,12390.956242656212,717.7116666666673,1659.4793931592735,786.2492439611874,771.6539217557988,1374.535356550542,3588.5583333333366,3.3189587863185466,6.8261302356901155,6.72750935235058,6.7292168014723055,7.010486533608487
776,168,130536,4.904691457748413,19682.98992085457,97.8751051857388,9787.510518573881,12145.876646308554,772.9000000000002,1585.4661277346736,2238.018741643951,2219.888712614512,1639.9357282204128,3864.500000000001,3.1709322554693467,6.909422226106536,7.436255062865228,6.5830224092254355,6.920513538603432
777,168,130704,4.844647407531738,19729.347581624985,106.99738725894346,10699.738725894345,12430.464140361997,448.15083333333354,1282.5745811343177,799.8241247844562,786.8045823550565,1438.8248598797136,2240.7541666666675,2.5651491622686358,6.728084062559168,7.058510890926567,6.6649822408988815,6.971451787363132
778,168,130872,4.750078201293945,19774.826089143753,107.43660037270357,10743.660037270356,12465.705297475879,389.8675000000006,1332.1777602055213,851.3323910084014,837.2368660564741,1428.6626929061945,1949.3375000000028,2.6643555204110427,6.950351090600196,7.710417291420539,6.677390364059574,6.985194972797212
779,168,131040,4.8162126541137695,19821.1111907959,106.76197651917744,10676.197651917742,12529.70705726663,494.03666666666703,1359.4727386822224,1076.870464425726,1062.313209111516,1537.6454277835815,2470.183333333335,2.7189454773644446,7.175525981338509,7.84389522723509,6.635748789288088,7.063309418899412
780,168,131208,4.863018274307251,19865.99068045616,102.09578877295068,10209.57887729507,12505.999521774109,545.3408333333334,1751.079811145707,866.4807993397055,853.3703057663448,1386.0806651495097,2726.7041666666664,3.502159622291414,7.297321951509035,8.14646063891341,6.7858894061596375,6.995349013145241
781,168,131376,4.898331642150879,19912.177730560303,99.4445762620015,9944.45762620015,12390.489281987404,683.2633333333329,1762.7683224539228,820.4862526381363,805.3963497380921,1300.4189840711792,3416.316666666664,3.525536644907845,6.939625509042747,8.280379350309884,6.757233030379222,7.044651459422666
782,168,131544,4.843205213546753,19959.20714044571,102.9581955218206,10295.81955218206,12596.118616170575,602.5708333333332,1697.7282306551815,714.4284735700479,701.0447737239485,1431.2150229244935,3012.8541666666656,3.3954564613103626,6.528087338429248,8.120939411938709,6.715067965862239,6.800608870009293
783,168,131712,4.800820350646973,20004.3084461689,103.01796282120546,10301.796282120547,12206.32722468414,674.5033333333336,1230.0276092302606,1678.5511866062748,1660.5488548773374,1574.5299239321873,3372.5166666666673,2.4600552184605213,6.889231971803034,7.302592434514931,6.371853349901456,6.7190664906129856
784,168,131880,4.825361967086792,20049.136768102646,106.80277690473278,10680.277690473278,12427.301092300084,578.7108333333333,1168.312568493474,1395.1421533653865,1379.3618133190007,1591.2138000365076,2893.554166666667,2.3366251369869477,6.765792040315222,7.445661365905686,6.453029129405102,6.930930152357057
785,168,132048,4.915688514709473,20094.86644744873,106.16839837658459,10616.83983765846,12488.508490619544,583.451666666666,1288.2169862944204,952.1896165610435,936.1871245272806,1524.9314993040048,2917.25833333333,2.576433972588841,6.853918907615801,4.972646425013645,6.590604880119989,6.9546495091212535
786,168,132216,4.824562072753906,20139.784658908844,105.62810706605956,10562.810706605953,12509.83390622957,534.8499999999995,1412.1731996236158,754.5125073858964,739.492692686284,1467.7956914975548,2674.2499999999973,2.824346399247231,7.033849847287128,7.7239447729191815,6.706407369715107,7.098224017583088
787,168,132384,4.86903190612793,20182.789541721344,103.18246304119012,10318.246304119011,12535.797302368042,514.8475000000007,1702.703498249031,704.0136910489874,688.3900777886446,1362.5345848136137,2574.237500000003,3.405406996498062,6.815540451930528,6.889984837399508,6.729113050496218,7.206864390769477
788,168,132552,4.853669166564941,20225.23957467079,104.22697700427975,10422.697700427972,12432.593900715141,579.365,1430.5312002871672,703.1223344531038,687.9918135907095,1396.4457633744933,2896.8250000000003,2.861062400574335,6.831808729782547,7.624710178346441,6.699464135901159,7.282084954445403
789,168,132720,4.881070137023926,20268.865809202194,101.91750783112326,10191.750783112326,12574.037657993711,700.900833333333,1681.3860415480508,975.1920203143593,959.2508124298683,1511.2145050754839,3504.5041666666652,3.3627720830961016,7.50235331958354,6.600991567742649,6.73343249978,7.059380153776955
790,168,132888,4.937279224395752,20313.68969964981,101.48808085182138,10148.80808518214,12365.240062561139,901.4966666666668,1314.935310712333,1028.4779125472578,1012.5770024122287,1471.5420192859788,4507.483333333334,2.629870621424666,7.36107928600747,7.463394119223077,6.586809128460146,6.998153324220293
791,168,133056,4.876775026321411,20360.977660417557,101.49174455562856,10149.174455562857,12450.615552446887,654.775,1646.6660968840306,755.8415279501006,740.4668495933504,1515.7797373012245,3273.875,3.2933321937680615,6.782861788163303,6.070422416087455,6.667371652427254,6.893867895088022
792,168,133224,4.968209743499756,20406.328246831894,98.1884602438679,9818.846024386788,12309.100195916028,825.0158333333333,1665.2383381959057,997.8950655917486,982.4688757421733,1441.512569491604,4125.079166666666,3.330476676391812,6.4323132549446544,6.620431420196108,6.565724621462029,6.699566294835013
793,168,133392,4.932194948196411,20451.700025320053,99.81364657626067,9981.364657626065,12370.684946737265,1003.9708333333328,1385.3494557778672,1030.513566892505,1014.9687578479554,1496.7617160332547,5019.854166666664,2.770698911555734,5.813842119129677,8.084560199710872,6.597545220776897,7.01359122344668
794,168,133560,4.844917058944702,20497.863634109497,103.0219938791382,10302.199387913817,12522.889057557713,742.6891666666668,1478.0005029772278,1337.070903570081,1320.6830137137524,1693.311692158185,3713.445833333333,2.9560010059544553,6.027678140421829,6.577786551317791,6.4146265469030475,6.684775566670962
795,168,133728,4.830294609069824,20544.07646203041,101.7749056923769,10177.490569237692,12443.69224934376,598.4199999999997,1667.7816801060712,1072.9170114304443,1052.8438330584668,1583.7885047586885,2992.0999999999985,3.3355633602121424,7.106956828008377,6.2217669171163035,6.551094859206762,6.8153489063601445
796,168,133896,4.848381757736206,20590.782215356827,97.02567693469797,9702.567693469797,12453.46516736673,557.6700000000004,2193.2274738969336,1051.2828207615944,1036.2991905151448,1615.5346304212874,2788.3500000000017,4.386454947793867,7.205890720539876,7.018008137055953,6.821242217683774,6.769522133031076
797,168,134064,4.828505992889404,20637.43358540535,106.02339891266581,10602.339891266582,12351.366618057113,512.4191666666667,1236.607560123865,1041.800384619638,1026.3806825441334,1394.9878547592714,2562.095833333333,2.4732151202477297,6.855420887965464,7.8852238055706785,6.576577398483018,6.86275927829559
798,168,134232,4.861889362335205,20684.312719345093,105.88421956950029,10588.421956950027,12362.363373202117,542.1691666666667,1231.7722495854214,1273.281853315484,1258.2662230841613,1589.0323432459127,2710.845833333333,2.4635444991708426,6.266541854659238,7.597163983561596,6.550308235640418,6.894868068804742
799,168,134400,4.777034521102905,20730.858709335327,107.08245568795701,10708.245568795699,12386.133187460235,343.79583333333335,1334.0917853312026,1803.477714972971,1787.0936130745354,1809.3837918118188,1718.9791666666667,2.6681835706624053,6.631695791864316,6.681005782513998,6.513471534967688,6.750320758824214
800,168,134568,4.778303146362305,20780.766646146774,107.37749865647842,10737.749865647842,12342.238669418224,522.7241666666669,1081.7646371037154,1634.971462919007,1615.4651912723837,1629.2140632569926,2613.6208333333343,2.1635292742074306,6.766639557194932,7.480482529390422,6.472694788390007,7.092551217918862
801,168,134736,4.805887222290039,20830.134933948517,108.19895425469363,10819.895425469364,12440.444858796724,538.6108333333327,1081.9385999940287,1089.6854271226655,1073.5805912670385,1518.8162600010085,2693.054166666664,2.163877199988057,7.503573294930313,7.146064291765057,6.5328745499834024,7.195419188467995
802,168,134904,4.798980951309204,20879.902857542038,105.73916763269804,10573.916763269805,12300.25497824894,496.9125000000005,1229.425714979136,1210.49346896902,1194.8858794372402,1486.4035665927745,2484.562500000002,2.4588514299582718,6.86040071905046,7.196460497894389,6.621601045422745,7.048238437320585
803,168,135072,4.889688730239868,20928.6945040226,101.60466546278812,10160.466546278813,12540.640753004018,559.656666666667,1820.517540058538,836.5422929678523,804.5447471247263,1521.8791317853265,2798.2833333333347,3.6410350801170757,6.601288772649676,6.618361237538417,6.671953235124668,7.26478750600249
804,168,135240,4.845489501953125,20978.73498606682,105.89222738762943,10589.222738762941,12420.559534969729,501.57583333333383,1329.760962873451,872.3301243583353,858.3511378402734,1478.6690097400533,2507.879166666669,2.659521925746902,6.571631734107938,8.066496685827492,6.626270738894605,7.019236879072959
805,168,135408,4.90200662612915,21027.56466960907,99.92197406916692,9992.197406916692,12405.250718845055,927.0999999999998,1485.9533119283624,910.6997271150844,896.071806608684,1440.3415720875355,4635.499999999998,2.971906623856724,6.968253510070088,7.67666369999038,6.6395460787126455,6.9482517410056985
806,168,135576,4.7790162563323975,21074.729598522186,108.66775782692838,10866.77578269284,12500.55633856761,508.67583333333346,1125.1047225414366,761.4093916287126,747.1637728200008,1492.934451220348,2543.3791666666675,2.250209445082873,6.240671700103276,7.96494223428138,6.644637444621769,7.055681035452333
807,168,135744,4.852211236953735,21121.40230345726,107.976225100455,10797.6225100455,12440.042810111532,344.3808333333334,1298.0394667327018,966.0123714217276,951.7248500129666,1524.8007348234073,1721.9041666666665,2.596078933465404,6.724286188710701,6.647148355365985,6.60458928605779,6.821790415690892
808,168,135912,4.853578805923462,21167.02001953125,101.9108059548332,10191.08059548332,12408.720548872618,853.3999999999995,1364.2399533892992,801.4846961816813,788.6858382394181,1406.3187752712597,4266.999999999997,2.7284799067785985,6.973973918522132,7.3038330574576396,6.667341219423444,6.907798500315185
809,168,136080,4.877500057220459,21212.99099469185,100.18006676486115,10018.006676486115,12324.988531307034,684.8908333333334,1622.0910214875855,883.7103978253099,869.290806172218,1508.8968855232397,3424.454166666667,3.244182042975171,6.151118564135893,7.570272133826748,6.5799152549230815,6.605585352181983
810,168,136248,4.870546340942383,21260.40427851677,96.35692908650289,9635.69290865029,12228.994178707966,714.3633333333341,1878.9379367243437,2386.9382924108236,2366.380863614834,1893.0169913992618,3571.8166666666702,3.757875873448688,6.683697863392039,6.322103994893034,6.500066235347433,6.6863335144873925
811,168,136416,4.826139688491821,21306.46930885315,99.97789259977768,9997.789259977768,12495.58978844686,633.6833333333336,1864.1171951357574,1251.9411414477458,1235.8421046921694,1668.5321320726136,3168.416666666668,3.7282343902715143,6.925348086194609,6.158239108204078,6.54189984829754,6.71564436978078
812,168,136584,4.916735410690308,21352.514598846436,93.4620751019121,9346.207510191209,12482.318415640686,888.8308333333333,2247.2800721161434,1007.0424367078176,992.0455952409886,1535.7647041944788,4444.154166666667,4.4945601442322864,7.11459793549113,6.419346455003938,6.765573270323844,6.6800849424879
813,168,136752,4.834305047988892,21397.934641599655,94.58624120330813,9458.624120330813,12573.983519312487,843.3991666666662,2271.960232315009,797.6532235367365,780.8691646289382,1442.1892251958866,4216.995833333331,4.543920464630018,6.921917509514272,5.750729335266445,6.741965512889483,6.67459510152808
814,168,136920,4.854143381118774,21441.8143119812,99.09312198048144,9909.312198048143,12600.778009728085,693.8649999999998,1997.6008116799414,1178.422541027443,1162.5238259767898,1604.9255690813952,3469.3249999999985,3.9952016233598826,6.55129046246442,6.33876821098816,6.633180166265193,6.639744630168209
815,168,137088,4.874406099319458,21484.6235332489,102.68866845564277,10268.866845564278,12502.956093436067,582.4999999999991,1651.5892478717903,1017.9269697189056,1003.2055235613934,1520.9284461414125,2912.4999999999955,3.303178495743581,6.703555073246864,7.282876389542493,6.64439384940106,6.854616510441459
816,168,137256,5.008440971374512,21528.84787797928,105.59210835915212,10559.210835915212,12549.939886613893,369.9441666666668,1620.7848840320144,1280.8936498865985,1263.3123337643954,1786.1293118380677,1849.7208333333338,3.2415697680640294,6.778387283847639,6.530831141178038,6.558231810047495,6.74333586723945
817,168,137424,4.879422187805176,21574.621079921722,110.02220332873517,11002.220332873516,12651.232659740741,348.219166666667,1300.793160200558,834.7137326059885,821.4019223050226,1603.1754841726254,1741.0958333333347,2.6015863204011156,7.1456506182669655,6.435803251732529,6.61848531913712,6.816258446527443
818,168,137592,4.927889347076416,21622.08927345276,102.34061825500407,10234.061825500406,12585.160331378525,628.5516666666663,1722.5468392114508,1164.2357521687431,1143.5778497441534,1633.2558653278204,3142.7583333333314,3.445093678422901,8.036146861902886,7.296283624563725,6.4726164602412215,7.250055766952911
819,168,137760,5.036298513412476,21670.873295545578,104.20713791028695,10420.713791028693,12565.02645447497,660.1775000000005,1484.1351634462756,1189.0885578918555,1173.8665093453797,1574.2617265417266,3300.887500000002,2.968270326892551,6.981721492821347,6.563558513222565,6.520549846661275,6.78106617721267
820,168,137928,4.981825113296509,21717.792685508728,104.71701998014552,10471.701998014552,12635.646497091562,543.5991666666666,1620.3453324103452,987.3520791948285,973.6225509090876,1574.7445714920677,2717.995833333333,3.240690664820691,6.7989908578462135,7.750542666897602,6.628695454157123,6.86867959956577
821,168,138096,4.771944046020508,21788.053836107254,101.96622239821423,10196.622239821421,12409.561321359008,486.47249999999957,1726.466581537586,1167.336047939834,1150.7751009974609,1610.336942293014,2432.3624999999975,3.4529331630751727,6.9065148997033035,6.57833148764838,6.643777342828923,6.836493248161779
822,168,138264,4.715474367141724,21938.24784708023,105.94380379151733,10594.380379151733,12643.058831157487,328.9908333333329,1719.6876186724207,689.383093938437,673.5259695203943,1554.2329293956043,1644.9541666666646,3.439375237344841,7.088075949184258,6.178982441481039,6.762148418294022,7.1242410191375765
823,168,138432,4.724961757659912,22043.31549859047,109.1518979315841,10915.18979315841,12560.515584810859,288.9641666666666,1356.3616249857832,702.9537470083847,690.303183442727,1596.6315271422175,1444.8208333333328,2.7127232499715666,6.712781814872787,6.142936581702257,6.678733689403479,6.84673050382729
824,168,138600,4.853291273117065,22090.435132980347,106.34683916649621,10634.683916649621,12561.698451631737,513.7366666666671,1413.27786831545,920.7681154977159,904.756315096808,1552.668092322804,2568.6833333333357,2.8265557366308993,6.893046483499563,6.378471409914192,6.613534065355896,6.859231340629844
825,168,138768,4.868862867355347,22142.722262620926,93.09826155089078,9309.826155089078,12523.23468899449,859.9174999999999,2353.491033905414,711.4524047897498,697.1790639434612,1478.3881690685598,4299.587499999999,4.706982067810828,7.36547663274211,6.5707942639777945,6.941851726866226,6.817428608048255
826,168,138936,4.838129043579102,22205.795428037643,96.8529357211631,9685.293572116308,12412.721115193674,702.0216666666663,2025.405876410699,684.1835784999732,670.1790157744674,1400.4266734097441,3510.1083333333318,4.050811752821398,6.954168017993892,7.036719107527271,6.831171832965413,6.7535584279489065
827,168,139104,4.9024975299835205,22268.068230628967,98.1350429136258,9813.50429136258,12246.258420925078,778.1883333333329,1654.565796229165,868.5606464310032,852.270105476547,1455.8292206733927,3890.941666666665,3.30913159245833,6.878730404782562,8.04202744690125,6.665764916759865,7.04332577537612
828,168,139272,4.7644712924957275,22323.085713386536,106.60543824502145,10660.543824502143,12521.667419055513,556.0174999999998,1305.10609455337,957.9316678003318,943.3289118032797,1525.8331652274048,2780.0874999999987,2.6102121891067402,6.885575415482631,6.856212685482598,6.570237467961652,6.829603281528783
829,168,139440,4.91093373298645,22383.044615745544,106.16583537016845,10616.583537016846,12538.853170152932,390.3575,1531.912133136088,942.4478962389,929.0386432048315,1555.7798813309566,1951.7875000000001,3.0638242662721753,7.070321089585095,6.937689324437441,6.693951755568863,6.947363103487757
830,168,139608,4.77922511100769,22447.024978637695,97.96959216793738,9796.959216793737,12557.364079793442,480.01666666666665,2280.3881963330364,916.1070753396777,898.6343797326625,1540.0311118373122,2400.083333333333,4.560776392666073,7.789965980917531,6.717615980063869,6.956282788810249,7.388918721066263
831,168,139776,4.736119747161865,22504.09871530533,96.10173317299873,9610.173317299872,12518.172539015413,407.7475000000001,2500.251721715538,563.1906873297314,547.5221718836701,1342.8757801026134,2038.7375000000004,5.000503443431078,7.208007473733745,7.77619862414439,7.04373976466558,7.389185720347458
832,168,139944,4.709146022796631,22560.616275310516,99.61715962859847,9961.715962859847,12575.306379209322,353.4950000000002,2260.0954163494735,601.9353170812599,586.2365026514058,1499.4404715164646,1767.4750000000008,4.520190832698946,7.972284336998861,6.659882403487241,7.0124972063047935,7.333267460512554
833,168,140112,4.775656223297119,22619.208980321884,100.15711756742354,10015.711756742354,12448.054507305993,469.905833333333,1962.4369172303057,625.5511124117747,611.8424390527523,1295.374777949004,2349.529166666665,3.9248738344606116,6.797036609713262,7.90994654605796,6.924681531265278,7.043653146106469
834,168,140280,4.81762170791626,22676.445182085037,101.25514408574676,10125.514408574676,12480.63645849167,582.6449999999995,1772.4770499169947,961.2997579619184,946.3554850852457,1474.4534558760913,2913.224999999997,3.5449540998339897,8.124828776113153,8.239311058435614,6.703101714082974,6.966848836601158
835,168,140448,4.773456573486328,22734.121301174164,101.14961478301387,10114.961478301388,12512.119193582683,572.1841666666662,1824.9735486146283,1193.8954905192322,1176.7102754026434,1642.49640264959,2860.920833333331,3.6499470972292567,7.4200729694361645,6.669084853944343,6.649035469875196,6.923553095750118
836,168,140616,4.919003963470459,22792.26416039467,104.99498953213529,10499.49895321353,12541.782400799822,608.9974999999997,1433.2859475862938,812.5533641538473,798.0944023404179,1438.786446435569,3044.9874999999984,2.8665718951725876,6.947888896775454,7.264264915652988,6.638897945384364,6.9816287843192
837,168,140784,4.830499649047852,22854.861896514893,103.70733246848675,10370.733246848675,12385.319126001918,670.0491666666663,1344.5367124865752,1407.5685245621053,1391.6234433964687,1601.2995511725003,3350.2458333333316,2.6890734249731505,6.739892296917673,7.156781862235301,6.464943828968176,7.038372171882018
838,168,140952,4.823276042938232,22911.971708536148,101.76166583213771,10176.16658321377,12447.384236208225,646.6699999999998,1624.5476529944544,1119.7076925960414,1104.5462710509837,1456.5964995878678,3233.349999999999,3.249095305988909,7.09923804907969,8.187169599412487,6.6166802399303934,6.968858025608824
839,168,141120,4.790013074874878,22967.11591744423,104.92189930926983,10492.189930926983,12387.486102962455,567.9241666666674,1327.3720053688041,995.6820024513618,981.7249786818984,1520.152276187267,2839.620833333337,2.654744010737608,6.371266549401383,8.344801257164551,6.520649344468444,6.835997486845506
840,168,141288,4.9509382247924805,23046.001663208008,105.04007825718747,10504.007825718749,12408.958788698928,723.6924999999995,1181.2584629801804,1055.4166662680752,1040.1590428460956,1476.4379256908849,3618.4624999999974,2.362516925960361,6.858883541734834,6.658358729828747,6.510788083245215,6.778269043838155
841,168,141456,5.052137613296509,23094.989708423615,106.56983465652289,10656.983465652289,12342.454052117282,517.9524999999994,1167.518086464993,1312.961437607897,1295.5819545353595,1545.1587230092982,2589.762499999997,2.3350361729299864,6.015611525564481,7.999240132962107,6.45066672160698,6.864947449233191
842,168,141624,4.893764495849609,23158.63219833374,102.11353140644047,10211.353140644047,12618.753100320788,719.0300000000001,1688.369959676741,1084.2490260159616,1070.492005183739,1583.2063737386457,3595.1499999999996,3.376739919353482,7.023030003640702,6.742846263772293,6.678783451082682,6.827128975238876
843,168,141792,4.911207675933838,23227.416608572006,91.14632780891415,9114.632780891416,12526.206165010652,751.1450000000007,2660.4283841192346,709.4099311535749,696.1775210204305,1492.4354205841585,3755.725000000003,5.320856768238469,7.605792908039395,5.605621801471133,7.050262155605778,6.9237524249336175
844,168,141960,5.038384437561035,23272.82842516899,93.04143562982058,9304.143562982059,12540.888866323427,794.0366666666666,2442.7086366747026,628.1201537353973,615.0689038979111,1341.5742583015722,3970.1833333333334,4.885417273349406,7.672705440279911,6.153885961650105,6.990819008386663,6.946437700291112
845,168,142128,4.9266438484191895,23326.68577861786,105.39971374444434,10539.971374444433,12471.219232498755,537.4433333333336,1393.8045247209884,1050.943379772316,1037.4863292932332,1558.8734377514902,2687.216666666668,2.787609049441977,6.393901411201023,6.930941999753549,6.639302680890203,7.026147400045625
846,168,142296,4.811260223388672,23378.898981809616,100.42942052653385,10042.942052653383,12442.730108475303,486.75333333333344,1913.0347224885863,543.4571897293608,530.0283581647768,1410.8496525190665,2433.7666666666673,3.826069444977173,6.329286645280297,7.584491491122119,6.889435709640162,7.057733437682871
847,168,142464,4.773651838302612,23431.292016744614,104.58566455658092,10458.566455658094,12427.833969418642,338.6316666666669,1630.6358470938796,602.2864582144593,587.1505017771883,1345.188492384115,1693.1583333333342,3.2612716941877595,6.973198526823189,7.199161208949953,6.743024076248306,7.220031527258354
848,168,142632,4.8493218421936035,23485.809743881226,98.96876076714024,9896.876076714023,12231.513766189684,735.1566666666663,1599.481022808994,817.8838867173745,802.3588285533326,1341.314041578023,3675.783333333331,3.1989620456179884,6.629973327733289,7.773307948744457,6.64678135477668,6.837954568443534
849,168,142800,5.0602405071258545,23538.191466331482,104.77168133796803,10477.168133796804,12534.556256030904,710.0699999999999,1347.3181222341027,707.7404204019092,693.2563538943812,1445.379458684611,3550.3499999999995,2.694636244468205,6.543932297212825,7.674264806429019,6.631925801179366,6.893171095653118
850,168,142968,5.365159034729004,23598.756883621216,97.58650110817598,9758.6501108176,12312.892937805726,835.2591666666664,1718.9836603214592,864.7737400013109,849.5113707316924,1487.8483528388829,4176.295833333332,3.437967320642918,6.442622925879146,8.029892586272569,6.585919029259902,6.859109448209797
851,168,143136,4.893363952636719,23667.427453279495,106.13959220186985,10613.959220186985,12419.739515147561,529.7666666666668,1276.013628293909,1432.6105309881573,1416.0735813155006,1616.7133190619118,2648.833333333334,2.5520272565878184,6.80614151552958,7.4774803448607186,6.407512769113164,6.839066436942382
852,168,143304,4.843703031539917,23765.198748350143,104.06456077464736,10406.456077464736,12477.931797498337,518.6891666666666,1552.786553366933,953.2124161955463,939.330653535715,1449.212107462366,2593.445833333333,3.105573106733866,6.7593137916092685,7.777708954124661,6.655803976974599,6.90880816220203
853,168,143472,4.856731653213501,23858.1438164711,107.08574613627243,10708.574613627243,12587.891642318724,561.2066666666667,1318.1103620248123,1057.0709441429462,1043.092954856466,1558.2194846470513,2806.033333333333,2.6362207240496245,6.47385615450542,7.7468774272689,6.550229452245705,6.8711283171694815
854,168,143640,4.829229831695557,23943.750819206238,104.07640224259254,10407.640224259256,12406.399419910867,544.9308333333342,1453.8283623182797,706.5011988943966,691.6404441842203,1360.385236809693,2724.654166666671,2.90765672463656,6.712467789096418,6.852645238628591,6.640150751892619,7.011346583309752
855,168,143808,4.776979446411133,24000.662971019745,109.3500421181752,10935.004211817519,12438.065685371275,356.0733333333335,1146.9881402204228,973.2781197711411,959.4275993971135,1517.3963240959324,1780.3666666666672,2.2939762804408454,6.758702273622391,7.363369448600414,6.585976686891591,6.887049800248729
856,168,143976,4.897852897644043,24065.66485929489,102.63388678546235,10263.388678546235,12494.286980826513,498.48416666666645,1732.414135613612,1285.0456672564274,1268.1574375832429,1583.5291535911952,2492.4208333333327,3.464828271227224,6.732388507649628,6.776339458069636,6.441039530901708,6.946621514176836
857,168,144144,4.75074315071106,24125.278875112534,107.01264564434382,10701.264564434383,12446.001155488622,444.3591666666666,1300.377424387575,798.1943437444863,783.8500629834894,1437.7376546385713,2221.7958333333336,2.60075484877515,7.571347878686994,7.570976994004818,6.629557468823531,7.095175585497582
858,168,144312,4.893305540084839,24184.444930553436,105.95363748133818,10595.363748133817,12474.630588699913,732.9341666666669,1146.3326738994272,883.2631673605296,870.1015735581394,1424.5823587897235,3664.6708333333345,2.292665347798854,6.703516298803266,7.430605254381518,6.598439129293659,7.060403746932842
859,168,144480,4.774662971496582,24253.936438322067,105.82707827990251,10582.707827990253,12355.01431991259,499.4833333333331,1272.8231585890064,1051.4744088823159,1036.920359760748,1414.9826184305755,2497.416666666665,2.5456463171780133,6.757066545659098,7.208576340971819,6.627002722760063,6.924485943341757
860,168,144648,4.978912591934204,24296.64101409912,95.29888913854036,9529.888913854036,11918.419762975936,637.498333333333,1751.0325157885673,2110.3054158312484,2091.7477285529794,1734.67823716727,3187.491666666665,3.502065031577134,7.466861785228049,7.416204708219556,6.446518725469308,7.1706370147829475
861,168,144816,4.816147565841675,24357.786663770676,105.39421927257987,10539.421927257989,12192.422230769977,516.6433333333333,1136.3569701786537,1489.2763911081,1473.4488432316753,1540.1351900166107,2583.2166666666662,2.272713940357307,6.541939884353116,7.752271797184082,6.2938704040412965,7.1328915287744845
862,168,144984,4.791036128997803,24400.37950015068,102.55354463700249,10255.354463700247,12172.975597707951,653.0216666666668,1264.599467341035,2245.5864174955586,2225.1003860118017,2070.041920242542,3265.1083333333336,2.5291989346820696,6.410051701369491,7.667255043108054,6.122843272687541,7.145768065240772
863,168,145152,4.851723670959473,24452.663293600082,102.9482470604899,10294.82470604899,12204.438311448379,640.4033333333329,1269.210272066056,1191.146369964901,1175.3463577679702,1325.734791105626,3202.016666666664,2.538420544132112,7.501603535545106,8.048191883039616,6.473464822258945,7.1063285822631395
864,168,145320,4.719823837280273,24503.220372915268,105.47842588913788,10547.842588913787,12318.51543714477,456.6150000000006,1314.0578482309838,2295.5077598253233,2272.106015991841,2001.1650706340556,2283.0750000000025,2.628115696461968,6.864164187755005,6.739231951749644,6.367401425134078,7.246090837801933
865,168,145488,4.749717950820923,24546.037414073944,109.95381481271977,10995.38148127198,12337.859975266907,305.35833333333335,1037.1201606615973,1306.1982830617894,1290.7268504811445,1576.1712134659133,1526.7916666666667,2.074240321323195,6.6057221407286875,7.889662067734193,6.4541579556801105,7.11878656592211
866,168,145656,4.853445529937744,24603.436398744583,109.46550810955938,10946.550810955938,12576.952876030173,377.96500000000015,1252.437065074235,1303.5408541469974,1281.0587586182417,1740.4347305020624,1889.8250000000003,2.50487413014847,6.827042293101858,7.75851867112346,6.572825768248239,7.207339779475357
867,168,145824,4.804238557815552,24646.75446844101,108.42928261431595,10842.928261431596,12217.572938227033,449.18166666666656,925.4630101287712,1363.2650089365716,1347.6234091638514,1506.0106776836228,2245.9083333333324,1.8509260202575426,6.509625288695021,7.696147973598511,6.449390040633638,7.1053369130850355
868,168,145992,4.735144853591919,24711.701929330826,105.7747754285518,10577.47754285518,12234.426410572913,400.16416666666623,1256.7847010510682,1552.7191423104393,1533.9476985502915,1549.0428585184452,2000.8208333333312,2.5135694021021364,6.847975212689594,7.851766564193296,6.497937260291701,7.305267984260434
869,168,146160,4.785192966461182,24754.578992843628,108.80041346452012,10880.041346452012,12442.398048894716,548.674999999999,1013.6817024427041,1441.4604844706905,1423.908305507514,1646.8701144158326,2743.374999999995,2.027363404885408,6.8678659662944215,6.810052438359007,6.482073754776296,6.951672871541061
870,168,146328,4.809080362319946,24818.296354293823,109.79951186912334,10979.951186912334,12413.236330651394,392.2725,1041.0126437390586,1563.5431685521148,1549.1219917120825,1701.1162535918484,1961.3624999999997,2.0820252874781175,7.064588020760139,6.907424777114912,6.497435267488624,6.828770840237212
871,168,146496,4.881161212921143,24860.886108636856,103.935695978644,10393.5695978644,12350.51004412505,641.4566666666669,1315.4837795939834,1977.197799661948,1958.8434054566244,1733.7343156108852,3207.283333333334,2.630967559187966,5.963325389467147,6.411464458470243,6.436141636050533,6.76118977946999
872,168,146664,4.847205638885498,24915.46648788452,108.53780591125026,10853.780591125027,12335.710613933185,363.3416666666666,1118.5883561414919,1296.5307812917174,1282.3487973767053,1498.426643394642,1816.708333333333,2.2371767122829835,6.498841340563101,7.235750727723557,6.487885185186079,6.877970560547936
873,168,146832,4.747595548629761,24960.951270341873,105.83114955590369,10583.114955590372,12377.289987534728,398.8508333333334,1395.3241986110233,1671.6494619781702,1655.9139385989506,1795.737885133684,1994.2541666666666,2.7906483972220464,6.687172151419818,7.676930073442426,6.47897790087775,6.979827350152924
874,168,147000,4.817139148712158,25003.852597475052,101.09381966243848,10109.38196624385,12536.168866802593,537.8300000000005,1888.9569005587425,919.9308872781751,905.6004192656783,1628.9007883918944,2689.1500000000024,3.777913801117485,7.343366925714793,5.935370681785552,6.6450672655146965,6.822543115136966
875,168,147168,4.9487385749816895,25057.93489408493,93.47887283054146,9347.887283054146,12447.877878756528,1141.2416666666663,1958.7489290357153,2385.5212984013283,2361.344245597017,1940.7335172688913,5706.208333333332,3.9174978580714304,7.186560456470824,7.598093402423433,6.368164288442756,6.785461322999209
876,168,147336,4.789260387420654,25101.67452979088,76.25593170500031,7625.593170500029,9812.031401417558,854.2883333333334,1332.1498975841953,6423.886920572389,6377.496828560123,3100.0195906598474,4271.4416666666675,2.6642997951683904,6.199551046466549,7.984745173314633,6.047501820961148,6.737084813964435
877,168,147504,4.987985849380493,25163.289892196655,90.85552301532417,9085.552301532418,12390.876649166315,1288.4550000000002,2016.8693476338995,2338.92376603772,2313.605971798414,1911.3534643584924,6442.275,4.0337386952677985,7.090982094586886,6.325779972238558,6.29764465748168,6.485436868556495
878,168,147672,4.87946343421936,25206.672488212585,97.88938716622258,9788.938716622257,12324.33414640144,607.3791666666664,1928.016263112515,1168.9410432677687,1152.26009242519,1524.7397982523341,3036.895833333332,3.8560325262250306,7.934452551292571,7.215163486335901,6.651885428535053,7.110487950860687
879,168,147840,4.856208086013794,25271.70619368553,94.8706101457008,9487.061014570078,12204.827724454917,569.2291666666665,2148.5375432181736,1447.1169838486976,1432.1332207520768,1757.3080441762268,2846.145833333332,4.297075086436347,8.896155737261678,6.5853579129476065,6.84061488399055,6.998594515027194
880,168,148008,4.923354864120483,25314.69456577301,103.71527683165351,10371.52768316535,12533.039433296462,514.8749999999997,1646.6367501311113,2174.8314210730123,2155.2847128872804,2024.2403227332943,2574.374999999998,3.293273500262223,6.958765287655461,5.986151028373451,6.518775146395099,6.776463588367979
881,168,148176,4.929501295089722,25376.472061395645,106.194233097856,10619.4233097856,12529.906912862914,597.245,1313.238603077315,2297.378689272422,2278.681970840882,2037.0655242308515,2986.2250000000004,2.62647720615463,6.6480341850809355,6.9540082118480155,6.3729729979925995,6.83833464851397
882,168,148344,4.825639486312866,25420.269724845886,106.17517514786738,10617.517514786738,12497.277002565632,465.12499999999966,1414.6344877788952,1328.387328197532,1312.9487814096078,1731.8528910312746,2325.624999999998,2.8292689755577904,6.91850368086547,7.323403521414598,6.6140622073678985,7.046814184164516
883,168,148512,5.357626914978027,25472.595316410065,100.00797613686312,10000.797613686313,12448.62536529997,525.0400000000002,1922.7877516136577,1653.1977163227532,1633.2355279324229,1765.4516369360801,2625.200000000001,3.845575503227316,6.772964928600483,6.212144331310737,6.6902644272084455,7.028238047873063
884,168,148680,4.9291417598724365,25528.75931596756,107.32531457913454,10732.531457913454,12418.119095801174,514.6808333333336,1170.9068045543836,1649.1842670662584,1632.4413420418778,1811.6988875973934,2573.404166666668,2.3418136091087676,7.497997833648196,6.055438216546425,6.46193994040318,6.802195287172895
885,168,148848,5.123145341873169,25573.55813241005,107.37405645601274,10737.405645601273,12263.17904301944,521.4141666666665,1004.3592307514992,1780.4395648990144,1763.1747012454978,1758.3161793790634,2607.0708333333323,2.0087184615029985,6.988335254240271,7.421712917057136,6.297697561942001,6.908532055791676
886,168,149016,4.986117124557495,25626.166996479034,107.91789353531985,10791.789353531984,12520.496537703613,414.8958333333333,1313.8113508382964,1923.852677562217,1903.7127967552558,1920.6581309271123,2074.4791666666665,2.627622701676593,6.512606520863474,6.771685793515621,6.413214317567492,6.821403878342245
887,168,149184,5.022769212722778,25677.593108177185,104.31128883763907,10431.128883763904,12603.15642572262,517.5533333333332,1654.4742086253818,1428.2027705902028,1412.044923378192,1704.256312549684,2587.7666666666655,3.3089484172507637,6.792305732888069,7.391965020202603,6.598034843139777,6.882108890841959
888,168,149352,4.903955698013306,25734.90772008896,106.03973839481439,10603.97383948144,12194.202952645152,430.75666666666666,1159.4724464970445,985.2752729561022,971.5957431147277,1669.506146996719,2153.7833333333333,2.318944892994089,6.832190966818054,6.042228770667655,6.565248811126051,7.071053050533775
889,168,149520,4.826661109924316,25804.26334810257,108.74106516444367,10874.106516444368,12427.24203650613,330.5491666666669,1222.5863533950976,1316.0543113402864,1299.5246081485452,1686.9604987991913,1652.7458333333345,2.445172706790195,5.989642180272657,6.641429471475439,6.556809847310603,6.9359770419693785
890,168,149688,4.890577077865601,25864.988483190536,106.32667778844274,10632.667778844274,12433.73689694472,559.6533333333329,1241.415784767113,1215.6691488273118,1201.2667892666918,1583.6872231471139,2798.266666666664,2.482831569534226,6.796852475733138,6.70336406327375,6.589196640720437,6.9068428665617585
891,168,149856,4.846783399581909,25931.31603908539,109.89714168598917,10989.714168598917,12507.239831705207,553.7866666666667,963.738996439623,1303.786853979159,1288.1471640985196,1732.846471936989,2768.9333333333334,1.9274779928792458,7.005065187052435,7.1318029750968215,6.42786738963292,7.030856007669092
892,168,150024,4.971874237060547,25992.096223831177,98.9226948560887,9892.26948560887,12145.727970195649,711.7808333333335,1541.6776512534461,1278.5145411265128,1259.9868958464717,1693.5194438996775,3558.904166666667,3.0833553025068925,6.274758008626512,6.255654348749656,6.612603403839741,7.024903105194703
893,168,150192,4.879822015762329,26059.310606718063,104.26032941407925,10426.032941407924,12477.38440184467,524.1666666666663,1527.184793770079,1332.581290091185,1314.3341561871812,1639.6316736171664,2620.833333333331,3.054369587540158,6.707660107634139,6.315316251831783,6.558338497490987,6.767180777380271
894,168,150360,5.097773551940918,26120.508868694305,102.38271791065628,10238.271791065628,12573.451189284897,605.1550000000004,1730.0243982192692,1507.07746445771,1489.9584262534177,1777.983134497665,3025.775000000002,3.4600487964385387,6.677324214530207,6.761126144666641,6.531020207972468,6.547877726194922
895,168,150528,6.002787828445435,26192.38879966736,103.08252718422106,10308.252718422107,12300.086926118645,465.4441666666667,1526.3900410298725,1618.957032953513,1599.093946236108,1583.0727544174913,2327.2208333333333,3.0527800820597446,6.746861509655264,7.266784572174771,6.527150303691028,6.834893980164706
896,168,150696,5.672167062759399,26256.57644891739,99.76665809471412,9976.665809471411,12269.633137418325,475.31166666666644,1817.655661280247,2258.128384236938,2237.9421828020154,1988.0843183365394,2376.558333333332,3.6353113225604936,7.0504225184010725,6.329309400635778,6.552023772301602,7.004168930632908
897,168,150864,5.452735662460327,26337.667682409286,102.83647861922938,10283.647861922938,12605.402090840884,550.9099999999999,1770.8442289179454,1204.3582125103017,1188.3096227232031,1656.1854423506506,2754.549999999999,3.5416884578358907,7.094699860775749,7.692153612956291,6.680917150769196,6.922860486694496
898,168,151032,5.549466371536255,26392.570618391037,102.5209925312246,10252.09925312246,12507.486083051692,495.6158333333338,1759.7709965958968,1742.4935913942109,1716.9585520326527,1731.5337528771754,2478.0791666666682,3.5195419931917935,6.808329445548206,6.6594304592514835,6.553845347490163,6.751447358528848
899,168,151200,5.085796356201172,26452.372908115387,104.01530158828012,10401.530158828013,12381.773699650908,462.8616666666664,1517.381874156228,1367.0834632425863,1348.7193425728112,1665.3632058739663,2314.308333333331,3.0347637483124563,6.705425989537446,7.1829152722864595,6.569391077728777,6.971763956958561
900,168,151368,5.21311616897583,26516.547237873077,106.12250320676091,10612.250320676092,12269.00276132798,582.8566666666671,1073.895773985221,1404.7604179909777,1388.9829468227438,1646.20796220187,2914.2833333333356,2.1477915479704417,7.015726982576351,6.815353366499509,6.4957040456484565,6.845945509613041
901,168,151536,5.1230714321136475,26583.699793815613,103.7624671403251,10376.24671403251,12394.020555887266,601.7591666666669,1416.0146751880905,1417.6179439861457,1401.487959409278,1622.2882268523274,3008.7958333333345,2.832029350376181,6.862511037977916,6.439943159314134,6.537940536792581,6.7708459216244234
902,168,151704,5.247331380844116,26649.35880112648,101.82991857806232,10182.991857806233,12415.319049195365,487.4891666666666,1744.8380247224645,960.4804564194824,946.1327400638055,1404.8496568789499,2437.4458333333328,3.4896760494449293,6.583620139743968,7.04567991614081,6.728988565275629,6.870628662087817
903,168,151872,5.312437057495117,26715.71228504181,99.88587989377928,9988.587989377927,12506.369860613995,631.4183333333324,1886.363537902736,964.2642439154818,947.0039154583044,1484.785488336369,3157.0916666666617,3.772727075805472,7.33173779908803,6.569486829173816,6.710721037686706,6.84173008480889
904,168,152040,5.241466999053955,26780.377283096313,99.3691748632627,9936.91748632627,12326.383354308273,709.5499999999995,1679.915867982005,1014.9435111667642,999.3149732782147,1439.330001479574,3547.7499999999964,3.3598317359640104,6.380855261586426,7.41511962260241,6.650491091224474,6.795830634431682
905,168,152208,5.929150104522705,26846.584973573685,103.23131816511055,10323.131816511053,12364.919765397364,604.6199999999997,1437.167948886312,1418.0752222823876,1400.663261176196,1599.2509215182542,3023.099999999998,2.8743358977726237,8.584916705825139,7.396279021363253,6.446424563528454,6.707973677350077
906,168,152376,6.177059650421143,26912.297627449036,99.95460166054184,9995.460166054183,12336.473864017898,764.2875000000006,1576.7261979637128,993.2349351860998,976.2268182178732,1511.9552785498977,3821.437500000002,3.153452395927426,9.2622905546877,8.742546471976253,6.620177532097317,6.9296883674153475
907,168,152544,5.70119047164917,26982.06019473076,101.08777712488637,10108.777712488638,12423.350936287537,780.0074999999999,1534.5657237988985,1567.6211767517493,1551.2613426179041,1618.2708360546085,3900.0375000000004,3.0691314475977975,7.162883374124382,6.425100848351411,6.508564970563565,6.665119340870678
908,168,152712,6.2182934284210205,27040.777356863022,109.76186799787337,10976.186799787334,12390.437703111924,366.38333333333276,1047.8675699912571,1480.6572531055804,1463.4466187319335,1659.8602676813405,1831.916666666664,2.0957351399825144,6.396938282193167,7.165280506921829,6.482391441137172,6.965423210401433
909,168,152880,6.939403295516968,27117.785284280777,106.05134745121228,10605.134745121228,12398.70754975752,496.92916666666656,1296.6436379696238,1195.3473488291806,1180.722047586616,1532.211141354034,2484.6458333333326,2.5932872759392476,7.072843255817749,7.0146152627442335,6.569724202381846,6.934029905487992
