episode,steps,global_step_end,episode_time_s,elapsed_run_time_s,total_reward,total_reward_raw,total_reward_benefit,total_reward_chemical_cost,total_reward_ph_cost,total_stage1_vfa_produced_kgCOD,total_stage2_vfa_removed_kgCOD,total_stage1_ch4_m3,total_stage2_ch4_m3,total_total_ch4_m3,total_chemical_m3,total_chemical_kmol,total_ph_violation_pH_d,final_stage1_pH,final_stage2_pH,mean_stage1_pH,mean_stage2_pH,update_policy_loss,update_value_loss,update_entropy,update_approx_kl
0,168,168,6.96818995475769,8.911924600601196,54.934859885435884,5493.485988543587,12294.863646128704,288.83333333333303,6512.544324251784,896.1854056924902,859.1102520339815,11028.072738051062,1266.7909080776433,12294.863646128704,79.45833333333326,1444.1666666666652,13.025088648503566,7.960963541841234,10.85773019765467,7.630823037256247,8.26589953358161,,,,
1,168,336,6.880552291870117,16.297648668289185,-5.934266068579923,-593.4266068579923,11842.367301913966,302.21250000000015,12133.581408771957,2010.1347203244277,1842.46272827295,10430.814129117662,1411.5531727963034,11842.367301913966,76.08333333333334,1511.062500000001,24.267162817543912,7.734411491002951,12.290471611760069,7.893562819597134,9.763890917655946,,,,
2,168,504,6.89242148399353,23.822859287261963,14.520406658225802,1452.0406658225806,11382.23717487579,294.52749999999975,9635.66900905321,2371.6700018252614,2207.346208228806,9735.282775902004,1646.9543989737872,11382.23717487579,79.2499999999999,1472.6374999999985,19.271338018106423,8.60140449935836,9.429144023736827,8.132141987427525,8.790820131670321,,,,
3,168,672,6.520053863525391,31.01514983177185,-24.89260792888051,-2489.2607928880507,10791.9660959608,308.4341666666669,12972.792722182183,3064.486686483214,2824.3569521034137,9269.224311750782,1522.7417842100185,10791.9660959608,76.91666666666673,1542.1708333333345,25.945585444364365,8.416699741583486,12.144657880264607,8.138746535893445,9.733755723467462,,,,
4,168,840,6.15445876121521,37.706701040267944,21.300731085428268,2130.073108542827,12281.815636323974,292.07166666666654,9859.67086111448,794.762600774401,719.4225912459805,11117.271915628095,1164.5437206958813,12281.815636323974,76.04166666666666,1460.3583333333327,19.71934172222896,7.582258960505917,12.250663388081117,7.5161883818267885,9.448769576765114,,,,
5,168,1008,5.933836460113525,44.494821548461914,14.655712090308647,1465.5712090308646,11878.563571183875,269.2341666666668,10143.758195486344,1286.4405556948732,1180.197707318374,10642.096068144001,1236.4675030398737,11878.563571183875,67.25000000000003,1346.170833333334,20.28751639097269,8.424240756722877,12.071230186228721,7.768894479706977,9.301199642633788,,,,
6,168,1176,5.880332946777344,51.00522971153259,4.94599596360351,494.59959636035137,10576.84759992119,295.4041666666666,9786.843836894172,2815.3511939038353,2663.564852715732,8943.496098795687,1633.3515011255008,10576.84759992119,78.37499999999997,1477.0208333333333,19.573687673788342,8.413438324457454,9.634661030201201,8.210668788053571,8.78461107042117,,,,
7,168,1344,5.913496017456055,57.54771566390991,-27.854734196580047,-2785.473419658005,11766.381357246475,310.9799999999999,14240.87477690448,1155.0179014074024,1005.4218174817822,10577.774566598357,1188.6067906481178,11766.381357246475,77.08333333333329,1554.8999999999996,28.48174955380896,7.832374105292958,12.465155712118337,7.742438122679116,10.52954814515476,0.0017505630385130644,20.664936065673828,3.455947160720825,0.00017654616385698318
8,168,1512,6.453690528869629,64.86716628074646,61.294616370437,6129.4616370437,12530.735589432275,197.0866666666666,6204.18728572191,921.08672846387,878.8738004028821,11108.68859475811,1422.046994674166,12530.735589432275,55.5833333333333,985.4333333333329,12.408374571443819,7.86908521518348,8.637431804276062,7.670706433711543,8.226195987096615,,,,
9,168,1680,6.362324476242065,72.07669305801392,22.59421978342259,2259.4219783422586,12361.328697507253,280.2916666666663,9821.61505249833,1204.1095666748838,1092.5100922167278,11061.41710033112,1299.9115971761323,12361.328697507253,72.04166666666657,1401.4583333333312,19.643230104996654,7.722851482685953,12.20179061175197,7.667060504425403,9.30982035380972,,,,
10,168,1848,5.910246849060059,78.8497633934021,39.719622157216584,3971.9622157216586,12150.572719922824,231.08583333333337,7947.524670867831,945.64033972174,865.385755125657,10883.137403457622,1267.435316465203,12150.572719922824,60.624999999999986,1155.4291666666668,15.895049341735664,8.158703551531744,9.620580861997894,7.665552108469376,8.757581961495706,,,,
11,168,2016,5.896795034408569,85.77572417259216,3.9164181982483868,391.64181982483933,12334.026233403427,308.5258333333336,11633.858580245254,1194.7175133136575,1080.5514173726565,11008.98651921094,1325.039714192487,12334.026233403427,76.25000000000003,1542.6291666666677,23.267717160490506,7.793584058076724,12.503515894972418,7.735406592016938,9.79667810105888,,,,
12,168,2184,5.880926132202148,92.57635998725891,49.9176870987855,4991.76870987855,12015.832667521618,273.9541666666669,6750.109790976402,868.7833987257386,821.6200610153869,10705.197564864062,1310.6351026575562,12015.832667521618,74.5416666666667,1369.7708333333344,13.500219581952804,8.194770341193443,9.809239948453008,7.622014769880961,8.475566973373521,,,,
13,168,2352,5.672559499740601,99.23573660850525,38.53293843210339,3853.2938432103388,12414.958812284865,285.5925000000001,8276.072469074526,784.2058221786253,705.8469554583048,11157.010191983547,1257.948620301319,12414.958812284865,76.45833333333333,1427.9625000000003,16.552144938149056,7.532635755621123,11.772779702349899,7.558656896629078,9.003796070246096,,,,
14,168,2520,5.919606447219849,106.24380087852478,25.827264238992097,2582.7264238992093,11684.664463811994,337.6008333333335,8764.337206579452,1521.3999329643061,1427.261771496204,10185.895100729136,1498.7693630828592,11684.664463811994,94.16666666666669,1688.0041666666677,17.528674413158903,8.430517693833943,9.326694533833468,7.949929817517702,8.733881422448961,,,,
15,168,2688,6.063662767410278,113.63317394256592,19.253905052690527,1925.3905052690527,11797.979245842922,267.95666666666665,9604.632073907203,2836.8015589406896,2631.4726440330583,10156.700183300567,1641.279062542355,11797.979245842922,70.62499999999997,1339.7833333333333,19.20926414781441,7.770512782661512,9.72178033375585,8.024003715528313,8.892951105420428,-0.051851339638233185,16.842708587646484,3.454418182373047,3.8640573620796204e-05
16,168,2856,5.596354246139526,120.45688343048096,23.200879676596426,2320.087967659643,12385.714313662898,256.40499999999975,9809.221346003254,660.06157359324,562.3109909017072,11200.520243799605,1185.1940698632925,12385.714313662898,66.62499999999997,1282.0249999999987,19.61844269200651,7.581892353180864,11.962611748301567,7.428399796885347,9.581721449180542,,,,
17,168,3024,5.810225486755371,127.49469232559204,11.618184515502174,1161.8184515502176,12331.393759460821,284.38500000000016,10885.190307910605,1603.236558282383,1417.9081186920394,10947.445383248461,1383.9483762123593,12331.393759460821,71.12500000000006,1421.9250000000006,21.77038061582121,7.634921843720415,12.281072307585731,7.805547698691358,9.509778575710666,,,,
18,168,3192,5.744538307189941,134.6652557849884,56.351005765486505,5635.10057654865,12457.169532995487,276.3025000000002,6545.766456446838,1061.932907070147,1016.406426847071,11092.300217122538,1364.8693158729488,12457.169532995487,75.83333333333337,1381.5125000000007,13.091532912893674,7.712067725411119,9.81631653174473,7.712498661253001,8.233509370061102,,,,
19,168,3360,5.77680516242981,141.75091934204102,-20.659970307184253,-2065.9970307184262,11636.299774985304,317.52250000000015,13384.77430570373,1414.6923930927778,1269.159176983907,10463.52007133162,1172.7797036536836,11636.299774985304,81.2916666666667,1587.6125000000006,26.76954861140746,7.793648807491018,12.251894572460365,7.7466106877716205,10.264475182487493,,,,
20,168,3528,6.23343563079834,149.30248975753784,-16.804793847039782,-1680.479384703978,12230.618893184317,299.4450000000003,13611.653277888294,825.2752567614399,691.0724609164201,11048.944961490179,1181.673931694136,12230.618893184317,74.00000000000004,1497.2250000000008,27.22330655577659,7.656631634065927,12.44689587807377,7.64435096645772,10.43937966145111,,,,
21,168,3696,5.839316129684448,156.54747605323792,48.14853695458757,4814.853695458758,11667.697202789572,255.28416666666664,6597.559340664147,777.2959791703006,727.0353094513365,10534.458520561153,1133.2386822284188,11667.697202789572,70.62499999999997,1276.4208333333331,13.195118681328296,8.328892956996238,9.54082082989873,7.528240534628318,8.418531436036877,,,,
22,168,3864,6.38714075088501,164.51243448257446,-100.07452921331101,-10007.452921331102,9294.912492784928,343.3741666666665,18958.99124744936,3954.015416578715,3551.5012638597964,7989.113924829787,1305.7985679551412,9294.912492784928,84.0416666666666,1716.8708333333325,37.91798249489872,7.811569125484439,12.449413235858694,8.42899516171118,11.19491175174142,,,,
23,168,4032,6.076339244842529,172.1861822605133,19.06260085921992,1906.260085921991,11739.433245566357,311.5208333333336,9521.652326311032,1679.5926383623278,1562.0186391984123,10375.366415271837,1364.0668302945182,11739.433245566357,80.0,1557.6041666666679,19.043304652622062,8.329718801677299,12.195178767656035,7.831349044507244,9.088074890923698,-0.05989121273159981,37.68875503540039,3.4528870582580566,5.2310155297163874e-05
24,168,4200,5.80059027671814,179.7073426246643,-5.269507239532945,-526.9507239532941,11624.012158787122,275.54916666666634,11875.413716073748,1528.6023219833776,1386.277761980907,10353.768325098154,1270.2438336889663,11624.012158787122,69.7916666666666,1377.7458333333316,23.750827432147496,9.03710420875167,11.47044658090838,7.874282630619581,9.668248726492381,,,,
25,168,4368,5.737193584442139,187.26568245887756,-25.973432970734237,-2597.3432970734234,11518.938589378638,302.18250000000006,13814.099386452064,1174.6664040444234,1064.364301158668,10305.450956975108,1213.4876324035329,11518.938589378638,73.29166666666669,1510.9125000000001,27.628198772904124,8.310504734554064,12.457103436258942,7.758070169262799,10.372350057593831,,,,
26,168,4536,6.249162197113037,195.37510919570923,41.04654474431835,4104.654474431835,12118.142100097182,298.6250000000002,7714.862625665346,1230.6051184973107,1164.1450646743433,10846.423373467682,1271.7187266295018,12118.142100097182,81.41666666666669,1493.125000000001,15.429725251330694,7.742302798583762,10.225666821812633,7.778649807180629,8.543030707837161,,,,
27,168,4704,6.658285140991211,203.76453042030334,23.04362064825682,2304.362064825682,11705.568104846818,280.55250000000024,9120.653540021136,2887.111697183774,2739.033555079074,9905.6260420082,1799.9420628386174,11705.568104846818,75.54166666666669,1402.7625000000012,18.241307080042272,7.70306099540902,9.581701859109998,8.076189353812232,8.710851557068963,,,,
28,168,4872,6.546708106994629,212.18952417373657,53.608286945000685,5360.828694500068,12190.322377190132,248.61749999999984,6580.876182690063,1206.0945742831645,1158.0989377320225,10768.5985223646,1421.723854825531,12190.322377190132,69.29166666666663,1243.0874999999992,13.161752365380126,8.324536695322221,9.05203888091136,7.77378755406635,8.115221077833525,,,,
29,168,5040,5.953469276428223,219.81096577644348,29.448284385592768,2944.828438559277,11933.296609276502,228.9291666666668,8759.539004050555,1270.7582693300699,1179.871410308619,10583.118487315656,1350.1781219608447,11933.296609276502,58.45833333333336,1144.645833333334,17.51907800810111,7.925952935937258,9.9030774054275,7.792417818316181,8.910311862292414,,,,
30,168,5208,6.110482692718506,227.64928674697876,37.434695282694705,3743.4695282694706,12450.36628509577,274.4141666666669,8432.48259015963,1131.8527704386047,1049.23162448416,11059.381561491791,1390.984723603976,12450.36628509577,73.58333333333341,1372.0708333333343,16.86496518031926,7.552264689758421,9.918977962564902,7.763143328505832,8.84431855098629,,,,
31,168,5376,6.114879608154297,235.67620491981506,41.251052630420546,4125.1052630420545,12363.809243522126,284.42166666666674,7954.2823138134045,1576.983892163278,1485.7413693960364,10774.451636806098,1589.3576067160263,12363.809243522126,77.70833333333333,1422.1083333333338,15.908564627626808,7.9851870559687335,9.607836043332606,7.84256869766921,8.591557407376959,-0.08159732818603516,22.535091400146484,3.4512736797332764,4.444699879968539e-05
32,168,5544,5.864102363586426,243.44540786743164,21.650881830667345,2165.088183066734,12334.409104588887,299.5125000000001,9869.808421522153,1048.3305639994283,972.5891533767751,11011.725624132949,1322.6834804559373,12334.409104588887,76.00000000000003,1497.5625000000005,19.739616843044303,7.830614924928711,12.3222004145006,7.751479445461634,9.23650543107273,,,,
33,168,5712,4.909315586090088,249.97510766983032,39.858002081251406,3985.8002081251407,11682.41458755852,237.20166666666663,7459.412712766714,1711.347811084727,1636.212264169803,10229.097801434458,1453.3167861240627,11682.41458755852,61.91666666666665,1186.0083333333332,14.918825425533429,7.792070195662318,9.607865868445236,7.882464892737837,8.421705682512137,,,,
34,168,5880,4.841291904449463,256.63852524757385,69.65200428656428,6965.200428656427,12446.861798645012,249.5366666666669,5232.124703321917,760.3042787741374,729.249177064172,11171.433983574254,1275.4278150707573,12446.861798645012,74.75000000000006,1247.6833333333345,10.464249406643836,7.042499015668172,8.78631216361029,7.535990125728089,7.950837350920763,,,,
35,168,6048,4.80539608001709,263.13954162597656,15.386463302910158,1538.6463302910158,12257.984724868431,323.8816666666668,10395.45672791075,1525.6201075757972,1368.9696251422467,10901.345228505197,1356.6394963632363,12257.984724868431,86.83333333333337,1619.4083333333335,20.790913455821503,7.511669110967884,11.86041602738366,7.819320142191664,9.347694975910507,,,,
36,168,6216,4.623147487640381,269.53834772109985,45.24893438861357,4524.893438861356,12363.51875609329,239.80166666666685,7598.823650565266,2523.4704859071308,2413.869450219121,10398.367796292277,1965.150959801013,12363.51875609329,67.91666666666673,1199.0083333333341,15.197647301130532,7.924269071549363,8.615333947631845,7.975444205156843,8.360834601319814,,,,
37,168,6384,4.776198148727417,276.10019850730896,20.027848239094226,2002.7848239094224,12393.323672142946,289.1174999999999,10101.421348233522,945.8703635845661,835.7153738771258,11151.100040100706,1242.2236320422398,12393.323672142946,76.24999999999999,1445.5874999999994,20.202842696467044,7.640060504422986,11.784794613069275,7.6751092244529175,9.384299012952594,,,,
38,168,6552,4.682443141937256,282.6071481704712,9.85685249458647,985.6852494586465,12048.564538839444,294.67500000000007,10768.204289380796,1183.2918366253275,1084.737936810403,10819.525347186966,1229.0391916524777,12048.564538839444,75.37500000000001,1473.3750000000005,21.53640857876159,7.550403108695099,12.294217409343668,7.6844587830324445,9.562862965230911,,,,
39,168,6720,4.718494653701782,289.18627405166626,35.28832215568987,3528.8322155689875,11999.796033558905,258.8016666666667,8212.162151323253,1318.401329525077,1216.1991977985238,10626.671309291647,1373.1247242672591,11999.796033558905,68.29166666666666,1294.0083333333332,16.424324302646504,8.676042010456403,9.675834161839292,7.824557465084281,8.680561283834754,-0.007956041023135185,19.509225845336914,3.4475319385528564,0.00010176878276979551
40,168,6888,4.867834806442261,296.06284856796265,-4.482960104733841,-448.29601047338383,10600.011993977983,246.19916666666677,10802.1088377847,2311.499850939148,2141.9844060816154,9211.97017656143,1388.0418174165545,10600.011993977983,59.583333333333364,1230.9958333333338,21.604217675569405,8.962838942978728,11.466716317698381,8.156880696406414,9.102969191965345,,,,
41,168,7056,4.726619005203247,302.71933913230896,28.381246326838095,2838.12463268381,11083.26991606102,280.37333333333345,7964.771950043874,1303.5012806999353,1232.2378223219962,9792.158975366227,1291.1109406947912,11083.26991606102,74.25,1401.8666666666672,15.929543900087749,9.018311905469517,10.215826863746672,7.805044335641331,8.666227310702185,,,,
42,168,7224,4.620965242385864,309.31849193573,65.6415818744753,6564.1581874475305,12453.191854279534,250.9966666666669,5638.0370001653355,701.9773031378741,663.7422288329658,11132.454739209603,1320.7371150699305,12453.191854279534,71.70833333333334,1254.9833333333343,11.27607400033067,7.399504132574951,9.297979275740913,7.45889465679318,8.328859631023896,,,,
43,168,7392,4.726454257965088,316.079372882843,22.867717870751413,2286.771787075141,12200.223666213944,299.4841666666667,9613.967712472137,1020.8204608560567,940.174459180946,10937.834390952048,1262.3892752618976,12200.223666213944,75.58333333333334,1497.4208333333331,19.227935424944274,8.100827318337805,12.369500552798714,7.70414483173381,9.17890357658562,,,,
44,168,7560,5.532040119171143,323.8080565929413,52.079239718420155,5207.923971842014,12437.235224803908,257.4191666666667,6971.892086295225,1275.4156508143017,1213.2164262330384,10990.012038640216,1447.2231861636933,12437.235224803908,70.45833333333337,1287.0958333333333,13.943784172590455,7.6330121112308955,9.571071604395195,7.7361565896768765,8.339258525049617,,,,
45,168,7728,6.143579483032227,332.198858499527,58.384965827009204,5838.49658270092,11801.253368027592,232.63000000000008,5730.126785326673,1166.3897497170829,1138.8581039664332,10486.507214653382,1314.7461533742112,11801.253368027592,66.20833333333334,1163.1500000000003,11.460253570653345,7.659650366970973,9.019287121689299,7.7907089320340805,7.623530418330708,,,,
46,168,7896,6.194496393203735,340.80253291130066,49.794699576183255,4979.469957618326,12504.343432560363,264.30583333333357,7260.567641608703,942.0977376381005,885.6429222363245,11186.631365040063,1317.7120675202996,12504.343432560363,71.33333333333337,1321.5291666666676,14.521135283217408,7.531203417193867,10.270020235922345,7.664477430461452,8.48951975905039,,,,
47,168,8064,5.988548755645752,349.1464669704437,66.67851310344663,6667.851310344663,12361.120437250138,245.23166666666674,5448.037460238807,615.9750361281947,571.3526632255381,11158.648707571781,1202.471729678356,12361.120437250138,70.875,1226.1583333333338,10.896074920477613,7.507363551312129,9.228118916772923,7.304479847415846,8.411993700694284,0.013992592692375183,26.93972396850586,3.442115306854248,0.00016457997844554484
48,168,8232,6.176900625228882,357.81709575653076,54.147817366559636,5414.781736655963,12415.756004111528,261.6633333333333,6739.3109341222325,792.4717316290589,730.2026352002522,11131.729762121508,1284.0262419900223,12415.756004111528,76.12499999999997,1308.3166666666666,13.478621868244465,7.6175607378804795,8.936167977361182,7.51555112939739,8.571533747141205,,,,
49,168,8400,6.0433595180511475,366.3549864292145,13.47619735869483,1347.6197358694826,10862.972308813904,288.24333333333334,9227.109239611085,2224.2685875850348,2083.98781629285,9498.324023578705,1364.648285235196,10862.972308813904,77.83333333333333,1441.2166666666667,18.454218479222174,7.983721988892226,9.486560402979846,7.982351340926365,8.789011257492758,,,,
50,168,8568,6.2851362228393555,375.1791431903839,-34.604367437756395,-3460.4367437756396,9651.718598636566,321.3241666666662,12790.83117574554,3591.613328769222,3327.2028999336335,8268.574373022808,1383.1442256137582,9651.718598636566,81.45833333333319,1606.6208333333311,25.581662351491076,8.015868886050685,12.200949681044046,8.258477171314336,9.561199593521568,,,,
51,168,8736,6.127599239349365,383.83963561058044,28.8109762189933,2881.0976218993305,11957.11778576425,270.36500000000007,8805.655163864918,1578.358980185978,1463.6646289229286,10506.561942829801,1450.5558429344496,11957.11778576425,71.79166666666671,1351.8250000000003,17.61131032772984,8.11488246558351,9.848659192714496,7.873563663966647,8.785745252374541,,,,
52,168,8904,6.171556234359741,392.8418140411377,44.70100876177579,4470.100876177578,12340.095471244025,258.9191666666666,7611.07542839978,1275.8545710914734,1185.8717954272072,10981.602736512714,1358.4927347313107,12340.095471244025,73.04166666666669,1294.595833333333,15.222150856799558,7.682686503200835,9.04885251311867,7.709059791473343,8.618462371082414,,,,
53,168,9072,6.157618761062622,401.94196462631226,-16.709342261020087,-1670.9342261020092,11441.432303549685,293.76666666666677,12818.599862985031,2246.791924492707,2047.454143302227,10006.473097269738,1434.9592062799477,11441.432303549685,71.08333333333336,1468.833333333334,25.637199725970056,8.514726868573083,12.35318192221752,8.05071987103916,9.7732773588077,,,,
54,168,9240,7.095521450042725,413.1444094181061,38.90046878470601,3890.0468784706004,12427.83746578776,257.92166666666634,8279.868920650493,1450.3684373386504,1346.0594893188568,10948.595988382436,1479.2414774053236,12427.83746578776,70.12499999999989,1289.6083333333318,16.559737841300986,7.55525893108557,9.438327213482196,7.835413597389961,8.728806353032562,,,,
55,168,9408,7.600770473480225,427.11934304237366,0.6823871732464752,68.2387173246475,10359.946551636638,255.10583333333346,10036.602000978655,1932.8320661051855,1818.4134106258293,9010.511864431366,1349.43468720527,10359.946551636638,67.66666666666669,1275.5291666666674,20.07320400195731,8.185290584312378,9.570107381719497,8.235383402739746,8.800764797837429,0.024687573313713074,19.620553970336914,3.4363951683044434,0.0006821934366598725
56,168,9576,7.324453115463257,441.268917798996,65.86529697064736,6586.529697064736,12517.09100729668,214.36666666666667,5716.194643565279,805.5247033664618,770.5023914699275,11205.49728213143,1311.5937251652508,12517.09100729668,59.54166666666665,1071.8333333333333,11.432389287130558,7.2324278659345556,9.27417488824726,7.586741351483795,8.068949484213151,,,,
57,168,9744,7.363849878311157,456.06285190582275,62.993448459605396,6299.344845960541,12531.144719632444,236.25666666666666,5995.543207005238,1055.5366048439369,1016.8201623663251,11076.815478524506,1454.3292411079387,12531.144719632444,68.1666666666666,1181.283333333333,11.991086414010477,7.327345683763367,8.915366097952955,7.687014074745209,8.14541756764653,,,,
58,168,9912,7.148507833480835,470.54185461997986,4.455375107384516,445.5375107384516,11044.397827196606,255.76416666666668,10343.096149791489,1675.0591133676662,1562.2731342644227,9731.625229959584,1312.7725972370235,11044.397827196606,63.91666666666666,1278.8208333333332,20.686192299582977,8.032976367577739,11.708674524990323,7.984518016988104,9.152668006329103,,,,
59,168,10080,7.0604846477508545,484.3547623157501,25.51439841982043,2551.4398419820427,12011.260988043525,273.97499999999985,9185.846146061482,931.9568751396953,855.646153457023,10893.383697546305,1117.8772904972207,12011.260988043525,72.83333333333333,1369.874999999999,18.371692292122965,7.806766365505144,11.769669998358951,7.648959889885846,8.926552658728768,,,,
60,168,10248,7.53129768371582,499.6433296203613,69.22085050509247,6922.085050509248,12584.937283393414,237.88583333333324,5424.9663995508345,1177.9239747052152,1148.2455140160787,11082.37370126486,1502.5635821285555,12584.937283393414,69.29166666666659,1189.429166666666,10.84993279910167,7.490143385516076,8.79299725271887,7.700202241135958,7.930846103422138,,,,
61,168,10416,7.4388298988342285,513.1678795814514,58.85864826396656,5885.864826396655,12322.043354875528,279.31416666666667,6156.864361812206,1306.3308283623683,1260.0985947950414,10848.927378805878,1473.1159760696514,12322.043354875528,80.49999999999997,1396.5708333333332,12.313728723624411,7.603509513981154,8.899090088213962,7.7709683182712705,8.152578107517082,,,,
62,168,10584,7.292609214782715,527.9442415237427,41.06595583491588,4106.5955834915885,12212.550940052122,309.36249999999984,7796.5928565605345,797.5120825750107,722.7042490734775,11032.001779378716,1180.5491606734079,12212.550940052122,86.87499999999993,1546.8124999999993,15.593185713121068,8.036898981225235,9.71178094908672,7.492558919909832,8.879363883256579,,,,
63,168,10752,7.7639384269714355,542.454128742218,39.408390768641226,3940.8390768641225,12435.46503821374,254.4325000000001,8240.19346134962,1374.6443225804296,1275.7874741745009,10951.225286970235,1484.2397512435045,12435.46503821374,67.16666666666666,1272.1625000000006,16.48038692269924,7.954273750268037,9.882968652900173,7.824669804965806,8.698575471552308,-0.02802787348628044,24.24505043029785,3.4269657135009766,0.0005785009125247598
64,168,10920,8.71309781074524,559.9884994029999,62.44280339578531,6244.280339578532,12087.91635279961,225.32166666666689,5618.314346554411,1036.8761869842715,1003.7567729485645,10720.745702315748,1367.1706504838621,12087.91635279961,63.833333333333385,1126.6083333333345,11.236628693108823,8.060426490184517,8.806410225873647,7.710014900030584,7.844509981369705,,,,
65,168,11088,8.705472469329834,576.2848501205444,47.98927678934565,4798.927678934566,12028.226407166843,280.0750000000002,6949.2237282322785,1109.9002325835452,1051.495967556668,10637.765405905891,1390.461001260952,12028.226407166843,77.25000000000003,1400.375000000001,13.898447456464556,8.632599251566115,9.521038494165026,7.683370009751692,8.492560228519919,,,,
66,168,11256,8.108096837997437,592.4266815185547,52.50860203417247,5250.860203417247,12330.73714494758,230.07916666666677,6849.797774863666,989.773168304636,927.6282170324439,11001.505940948282,1329.231203999299,12330.73714494758,64.62500000000001,1150.3958333333337,13.69959554972733,7.744669005548678,9.022566682537573,7.601687016800237,8.457672296872792,,,,
67,168,11424,9.822182416915894,611.2116913795471,41.07294774742496,4107.294774742497,12220.599983913904,255.41249999999965,7857.892709171408,739.8226828406189,641.3015007976647,10965.307371565237,1255.2926123486668,12220.599983913904,70.83333333333326,1277.0624999999982,15.715785418342817,7.860881341076878,9.305695462951459,7.512164241045271,8.9370919257918,,,,
68,168,11592,7.193429946899414,626.5065829753876,32.85278241181016,3285.2782411810153,11914.286060288745,252.96416666666656,8376.043652441062,1503.099866007718,1403.0903817798617,10548.048035113263,1366.2380251754807,11914.286060288745,64.04166666666663,1264.8208333333323,16.752087304882124,7.950584001546541,11.705595153974473,7.814498368278324,8.724721228150475,,,,
69,168,11760,7.387552261352539,640.9796900749207,32.720375059789674,3272.0375059789676,12401.21689389836,242.1925,8886.986887919393,908.253235701799,772.3372453008203,11124.183734687254,1277.0331592111054,12401.21689389836,64.12500000000003,1210.9624999999999,17.773973775838783,7.710207322535512,9.748408175788716,7.6429540509211975,9.095243903114532,,,,
70,168,11928,7.150800704956055,655.743152141571,48.84033219381254,4884.033219381255,12361.075717271746,270.3158333333334,7206.726664557159,725.8599758542443,668.9607582557264,11121.574631295483,1239.5010859762629,12361.075717271746,73.08333333333333,1351.5791666666669,14.413453329114319,7.668072737570726,11.591151787249476,7.4920017119353925,8.667470589442663,,,,
71,168,12096,6.8489062786102295,670.3013429641724,14.774678197169926,1477.4678197169928,12069.187123910571,308.9675,10282.751804193578,1455.028644633306,1336.2728646868668,10779.919557827125,1289.2675660834439,12069.187123910571,83.41666666666667,1544.8375,20.565503608387157,7.494721951140259,11.46600089265332,7.744089047173407,9.364733437564201,0.0010581373935565352,16.502099990844727,3.417487382888794,0.0005414232728071511
72,168,12264,7.420151472091675,686.293939113617,65.1176562088595,6511.765620885949,12378.64460917013,238.43666666666672,5628.442321617512,693.9555844536903,652.7730637100963,11134.288043667946,1244.3565655021816,12378.64460917013,69.33333333333337,1192.1833333333334,11.256884643235022,7.149698263957142,9.12656407641192,7.421432675384556,8.238503248731545,,,,
73,168,12432,8.15596318244934,702.0170435905457,42.53993674810471,4253.993674810471,12420.493044864805,256.57166666666666,7909.927703387667,1732.8382480484502,1620.3724459755745,10900.96450498507,1519.5285398797346,12420.493044864805,70.08333333333331,1282.8583333333331,15.819855406775332,7.684107932927893,9.369965328372746,7.800782893444209,8.642323718110633,,,,
74,168,12600,7.758033037185669,718.5380492210388,63.289660360694015,6328.9660360694015,12499.541816484723,233.92666666666648,5936.649113748656,702.1774139664575,656.9671691932247,11186.210323320618,1313.331493164108,12499.541816484723,64.45833333333331,1169.6333333333323,11.873298227497312,7.5131992064954884,9.564811260156414,7.4844842026091625,8.379371750599965,,,,
75,168,12768,7.7490153312683105,735.0175504684448,67.34809764769938,6734.809764769938,12388.305869105927,193.5566666666665,5459.939437669323,569.0704254729299,524.3171987465589,11140.222728764977,1248.0831403409502,12388.305869105927,54.37499999999998,967.7833333333324,10.919878875338647,7.388928943588929,9.21972860915877,7.279542094595578,8.450577544364322,,,,
76,168,12936,8.476531744003296,751.0747354030609,37.380971238991926,3738.097123899193,12110.932709268465,254.8741666666666,8117.961418702604,705.9369888602849,623.8663759460308,10918.691388223579,1192.2413210448858,12110.932709268465,68.62499999999997,1274.370833333333,16.23592283740521,8.685608550024707,9.560079663505459,7.495214150808246,8.996085448075355,,,,
77,168,13104,7.73324728012085,766.7100636959076,33.36409537988823,3336.4095379888226,12376.078971649955,244.63583333333324,8795.033600327799,1124.0119711429786,1013.4660594017327,11070.594030584149,1305.4849410658044,12376.078971649955,63.79166666666664,1223.1791666666659,17.590067200655596,7.679732174417771,11.166649011971172,7.657175849079121,9.030007137107578,,,,
78,168,13272,6.786524772644043,780.9068727493286,49.15151486677243,4915.151486677243,12082.040394373034,212.4974999999999,6954.391407695792,2319.365357526763,2245.3199075113507,10213.700293757262,1868.3401006157728,12082.040394373034,58.91666666666661,1062.4874999999993,13.908782815391584,7.7830653667479766,8.775665915117441,7.952597526620717,8.176355014110161,,,,
79,168,13440,6.571491003036499,795.0086314678192,57.57634619268469,5757.634619268469,12549.059784393845,194.5974999999999,6596.827665125376,1431.6744762515636,1371.8341261136761,10938.61478346209,1610.445000931754,12549.059784393845,56.249999999999986,972.9874999999996,13.193655330250753,7.3451820829277965,8.68498604094027,7.721122353007499,8.284756814477287,0.03861226886510849,17.810165405273438,3.4055323600769043,0.0007530365255661309
80,168,13608,6.711969614028931,809.6366021633148,69.97594616804811,6997.59461680481,12521.755628132165,233.7150000000002,5290.446011327354,671.8728649468924,635.090918208007,11172.187819977225,1349.5678081549408,12521.755628132165,71.0833333333334,1168.575000000001,10.580892022654709,7.533437052580998,8.295521870482242,7.463724112229006,8.067791187482047,,,,
81,168,13776,6.684231519699097,823.7849259376526,56.58525965529661,5658.525965529662,12500.140220204743,243.32083333333313,6598.2934213417475,1303.2455721103556,1241.7937593146394,10938.92362341773,1561.2165967870108,12500.140220204743,67.95833333333329,1216.6041666666656,13.196586842683494,8.300890486886253,9.039190275684547,7.725913406649146,8.347008062387278,,,,
82,168,13944,6.79279637336731,837.6251621246338,55.506772291191055,5550.677229119105,12284.683499546649,248.62000000000012,6485.386270427544,1235.9302351117744,1185.9204293791172,10872.598551896428,1412.0849476502203,12284.683499546649,70.00000000000003,1243.1000000000006,12.970772540855087,7.797755190336176,9.00383104571136,7.7521493972072255,8.17761141733662,,,,
83,168,14112,6.891577243804932,851.3384666442871,54.24806014454625,5424.806014454625,12462.44436066861,231.69333333333324,6805.945012880654,687.2130712518499,624.0602742827134,11137.142315055771,1325.3020456128402,12462.44436066861,67.2083333333333,1158.4666666666662,13.611890025761307,7.316837383906943,8.853284776171439,7.497854084663751,8.637067730649587,,,,
84,168,14280,6.828395843505859,866.0333783626556,48.007592392498324,4800.759239249833,12423.846322980105,269.6266666666666,7353.460417063605,1451.6180523885876,1355.0409892816772,11000.502873013262,1423.343449966843,12423.846322980105,75.70833333333334,1348.133333333333,14.706920834127212,7.4645364937060155,9.314121730944043,7.746769962893309,8.397010305876254,,,,
85,168,14448,6.427194595336914,879.9685890674591,46.242557371972545,4624.255737197254,12106.041723488608,226.0608333333335,7255.725152958022,1442.9876465929638,1375.8276884712823,10541.777973927667,1564.263749560942,12106.041723488608,63.95833333333336,1130.3041666666672,14.511450305916043,8.438213511707499,8.415676910649701,7.896035144121653,8.341896909471135,,,,
86,168,14616,6.139358758926392,893.013640165329,54.35655114289,5435.655114288999,11920.83934018128,279.7766666666668,6205.407559225614,1101.1940705296265,1059.3732721138283,10516.857277545287,1403.9820626359933,11920.83934018128,80.25000000000003,1398.883333333334,12.410815118451225,8.043984608874485,8.954750631815223,7.7449974194454345,8.140970763900793,,,,
87,168,14784,6.441276788711548,906.6467373371124,23.220603910015235,2322.0603910015234,11999.619877938245,294.61166666666674,9382.947820270056,1611.4089024722962,1486.5431021654745,10649.050663191327,1350.5692147469167,11999.619877938245,76.45833333333337,1473.0583333333338,18.76589564054011,8.3167188883682,11.88373201826201,7.870656124037964,8.968244818948138,-0.06414081156253815,18.868953704833984,3.3935611248016357,0.0006770463660359383
88,168,14952,6.292699575424194,918.9868311882019,70.57438574708729,7057.438574708729,12581.255892192632,198.03833333333313,5325.778984150571,881.0017715189839,851.477346095419,11188.60620353228,1392.6496886603545,12581.255892192632,58.83333333333326,990.1916666666655,10.651557968301143,7.362913951999538,8.500826308600933,7.621100477381165,7.804852901019295,,,,
89,168,15120,6.262835264205933,931.6274127960205,40.39141353773923,4039.141353773923,12452.225041524367,223.02333333333343,8190.06035441711,767.0029977520024,673.9841535026246,11168.314475182086,1283.9105663422818,12452.225041524367,59.58333333333338,1115.1166666666672,16.38012070883422,7.195269939004365,9.73559994453713,7.553851346279036,8.987111670741607,,,,
90,168,15288,6.105448007583618,944.1279635429382,66.8453362233898,6684.533622338979,12249.529561353223,191.55250000000007,5373.443439014244,1832.4509305043384,1802.2703567352773,10505.6754676663,1743.8540936869238,12249.529561353223,55.45833333333336,957.7625000000003,10.746886878028489,7.691220310088406,8.457254140263233,7.801345574206024,7.656692379597662,,,,
91,168,15456,6.366320848464966,956.8264334201813,30.759912231681753,3075.9912231681756,12253.510308026165,256.91916666666657,8920.599918191325,1304.5814573207003,1172.6021115772317,10867.411158220966,1386.0991498052003,12253.510308026165,71.5,1284.5958333333328,17.84119983638265,7.757212579441572,9.00015966937034,7.777024037161639,8.954560193720567,,,,
92,168,15624,5.917245149612427,969.4089813232422,50.83892414144369,5083.8924141443695,12440.026120592043,201.80416666666645,7154.329539781007,788.0541123270807,720.9097236235077,11151.377991241643,1288.6481293504005,12440.026120592043,56.45833333333324,1009.0208333333321,14.308659079562013,7.033174678623308,9.112345792296994,7.501591745020846,8.697485247100355,,,,
93,168,15792,6.440927505493164,982.4981317520142,45.15412004399276,4515.412004399277,12410.555917560892,237.03250000000025,7658.111413161616,987.558913136939,909.966425919971,11105.366031514175,1305.1898860467172,12410.555917560892,63.458333333333414,1185.1625000000013,15.316222826323232,7.575888840090227,9.642409897814899,7.65814152819434,8.66888975540616,,,,
94,168,15960,6.089476108551025,995.2031049728394,64.19948416897289,6419.948416897289,12434.865885225952,230.18583333333333,5784.731634995331,738.5133056416116,692.793019117261,11151.685505242287,1283.1803799836648,12434.865885225952,68.20833333333334,1150.9291666666666,11.56946326999066,7.438816259033841,8.662359694906442,7.45727264370892,8.305450651021596,,,,
95,168,16128,5.905750513076782,1008.507050037384,71.4953191330257,7149.53191330257,12392.36244092448,221.63999999999996,5021.1905276219095,576.78670200546,542.437185291946,11163.21398575429,1229.1484551701908,12392.36244092448,63.416666666666664,1108.1999999999998,10.042381055243817,7.247918115835676,9.240523833254024,7.306499793037882,8.221485997920016,-0.092546746134758,18.186443328857422,3.3827853202819824,0.0008948210743255913
96,168,16296,5.912873268127441,1021.3380887508392,77.63605894920158,7763.60589492016,12171.307164372618,261.8300000000002,4145.871269452458,524.0781310201857,493.3348165892887,11084.328566717086,1086.9785976555333,12171.307164372618,79.58333333333339,1309.150000000001,8.291742538904916,7.544049824613655,9.082065406818463,7.112516175790264,7.889849038828771,,,,
97,168,16464,6.450699090957642,1035.2091705799103,66.68528876473908,6668.528876473907,12488.811693739677,210.57333333333318,5609.709483932438,808.8849653484765,765.4498533165138,11202.075953078474,1286.7357406612034,12488.811693739677,59.83333333333331,1052.8666666666659,11.219418967864875,8.259686301021205,8.931680564154693,7.502570561791179,8.101276032351198,,,,
98,168,16632,6.076608419418335,1048.067126274109,25.305303221207605,2530.530322120761,12243.750381336518,242.12000000000003,9471.100059215758,2517.970477684794,2332.2978909431863,10420.1244586685,1823.6259226680168,12243.750381336518,66.41666666666669,1210.6000000000004,18.94220011843151,7.610404001891353,9.27497238626959,8.124054131527895,8.781412474372868,,,,
99,168,16800,6.059529066085815,1060.9361112117767,59.841181416654806,5984.11814166548,12542.71845538013,226.38999999999996,6332.210313714651,2029.7818151970832,1984.7686564288038,10658.797926504489,1883.9205288756434,12542.71845538013,67.79166666666666,1131.9499999999998,12.664420627429303,7.521750837983423,8.1098549053373,7.958619601443532,7.958398796994307,,,,
100,168,16968,5.531192064285278,1073.0153739452362,62.591376912091974,6259.137691209196,12289.863603091984,205.23999999999984,5825.485911882788,686.8941925457185,644.1335357992275,11029.498655601757,1260.364947490228,12289.863603091984,57.62499999999997,1026.1999999999994,11.650971823765577,7.61930610685162,9.090945054618816,7.4611773400596135,8.354901748997786,,,,
101,168,17136,5.708503484725952,1085.0936136245728,59.30400715517575,5930.400715517575,12541.340322423974,215.0358333333335,6395.903773573066,730.581736294962,675.1299197856047,11172.673958880558,1368.666363543416,12541.340322423974,62.666666666666714,1075.1791666666677,12.791807547146131,7.749525677141859,8.57500201134815,7.525716540260639,8.490437125819264,,,,
102,168,17304,5.922375440597534,1097.4399836063385,29.54016922447739,2954.0169224477386,11987.855348188925,254.7666666666666,8779.071759074519,1487.6960638753949,1368.9303935613104,10593.351546873513,1394.5038013154108,11987.855348188925,66.70833333333337,1273.8333333333328,17.558143518149038,8.017852770412,9.776116664494149,7.836937310630307,8.844626086729162,,,,
103,168,17472,5.714678525924683,1109.6887204647064,80.4580944845889,8045.809448458891,12575.309438180713,174.10916666666668,4355.390823055157,849.8388388575296,826.3989558102213,11174.492590636939,1400.8168475437749,12575.309438180713,52.79166666666669,870.5458333333333,8.710781646110314,7.440421153897933,8.278402768678383,7.4797522535414505,7.626952265807003,-0.0535157211124897,23.92814064025879,3.36913800239563,0.001440628431737423
104,168,17640,5.451432228088379,1121.4491653442383,67.65882582352282,6765.88258235228,12405.227112240362,231.42249999999993,5407.92202988808,747.612532781823,711.4386289137981,11150.17790148828,1255.0492107520818,12405.227112240362,66.58333333333333,1157.1124999999995,10.815844059776161,7.268797706211833,9.155350416887453,7.477109197294366,8.069442602554629,,,,
105,168,17808,5.5505690574646,1133.2283918857574,67.04979955992293,6704.979955992292,12438.689369778174,230.9491666666668,5502.760247119217,667.8545197524409,626.8748795268509,11184.392857348465,1254.296512429712,12438.689369778174,65.66666666666669,1154.7458333333338,11.005520494238432,7.303492025228047,9.286687955984,7.4074256132837935,8.259121747596204,,,,
106,168,17976,5.693250894546509,1145.6063015460968,66.86374479469453,6686.374479469452,12303.12946096745,217.3274999999998,5399.427481497998,697.2254985809241,663.7883945848694,10976.022609756565,1327.1068512108864,12303.12946096745,63.124999999999986,1086.637499999999,10.798854962995996,7.808102671199737,8.715803718823922,7.486258990778078,8.177706077844565,,,,
107,168,18144,5.587786912918091,1157.8242638111115,34.66407696534172,3466.407696534172,12427.068011165076,260.08249999999987,8700.577814630906,832.4159955777111,717.811455933748,11155.39075160403,1271.6772595610485,12427.068011165076,69.66666666666666,1300.4124999999995,17.40115562926181,7.698995465081377,9.869518481481633,7.606898959428769,9.079771209135524,,,,
108,168,18312,5.5023298263549805,1169.7361288070679,55.40356981292736,5540.356981292736,12531.23207495555,204.89416666666665,6785.980926996148,790.5088297664377,727.6956594451322,11158.312507147008,1372.9195678085423,12531.23207495555,58.58333333333335,1024.470833333333,13.571961853992294,7.439153492075277,8.823212494793482,7.551986382499024,8.576483620894928,,,,
109,168,18480,5.537045001983643,1182.417521238327,62.75716293497702,6275.716293497702,12304.174701175081,244.05083333333332,5784.407574344046,669.8650294725244,626.3006872973687,11095.76362899655,1208.4110721785314,12304.174701175081,69.29166666666666,1220.2541666666666,11.568815148688092,7.707142768075564,9.215973235497188,7.423956118007127,8.376082237500356,,,,
110,168,18648,5.515885829925537,1194.6064715385437,57.29478263219086,5729.478263219085,12246.002981676811,267.7799999999996,6248.744718457727,968.3766613858495,923.9391228943874,10956.102373662718,1289.9006080140948,12246.002981676811,75.74999999999994,1338.8999999999978,12.497489436915451,7.564763418509271,9.49723282592502,7.607880979790626,8.242241465602698,,,,
111,168,18816,5.676666498184204,1207.3200929164886,50.40219844775489,5040.219844775489,12374.942852011607,220.86,7113.863007236118,662.3560010118389,596.5428285794536,11156.704722246459,1218.2381297651486,12374.942852011607,59.33333333333334,1104.3000000000002,14.227726014472237,7.694336924992861,9.645659113681768,7.445137297141163,8.735662187161319,-0.07135973870754242,20.777324676513672,3.3521499633789062,0.0016131307929754257
112,168,18984,5.639730930328369,1220.0293607711792,73.89590604188746,7389.590604188745,12368.212666767711,239.48666666666674,4739.1353959123,673.2950594718852,647.2371285524991,11156.517701818155,1211.6949649495564,12368.212666767711,70.0,1197.4333333333334,9.478270791824599,7.287466879611278,9.17468305360767,7.4166329236147215,7.847037263830071,,,,
113,168,19152,5.535417318344116,1233.1630721092224,64.84285053684897,6484.285053684897,12513.597647261846,261.32500000000005,5767.987593576949,764.1329961100538,725.1374612542994,11237.72395942303,1275.8736878388167,12513.597647261846,73.5,1306.625,11.535975187153896,7.530625700424721,9.520005772575054,7.496086321344018,8.272312571745601,,,,
114,168,19320,5.4070069789886475,1245.4579403400421,58.96368990306035,5896.368990306035,12432.369310354035,254.8666666666668,6281.133653381334,987.4954450627174,948.2920651476875,11089.360073782118,1343.0092365719165,12432.369310354035,72.20833333333336,1274.333333333334,12.562267306762667,7.447613324922952,9.300491321690789,7.696559760682381,8.02251778432214,,,,
115,168,19488,5.491735219955444,1257.9805691242218,80.55959721825973,8055.959721825973,12528.71780747169,184.31083333333333,4288.447252312384,771.8228446014377,751.2241252188394,11144.555547814967,1384.1622596567236,12528.71780747169,56.75000000000001,921.5541666666666,8.576894504624768,7.547962592221394,7.997008672088183,7.514523932047767,7.626158559887653,,,,
116,168,19656,5.538609743118286,1270.8395731449127,79.39925900722633,7939.925900722635,12568.988951968524,236.87500000000017,4392.188051245889,739.1407290295144,714.7998558732,11140.860389029149,1428.1285629393747,12568.988951968524,75.91666666666674,1184.375000000001,8.784376102491777,7.170372722432358,7.445075520503507,7.452867988136371,7.70590564167238,,,,
117,168,19824,5.623159646987915,1283.489397764206,59.65925356025083,5965.925356025084,12346.560050348491,234.48249999999985,6146.1521943234075,1010.4628371278382,959.8759814053979,11026.670614366016,1319.8894359824767,12346.560050348491,65.91666666666666,1172.412499999999,12.292304388646816,7.627621326594918,9.12114594403643,7.60692404490589,8.257871605920183,,,,
118,168,19992,5.474852800369263,1296.1054871082306,85.1982128806287,8519.82128806287,12367.496731834835,203.9849999999999,3643.6904437719645,558.4244902273149,538.4320481347895,11150.662377941237,1216.8343538935978,12367.496731834835,61.66666666666661,1019.9249999999993,7.287380887543929,7.460175492097847,8.767224879487884,7.24902157272232,7.659526788936696,,,,
119,168,20160,5.258832216262817,1308.5854761600494,70.7885753246439,7078.85753246439,12261.79927314589,229.87833333333313,4953.063407348167,537.8603150904788,495.63767021677506,11108.680212645915,1153.119060499974,12261.79927314589,66.70833333333329,1149.3916666666655,9.906126814696334,7.115223513838303,9.27870545945294,7.185175461402217,8.297103317994402,0.02002723328769207,28.72432518005371,3.3320019245147705,0.0015238092746585608
120,168,20328,4.742996454238892,1319.2676825523376,43.15563786310422,4315.563786310421,12456.464232718623,203.95999999999998,7936.940446408202,750.9482498467314,661.8348721241192,11172.057547175795,1284.4066855428264,12456.464232718623,54.58333333333336,1019.7999999999997,15.873880892816402,7.359770540281251,9.35525786300393,7.540282823497047,8.925408065096583,,,,
121,168,20496,4.701986789703369,1329.8098301887512,70.54403212713669,7054.403212713671,11946.711413016046,241.4058333333332,4650.902366969043,1016.0149411515981,996.3426715213827,10579.419040943363,1367.2923720726847,11946.711413016046,73.37499999999993,1207.0291666666658,9.301804733938088,7.731627595413999,8.249148540254014,7.638214516883425,7.595023127712549,,,,
122,168,20664,5.185541391372681,1340.9203717708588,85.46516719302937,8546.516719302937,12302.83366729325,205.47083333333353,3550.846114656978,609.4716859691076,579.3201844754575,11055.2114705942,1247.6221966990497,12302.83366729325,64.04166666666671,1027.3541666666677,7.101692229313956,7.128186936005135,8.513066387700897,7.050035289740371,8.034048856149491,,,,
123,168,20832,5.896978139877319,1353.3548514842987,66.71557349112503,6671.557349112503,12386.191210226807,195.41583333333352,5519.21802778097,738.5741039612926,700.4381126898157,11128.814157616958,1257.3770526098501,12386.191210226807,57.87500000000003,977.0791666666676,11.03843605556194,7.256635790158483,8.654792858902981,7.47946709355996,8.171082965336435,,,,
124,168,21000,5.569339990615845,1365.2574055194855,44.42130500965034,4442.130500965033,12514.306055763376,247.78583333333324,7824.389721465009,1389.7113707877015,1294.3492094456317,10932.94723888809,1581.3588168752844,12514.306055763376,71.49999999999997,1238.929166666666,15.648779442930017,7.456112945562489,8.7776856192893,7.787046579113112,8.630210157426202,,,,
125,168,21168,5.096437692642212,1376.653311252594,83.56096240561573,8356.096240561572,12650.826176253722,183.93333333333328,4110.796602358818,847.1784414128527,831.9241190099667,11158.401446365193,1492.4247298885293,12650.826176253722,58.249999999999986,919.6666666666665,8.221593204717635,7.282655569312385,7.461711242254869,7.573479540971939,7.336932802902946,,,,
126,168,21336,4.787411451339722,1387.7327251434326,74.6350477096305,7463.50477096305,12400.879056048558,181.24750000000006,4756.126785085509,571.3717658187703,536.9504686196188,11154.82046637269,1246.058589675867,12400.879056048558,52.666666666666686,906.2375000000002,9.512253570171016,7.350748740319505,8.876612952575336,7.27497460993451,8.245825077364099,,,,
127,168,21504,5.211097955703735,1399.3441574573517,88.89510364485278,8889.510364485279,12621.243301820035,217.76333333333315,3513.969604001423,770.7680886499147,755.1014428535098,11181.316115518854,1439.9271863011825,12621.243301820035,70.54166666666654,1088.8166666666657,7.027939208002847,7.491470867499362,7.160273976341802,7.377380743034929,7.471894467240638,0.006933675613254309,26.749130249023438,3.3177390098571777,0.0012533918488770723
128,168,21672,6.133699178695679,1412.8452475070953,54.666198489232,5466.619848923201,12392.84256247741,238.36500000000018,6687.85771355421,689.6201497073114,627.027234530982,11114.17745862933,1278.66510384808,12392.84256247741,69.95833333333337,1191.8250000000007,13.375715427108421,7.166406790844627,8.926428453717813,7.440146673687408,8.633175215568873,,,,
129,168,21840,6.352373123168945,1426.1705043315887,79.69425927023676,7969.425927023677,12318.820635340837,219.37416666666658,4130.020541650493,580.3832453266743,549.4126846875652,11048.60053656557,1270.2200987752672,12318.820635340837,68.37499999999997,1096.870833333333,8.260041083300987,6.730293937997037,8.472356413943558,7.1723128434147725,8.181398368762753,,,,
130,168,22008,6.296173334121704,1439.1289608478546,84.8788891196362,8487.888911963619,12449.295197623822,196.8525000000002,3764.553785660201,663.3483137666125,647.5510279184554,11101.296216623738,1347.9989810000816,12449.295197623822,61.541666666666714,984.262500000001,7.529107571320401,7.038787218398182,8.339321790279289,7.3968406868070975,7.447162672304357,,,,
131,168,22176,6.276179552078247,1452.1195931434631,73.9918124128607,7399.181241286071,12577.620730244056,248.40916666666664,4930.030322291321,749.245981930085,722.209943543962,11214.122832903578,1363.4978973404795,12577.620730244056,74.95833333333327,1242.0458333333331,9.86006064458264,7.41638369260976,8.460914214084967,7.511084591027657,8.02219512924278,,,,
132,168,22344,6.098536014556885,1464.6259927749634,87.0783847501502,8707.83847501502,12448.793923059835,234.15249999999992,3506.802948044816,553.1604269581828,526.8535707696958,11146.227177124836,1302.5667459349997,12448.793923059835,75.16666666666669,1170.7624999999994,7.013605896089631,7.508715418456792,7.5700825670496705,7.203081524377483,7.880463735667398,,,,
133,168,22512,6.305063962936401,1477.7737138271332,57.428103711685296,5742.810371168529,12667.331027654152,208.66333333333324,6715.85732315229,1383.4355606657386,1313.767127345487,11025.197666441249,1642.1333612129038,12667.331027654152,60.95833333333329,1043.3166666666662,13.431714646304581,7.570999980469325,8.442068223361971,7.716291794573424,8.352212682324733,,,,
134,168,22680,7.149632453918457,1491.5679619312286,72.60589483425333,7260.589483425332,12417.836332490275,199.11166666666685,4958.135182398274,603.3607304195773,570.0635425182923,11134.737793238433,1283.0985392518387,12417.836332490275,58.50000000000003,995.5583333333341,9.916270364796548,7.184993773594905,8.826280236073664,7.355036786240178,8.182254101100831,,,,
135,168,22848,6.749794244766235,1515.584639787674,72.60966884589158,7260.966884589159,12541.481799881103,248.4024999999999,5032.112415291945,735.3448847956676,701.153033885198,11195.733392299826,1345.7484075812758,12541.481799881103,76.87499999999997,1242.0124999999994,10.064224830583889,6.981063668390658,8.323191250603514,7.436417818675171,8.164262190155926,-0.01777978613972664,28.89291000366211,3.3086929321289062,0.0006405768799595535
136,168,23016,7.34788703918457,1539.6294238567352,96.34745382071338,9634.745382071338,12458.553964898114,193.4516666666666,2630.3569161601094,549.6295661324327,538.1994402978515,11173.635299181351,1284.9186657167634,12458.553964898114,64.58333333333331,967.258333333333,5.260713832320219,7.045282064262664,7.58142599582073,7.151285581333779,7.15628390359188,,,,
137,168,23184,6.833062410354614,1562.2960679531097,85.17793176935146,8517.793176935145,12552.721638836523,147.10083333333313,3887.827628568045,710.3531639693263,692.6311819096022,11136.445455266996,1416.2761835695308,12552.721638836523,45.791666666666586,735.5041666666657,7.775655257136091,7.357357977074157,7.7126340634405945,7.475427990785052,7.693023802310839,,,,
138,168,23352,7.143976449966431,1584.7940547466278,53.251100337248175,5325.110033724817,12503.072702215932,236.74083333333348,6941.221835157781,813.0222194472932,750.2396764474829,11132.497546498427,1370.5751557175042,12503.072702215932,70.25000000000009,1183.7041666666673,13.882443670315562,7.45231885029493,8.406060735222274,7.586319257657251,8.55850593055957,,,,
139,168,23520,7.532955169677734,1608.1017065048218,88.60244415665824,8860.244415665826,12345.968687091357,212.2466666666667,3273.4776047588657,606.5915129717242,594.2050212671868,11018.286483097441,1327.6822039939148,12345.968687091357,69.66666666666666,1061.2333333333336,6.546955209517732,8.165169539231618,7.368779244501591,7.335802575450876,7.139828125816585,,,,
140,168,23688,7.105453014373779,1630.0329072475433,80.85185390177756,8085.185390177756,12150.643032460219,198.92749999999995,3866.5301422824627,681.7074153470134,666.809901542875,10756.04986429613,1394.593168164088,12150.643032460219,61.49999999999994,994.6374999999998,7.733060284564925,8.273989307326515,7.667968263945113,7.506455448475311,7.43577656627928,,,,
141,168,23856,6.73495888710022,1651.661373615265,79.011762524576,7901.176252457601,12429.578710180085,160.29416666666668,4368.108291055819,581.2759247696813,554.4321565023811,11157.950373920685,1271.6283362594008,12429.578710180085,48.74999999999999,801.4708333333333,8.736216582111638,7.074515022173044,8.414945336077478,7.31387136089307,7.976802456121677,,,,
142,168,24024,7.181078195571899,1674.6954681873322,50.458672535395934,5045.867253539593,12199.886895080012,241.13833333333318,6912.881308207085,823.0618399182262,766.3885336725839,11007.89641649778,1191.990478582231,12199.886895080012,66.08333333333334,1205.691666666666,13.825762616414167,7.602633228577848,9.505105567114313,7.585501307738211,8.41873096861613,,,,
143,168,24192,7.112283706665039,1698.354323387146,77.9144562924379,7791.445629243792,12704.096143598628,195.53083333333342,4717.119681021504,925.2624965807591,906.5303289944065,11188.860192238844,1515.235951359784,12704.096143598628,61.9166666666667,977.6541666666669,9.434239362043007,7.400236417958265,7.277397383368709,7.646143317224644,7.507783990325131,-0.0038219213020056486,34.02871322631836,3.2921299934387207,0.0010394596029073
144,168,24360,6.704373836517334,1720.3786306381226,78.42777272591442,7842.777272591442,12430.398230478437,231.49249999999972,4356.128457886994,568.6405393520378,540.7029401168141,11172.867103118797,1257.531127359638,12430.398230478437,69.29166666666657,1157.4624999999987,8.712256915773986,7.326619709055154,8.814286964737992,7.272050532327669,8.074174970780964,,,,
145,168,24528,7.824390172958374,1742.8701570034027,44.03231427704381,4403.231427704381,12440.098047967473,255.16833333333363,7781.698286929756,870.7445032991543,781.8604571395769,11144.021215398901,1296.0768325685697,12440.098047967473,68.25000000000009,1275.8416666666683,15.563396573859514,7.399696732071832,11.302644418605931,7.54125648439016,8.875630427568256,,,,
146,168,24696,8.305280208587646,1770.2257869243622,67.60283501504736,6760.283501504736,12392.56864210491,228.54416666666648,5403.740973933507,587.6577894580166,540.1863581281805,11133.452813901176,1259.1158282037331,12392.56864210491,69.25,1142.7208333333324,10.807481947867014,7.215415931743509,8.64822488955222,7.282730772208773,8.334304780407589,,,,
147,168,24864,8.013321876525879,1795.4791686534882,74.56894733678612,7456.894733678613,12346.713742088397,204.55583333333323,4685.263175076452,520.4611908406265,478.5360940692043,11149.527916854937,1197.1858252334603,12346.713742088397,61.66666666666666,1022.779166666666,9.370526350152904,6.995974137626822,8.851393196033019,7.07357166435376,8.391028108761006,,,,
148,168,25032,6.834831237792969,1816.4122216701508,74.99329763305172,7499.3297633051725,12355.951379484355,174.7266666666667,4681.894949512516,554.2584601534313,519.6575412956818,11112.301254057982,1243.650125426373,12355.951379484355,50.791666666666686,873.6333333333334,9.363789899025033,7.1717197781270325,8.923591126215426,7.238752349183862,8.206187259673479,,,,
149,168,25200,7.236562013626099,1836.4178941249847,87.86871419540621,8786.871419540621,12471.07527045098,185.38749999999993,3498.816350910359,606.2388650747473,592.3515841689648,11177.817005897523,1293.2582645534576,12471.07527045098,55.45833333333333,926.9374999999998,6.9976327018207165,7.643923236947168,8.579508971345735,7.3749275575613,7.443732054225539,,,,
150,168,25368,7.074143171310425,1856.4796307086945,85.45044813663009,8545.04481366301,12398.788533429939,189.44916666666668,3664.2945531002624,728.5740288693181,713.2510347391575,11095.62896397269,1303.1595694572484,12398.788533429939,60.7916666666667,947.2458333333335,7.328589106200524,7.326686004212681,8.089985292721618,7.390887176679196,7.420758912411494,,,,
151,168,25536,6.966785669326782,1876.4476191997528,82.6322997456804,8263.229974568041,12241.835840196241,222.95333333333318,3755.6525322948673,589.2305885507092,567.4099150486957,11047.443878054166,1194.3919621420744,12241.835840196241,68.29166666666664,1114.766666666666,7.511305064589735,7.822782691653172,8.676606487070684,7.23093190528755,7.76776166774131,0.008614649996161461,29.127704620361328,3.267820358276367,0.0023844451643526554
152,168,25704,6.469767332077026,1894.8995282649994,87.29113339846023,8729.113339846022,11564.448023678968,187.42166666666697,2647.913017166278,601.0626535651352,585.0415733271966,10331.767554612703,1232.6804690662664,11564.448023678968,62.875000000000085,937.1083333333347,5.295826034332556,5.000783538047541,7.9155819646073535,6.9638829333590975,7.31729487177563,,,,
153,168,25872,7.267857313156128,1914.6141333580017,91.86971928613266,9186.971928613264,12632.57500500347,218.51666666666674,3227.0864097235353,598.3204301063078,585.6883661239381,11061.053509502382,1571.5214955010865,12632.57500500347,76.58333333333337,1092.5833333333335,6.454172819447072,7.406863620653128,6.512170275767013,7.275701029495291,6.9763033844962345,,,,
154,168,26040,6.48349666595459,1932.5995774269104,74.00969032317515,7400.969032317516,12475.399668789158,196.34416666666664,4878.086469804975,712.1782486976225,685.1937484989467,11168.507611937152,1306.8920568520055,12475.399668789158,56.41666666666666,981.7208333333331,9.756172939609948,7.443448484761957,8.918572193007973,7.478740436642358,7.943996246148078,,,,
155,168,26208,6.34296727180481,1949.4444649219513,91.28914259834772,9128.914259834772,12670.605481460287,200.87666666666675,3340.814554958849,601.1682930744771,587.9838243115089,11153.88829535909,1516.717186101198,12670.605481460287,67.66666666666671,1004.3833333333338,6.681629109917697,7.165246859923775,6.8867476895402815,7.353850130226915,7.2353131557315224,,,,
156,168,26376,6.206459999084473,1966.759928703308,89.71755615833172,8971.755615833174,12623.747364778712,211.79333333333332,3440.1984156122035,626.292496227124,612.5729862139075,11194.384452861645,1429.3629119170653,12623.747364778712,68.70833333333334,1058.9666666666665,6.880396831224407,7.348035058976361,7.201581910459458,7.3783079779229555,7.318313392948666,,,,
157,168,26544,6.132776975631714,1983.9927189350128,68.23358914075041,6823.358914075041,12539.947545548046,203.4991666666665,5513.089464806337,934.8943921340816,903.6191045112395,11133.508415453658,1406.4391300943862,12539.947545548046,57.208333333333314,1017.4958333333325,11.026178929612673,7.576547863265935,8.984794116235737,7.627939995944776,8.04420252834331,,,,
158,168,26712,6.391884803771973,2001.3576362133026,94.08972706405856,9408.972706405857,12637.298950467193,205.46000000000015,3022.8662440613375,560.1776208353605,547.234281084945,11148.784994619888,1488.513955847306,12637.298950467193,68.58333333333339,1027.3000000000006,6.045732488122675,7.286009478437703,7.02555951736895,7.261662218905385,7.288514081298855,,,,
159,168,26880,6.041970729827881,2019.1753215789795,94.98907636909892,9498.907636909891,12775.220996306733,165.5416666666666,3110.7716927301753,565.3768629917954,552.1460595198482,11161.559662045638,1613.6613342610954,12775.220996306733,57.08333333333334,827.708333333333,6.22154338546035,7.283623843059359,6.708797800159873,7.286685677008653,7.241943196989969,-0.009370431303977966,40.79683303833008,3.2382431030273438,0.001388818258419633
160,168,27048,6.3942389488220215,2036.9646039009094,91.86954266763601,9186.9542667636,12644.42580600308,186.06666666666666,3271.4048725728135,636.592035211655,623.4626772430132,11169.608269982924,1474.8175360201578,12644.42580600308,61.41666666666666,930.3333333333333,6.542809745145627,7.095648459632922,7.149579595804376,7.33419888695982,7.266672911778872,,,,
161,168,27216,6.098792791366577,2055.7978098392487,94.16695766866438,9416.695766866438,12348.03098926352,164.26249999999982,2767.0727223970825,524.2525226174939,509.0116971959885,11126.115230988937,1221.9157582745825,12348.03098926352,52.374999999999964,821.3124999999991,5.534145444794166,6.943801736678862,8.202551589283157,7.132590971447454,7.525585319243798,,,,
162,168,27384,5.816215991973877,2072.492744207382,77.68464995613314,7768.4649956133135,12485.762012971969,182.21416666666684,4535.082850691989,581.4755704259953,550.1681170892059,11206.9683058622,1278.7937071097685,12485.762012971969,54.45833333333337,911.0708333333342,9.070165701383978,7.395924216914019,8.50884337467848,7.314431736838547,8.101071329038815,,,,
163,168,27552,6.291852712631226,2090.64994764328,81.45962756275858,8145.962756275859,12398.78813703029,200.2716666666669,4052.553714087762,617.4054929331967,595.1130465015688,11097.911392477876,1300.8767445524102,12398.78813703029,61.79166666666673,1001.3583333333343,8.105107428175524,7.675652617870149,8.176277213602507,7.345491725154274,7.867674333547099,,,,
164,168,27720,6.350633859634399,2108.6749262809753,83.60984275178245,8360.984275178245,12346.969482559787,212.89249999999993,3773.092707381542,609.2930667628754,591.3164254964619,10974.432967231305,1372.536515328481,12346.969482559787,68.08333333333333,1064.4624999999996,7.546185414763084,7.892235245983334,7.420665040182709,7.365633638725166,7.63670877884117,,,,
165,168,27888,5.63373875617981,2123.996575832367,91.45736533025153,9145.736533025152,12306.786386429467,190.10583333333312,2970.9440200709814,517.6831013963576,499.17097982876726,11098.52960676596,1208.2567796635078,12306.786386429467,60.37499999999993,950.5291666666657,5.941888040141963,7.179068603872546,8.408461186481828,7.08965950593079,7.601715672535475,,,,
166,168,28056,5.5365002155303955,2140.0251541137695,93.84156531616944,9384.156531616944,12558.527260384963,167.76583333333338,3006.604895434685,562.8799542720039,550.7230821989402,11131.942817991992,1426.5844423929718,12558.527260384963,55.54166666666667,838.8291666666667,6.01320979086937,6.872899322063171,7.693965810831172,7.258482439029039,7.088212655567539,,,,
167,168,28224,5.983006477355957,2155.9266085624695,70.1676240298321,7016.7624029832095,10199.15432594797,174.84166666666658,3007.5502562980932,1080.7188883013735,1039.7878241365136,8881.038100872389,1318.1162250755813,10199.15432594797,54.83333333333333,874.208333333333,6.015100512596186,4.941784074514749,8.51350294542796,6.562452097835487,8.003220444487871,-0.02641206979751587,39.883522033691406,3.227048397064209,0.000800756155513227
168,168,28392,5.654492378234863,2172.0331647396088,78.73929520638853,7873.929520638853,10805.228385345234,221.08166666666654,2710.217198039714,867.5623011912442,842.6055266947375,9374.252955795224,1430.9754295500102,10805.228385345234,72.6666666666666,1105.4083333333328,5.420434396079428,4.843098635796477,7.513660584160519,6.826190441766279,7.740292974877123,,,,
169,168,28560,5.67444634437561,2188.0210494995117,81.86836541309803,8186.8365413098045,12488.89268882438,165.01166666666683,4137.04448084791,753.8326879197084,735.7774028987296,11128.08311400732,1360.8095748170604,12488.89268882438,49.62500000000003,825.0583333333341,8.274088961695817,7.768570806148913,8.122126403133212,7.498193762864761,7.557748572548795,,,,
170,168,28728,5.683745622634888,2204.9332971572876,89.69713494342362,8969.713494342363,12542.061486255778,231.21166666666699,3341.136325246749,625.4618549921663,609.3851387116454,11110.655752328352,1431.405733927426,12542.061486255778,77.25000000000011,1156.058333333335,6.682272650493498,7.343012375767587,7.020879895039444,7.331185941286032,7.254512699943144,,,,
171,168,28896,5.884917259216309,2221.614774942398,94.7789158846704,9477.891588467039,12490.04095087539,167.8491666666667,2844.300195741683,544.5865375981044,530.2111642772494,11194.89259013371,1295.148360741679,12490.04095087539,54.41666666666665,839.2458333333334,5.688600391483366,7.344780198754619,7.568172579230358,7.206039143796208,7.4583302939625336,,,,
172,168,29064,5.509962558746338,2237.730497121811,88.07741005342419,8807.74100534242,12456.681061087053,213.5199999999997,3435.4200557446347,603.276944390611,588.0863344145031,11153.227520788569,1303.4535402984854,12456.681061087053,68.91666666666657,1067.5999999999985,6.870840111489269,7.130920333104454,7.633462152527444,7.325098544812918,7.444437946172818,,,,
173,168,29232,6.056715250015259,2254.948175907135,92.34667405473847,9234.667405473845,12611.30653513475,164.67833333333328,3211.960796327571,545.0774281453039,525.328266239381,11175.669659493677,1435.636875641073,12611.30653513475,54.12499999999996,823.3916666666664,6.423921592655142,7.261310120648586,7.138034035755265,7.195846471282372,7.837857696609246,,,,
174,168,29400,5.487823963165283,2270.7292976379395,99.15065172105585,9915.065172105584,12321.809433643464,195.74083333333357,2211.003428204547,527.414846865229,512.7012036287504,11056.491532524564,1265.3179011189018,12321.809433643464,64.33333333333337,978.7041666666678,4.422006856409094,6.903464348437825,7.864126651944131,6.988251984276094,7.447268732678701,,,,
175,168,29568,5.449460983276367,2285.9750514030457,76.22386108818506,7622.386108818505,12496.038059438917,232.95499999999993,4640.696950620412,640.460463618059,608.3651494391388,11156.463397538004,1339.574661900913,12496.038059438917,72.6666666666666,1164.7749999999996,9.281393901240824,7.152533512623153,8.224930160321286,7.316053455647438,8.173674603392499,0.011765475384891033,39.91839599609375,3.220355987548828,0.0007395950960926712
176,168,29736,5.679538011550903,2302.40851354599,69.59532319626544,6959.5323196265435,12286.909837407326,219.1674999999999,5108.210017780782,784.1742752511807,752.8167883500705,10952.030196892836,1334.8796405144897,12286.909837407326,64.99999999999994,1095.8374999999994,10.216420035561562,8.065519150266368,8.61300012719505,7.482058536738683,8.022801039920926,,,,
177,168,29904,5.693524122238159,2318.290459394455,89.40212027573762,8940.212027573762,12560.393573678575,222.22666666666657,3397.9548794381476,575.6816312768349,554.9239029628762,11172.161666663522,1388.2319070150538,12560.393573678575,71.70833333333331,1111.133333333333,6.795909758876295,7.371420939578079,7.223939791938116,7.316262390749275,7.578079033593372,,,,
178,168,30072,4.844279527664185,2332.7861387729645,95.70658151533124,9570.658151533124,12406.026879617744,205.75833333333327,2629.610394751286,610.172925738013,598.6623075432124,10985.910621381907,1420.1162582358374,12406.026879617744,71.29166666666663,1028.791666666666,5.259220789502572,6.56006793705911,7.021255498859114,7.143510151890106,6.955231613145613,,,,
179,168,30240,4.520847797393799,2345.7098746299744,12.464440575861513,1246.4440575861508,6741.232510917121,236.6991666666667,5258.089286664303,2318.299767489487,2288.164599021416,3449.9157216251956,3291.3167892919246,6741.232510917121,79.37500000000003,1183.4958333333336,10.516178573328606,4.779903720332207,7.632327882438959,4.15790380984133,7.086032914669335,,,,
180,168,30408,4.620281457901001,2359.1967618465424,93.64651525322365,9364.651525322366,12406.344469902273,170.8400000000001,2870.8529445799063,544.7379852017029,531.3659877561142,10990.957766514435,1415.3867033878378,12406.344469902273,55.08333333333336,854.2000000000004,5.741705889159814,7.881950315127088,8.019645176664266,7.197798288602823,7.249377568822289,,,,
181,168,30576,4.703930616378784,2372.4789242744446,82.45928642969518,8245.928642969518,12590.729544469945,161.4099999999998,4183.3909015004265,702.7752899819944,680.4640782536521,11186.570576571617,1404.1589678983275,12590.729544469945,49.04166666666664,807.0499999999992,8.366781803000853,6.9688197211014815,8.199630763859926,7.452917710834084,7.839267101512987,,,,
182,168,30744,4.731670379638672,2385.900256872177,94.8701814762864,9487.018147628642,12404.709228667512,184.63666666666654,2733.0544143722054,556.6448765999808,543.0056228510857,10947.043378543036,1457.6658501244774,12404.709228667512,61.54166666666666,923.1833333333327,5.466108828744412,7.870286948375917,7.03963180945666,7.179032468058936,7.267868096504693,,,,
183,168,30912,4.937952041625977,2400.1112701892853,89.39918941566916,8939.918941566917,12555.064464774645,203.92833333333346,3411.2171898743936,573.3959649989084,554.5300143551349,11118.82927596678,1436.2351888078638,12555.064464774645,66.54166666666671,1019.6416666666671,6.822434379748788,7.046187797763093,7.3329324094259976,7.280833933103819,7.640355296869778,0.07807154953479767,37.55595779418945,3.2005133628845215,0.0017430592561140656
184,168,31080,4.890039443969727,2413.990082502365,78.18609760823534,7818.609760823534,12512.303330392591,180.4791666666667,4513.214402902391,604.8228072655229,578.1826587002738,11181.012197702694,1331.2911326898975,12512.303330392591,53.791666666666686,902.3958333333335,9.026428805804782,7.195876251014039,8.561798300411029,7.369808024705846,8.075571483205982,,,,
185,168,31248,4.812658309936523,2427.8341603279114,73.74181831553173,7374.181831553173,12405.300655289264,194.2250000000003,4836.893823736091,635.673368098833,598.8939742282464,11096.17587477399,1309.1247805152748,12405.300655289264,59.16666666666674,971.1250000000016,9.673787647472182,6.8719072481610235,8.548348461340472,7.331986879370745,8.224554221419135,,,,
186,168,31416,4.614145040512085,2441.3714492321014,66.36373617066204,6636.373617066203,12367.863942684557,202.5241666666665,5528.966158951687,535.8482580524355,483.63745082204633,11129.974416335215,1237.889526349341,12367.863942684557,60.66666666666665,1012.6208333333325,11.057932317903372,7.107776910999518,8.672980722349052,7.199564720742013,8.554803702836335,,,,
187,168,31584,4.681534290313721,2455.465339422226,85.05025354224396,8505.025354224397,12468.185538898855,213.88499999999993,3749.275184674459,711.7825901877159,699.7840746589508,11137.666888655527,1330.5186502433294,12468.185538898855,69.58333333333329,1069.4249999999995,7.498550369348918,7.1715653116869715,7.470712643392759,7.470487746963061,7.203594987121627,,,,
188,168,31752,4.688642978668213,2469.235352039337,85.56213288713178,8556.213288713177,12718.373210614776,219.05416666666636,3943.1057552349303,1006.9605524850575,993.8348405121117,11008.428516905584,1709.9446937091914,12718.373210614776,74.74999999999989,1095.2708333333317,7.8862115104698605,7.368781264803402,6.6843580920964785,7.526296156343888,7.066582738225447,,,,
189,168,31920,4.7402989864349365,2483.370836496353,81.28387110932701,8128.387110932701,12388.745004353816,209.14583333333346,4051.2120600877824,561.6555758066163,534.1767526877994,11045.67720360589,1343.0678007479269,12388.745004353816,66.37500000000003,1045.7291666666672,8.102424120175565,8.065014504450208,7.650967746913583,7.2046547139055015,8.070737252299027,,,,
190,168,32088,4.575180292129517,2497.034848690033,93.50232196028841,9350.232196028843,12562.999292949517,167.45999999999995,3045.3070969206747,560.5729817613789,546.5523123723301,11142.704420115318,1420.2948728341976,12562.999292949517,56.416666666666664,837.2999999999997,6.09061419384135,7.051244558300398,7.0562389939360095,7.269346643408079,7.34713534432097,,,,
191,168,32256,4.773409366607666,2511.0787954330444,94.86845696350463,9486.845696350463,12613.161857734776,165.1966666666665,2961.119494717648,550.9795547767101,538.5285108178495,11110.72313519777,1502.4387225370078,12613.161857734776,56.374999999999915,825.9833333333324,5.9222389894352965,7.241651249045744,6.8688246549414504,7.246203043797648,7.170845014025978,0.049458179622888565,30.093975067138672,3.1690611839294434,0.0026383711956441402
192,168,32424,4.747447490692139,2524.748754501343,92.86249014130144,9286.249014130142,12366.838366690627,161.8791666666667,2918.7101858938163,561.0262904515989,545.3725544596591,11100.968203876117,1265.8701628145095,12366.838366690627,52.583333333333314,809.3958333333334,5.837420371787633,7.0562214567182275,7.851531609948785,7.2085264010018095,7.557255162804507,,,,
193,168,32592,4.811891555786133,2539.0251655578613,97.07548534410364,9707.548534410365,12467.121465723321,167.39499999999987,2592.177931312958,534.5398285335356,521.8057973321162,11033.597668536728,1433.5237971865936,12467.121465723321,55.12499999999994,836.9749999999992,5.184355862625916,6.210098448383374,8.101083893812104,7.110558749931721,7.225426947884706,,,,
194,168,32760,5.401361703872681,2553.8585975170135,84.31876633023626,8431.876633023629,10719.482318572911,217.82499999999993,2069.7806855492845,1199.1365661364289,1183.0467383409161,9059.699593084053,1659.7827254888577,10719.482318572911,72.79166666666667,1089.1249999999998,4.139561371098569,5.904538354375088,7.085483140906037,6.692277780407261,7.343498884430353,,,,
195,168,32928,4.850420951843262,2568.739427089691,93.46118478973173,9346.118478973172,12499.746673581094,200.3033333333333,2953.324861274589,571.8892380620862,557.5647054915135,11171.775854684212,1327.970818896882,12499.746673581094,66.95833333333333,1001.5166666666667,5.906649722549177,6.83507696577289,7.30056172982379,7.209917419082062,7.349620108621007,,,,
196,168,33096,4.660919666290283,2582.891560316086,83.7916819554043,8379.168195540431,12401.465772615129,183.26416666666694,3839.0334104080316,584.8469642517816,563.7769248489211,11125.296215671693,1276.169556943436,12401.465772615129,55.125000000000085,916.3208333333346,7.678066820816063,7.098905535444445,8.654320339043004,7.30680923111042,7.860128642661468,,,,
197,168,33264,4.656951427459717,2597.152554512024,50.187857124947364,5018.785712494736,6381.80165977804,199.8466666666666,1163.1692806166368,6739.530060932802,6692.522455210708,2020.7909464636332,4361.0107133144065,6381.80165977804,66.95833333333329,999.2333333333331,2.326338561233274,4.935012323158295,7.1905745568564265,5.042856481652199,7.24564369056275,,,,
198,168,33432,4.683548927307129,2611.3223547935486,101.18624221310384,10118.624221310383,12456.75905715845,174.91333333333324,2163.221502514731,516.2840142690142,499.4410657047208,11022.763850177762,1433.9952069806882,12456.75905715845,59.91666666666661,874.5666666666662,4.3264430050294616,5.517348301110194,7.066329807192353,6.980528469843797,7.454866943644041,,,,
199,168,33600,4.720628976821899,2625.4409296512604,95.62809987259848,9562.80998725985,12689.124263084483,178.70333333333332,2947.610942491301,607.6284388671495,595.6730264332673,11174.881659580273,1514.2426035042108,12689.124263084483,60.58333333333334,893.5166666666665,5.895221884982601,7.211568755086832,6.920594644194752,7.24118620338238,7.120560489366503,0.0266132690012455,40.08281707763672,3.180875301361084,0.0019572265446186066
200,168,33768,4.644596099853516,2639.631903409958,94.78323068560904,9478.323068560903,12553.32657788164,149.92166666666657,2925.0818426540727,555.810407745389,543.2991641706312,11177.427073396677,1375.8995044849642,12553.32657788164,49.66666666666663,749.6083333333329,5.850163685308145,7.045668909446165,7.354801880473568,7.235531255076851,7.249778587761858,,,,
201,168,33936,4.579849720001221,2653.9078736305237,88.63937550375991,8863.937550375991,12625.775612963605,206.27750000000015,3555.5605625876133,638.2418591935841,626.8900582731388,11095.521459848274,1530.2541531153306,12625.775612963605,71.87500000000006,1031.3875000000007,7.111121125175227,7.15427013207425,6.750454578094369,7.402409791131194,6.874909915572327,,,,
202,168,34104,4.502911806106567,2667.977151632309,90.14655061878327,9014.655061878326,12366.31555615698,210.82250000000016,3140.837994278654,553.522150597073,536.7994116797731,11109.069310043862,1257.246246113119,12366.31555615698,69.54166666666666,1054.112500000001,6.281675988557309,6.500282993313263,7.899428198674544,7.194104166229969,7.408067035847772,,,,
203,168,34272,4.509968280792236,2682.2096388339996,81.9004150990489,8190.04150990489,11065.42617300193,149.32333333333298,2726.0613297637083,714.2448659063864,693.9292086936996,9746.59248459943,1318.8336884025005,11065.42617300193,47.58333333333326,746.616666666665,5.452122659527417,4.157850624377523,8.434793545502568,6.806043097043411,7.732651966007989,,,,
204,168,34440,4.636145353317261,2696.4550886154175,70.72271329249362,7072.271329249363,12358.045159912683,183.87750000000003,5101.8963306633195,589.3148815054076,544.9751150401539,11090.094775219944,1267.950384692736,12358.045159912683,55.75000000000004,919.3875,10.20379266132664,7.222634171111639,8.546215057296758,7.235055263890054,8.350197185174917,,,,
205,168,34608,4.567424058914185,2710.7597444057465,87.89488179006241,8789.488179006243,12369.308543779323,158.15000000000006,3421.670364773082,540.2127577576007,517.1645717609545,11054.923080370483,1314.38546340884,12369.308543779323,50.125000000000014,790.7500000000002,6.8433407295461635,6.6098928138756765,8.2239928392749,7.164341702025807,7.892534358950126,,,,
206,168,34776,4.537293910980225,2725.2046875953674,91.7960016893455,9179.60016893455,12431.426505910102,165.2725000000002,3086.5538369755523,573.3733315355366,555.3017474545263,11130.219394023676,1301.2071118864258,12431.426505910102,53.12500000000006,826.3625000000009,6.173107673951105,7.374802129694541,7.754482951209329,7.278384678545577,7.322994195768504,,,,
207,168,34944,4.51810622215271,2739.584720134735,95.354607035937,9535.460703593699,12639.403035296733,205.96833333333322,2897.973998369702,540.0740039395658,527.9584081977782,11109.441517418572,1529.9615178781619,12639.403035296733,73.70833333333327,1029.8416666666658,5.795947996739403,6.9076707838803175,6.580260793157993,7.180371691674834,6.811384733828964,-0.04286584258079529,37.69876480102539,3.173830032348633,0.0014513542409986258
208,168,35112,4.58336329460144,2754.2993791103363,89.37485919146673,8937.485919146673,12383.277270248273,207.78416666666686,3238.0071844349345,563.81656615272,540.3011922301002,11125.654728134432,1257.6225421138415,12383.277270248273,66.83333333333339,1038.9208333333345,6.476014368869869,6.94993291190682,8.226625911866336,7.049000110840816,7.727567764870116,,,,
209,168,35280,4.623208045959473,2768.9422500133514,92.21421640019128,9221.421640019129,12556.69054486127,241.71083333333345,3093.558071508807,559.3234196470612,538.3038208050577,11122.799756466506,1433.8907883947638,12556.69054486127,79.87500000000003,1208.5541666666672,6.187116143017615,7.013541085119584,7.110031512365174,6.986504221409366,7.810314236507444,,,,
210,168,35448,4.554864883422852,2783.4135031700134,80.95154581755757,8095.154581755758,12484.57138961287,173.20916666666673,4216.207641190444,846.2258780654333,832.1661311769143,10953.249750977075,1531.321638635795,12484.57138961287,54.6666666666667,866.0458333333336,8.432415282380887,7.737923953972809,7.2692350752393695,7.60521612354516,7.337094527789702,,,,
211,168,35616,4.551220893859863,2797.9874155521393,98.74909152293668,9874.909152293669,12672.080123270207,155.5358333333334,2641.6351376432067,526.8276194348425,514.8435266085365,11113.898297107193,1558.1818261630156,12672.080123270207,55.33333333333336,777.6791666666669,5.283270275286412,7.101941820439912,6.675806459672585,7.149584944562049,7.067803662195548,,,,
212,168,35784,4.52096700668335,2812.5331325531006,87.13517063643286,8713.517063643285,12460.985400858086,164.89083333333332,3582.577503881468,554.8317313059911,529.5908640102415,11130.19456346457,1330.7908373935152,12460.985400858086,51.54166666666663,824.4541666666667,7.165155007762936,7.189493332562535,8.054447351338629,7.249675018405871,7.904198714737303,,,,
213,168,35952,4.589911222457886,2827.1932966709137,94.9557726747464,9495.57726747464,12644.252274635855,179.79833333333352,2968.87667382788,630.5806345739403,614.9208794232239,11138.507168187421,1505.745106448433,12644.252274635855,62.58333333333336,898.9916666666676,5.937753347655759,6.999379585731996,6.886278363599097,7.2434373194203925,7.026532707518113,,,,
214,168,36120,4.470902442932129,2845.416824579239,55.80862507919433,5580.8625079194335,7831.596819987835,186.92916666666673,2063.805145401736,2705.2485706045354,2647.809573496646,5937.628626178041,1893.9681938097942,7831.596819987835,60.33333333333334,934.6458333333336,4.127610290803473,4.745294136767794,8.36511276673553,6.038736917539777,7.543392606831338,,,,
215,168,36288,4.566508054733276,2860.2851622104645,95.0863314471452,9508.63314471452,12404.992438031264,165.33750000000032,2731.021793316747,520.7268450761377,503.78687754484963,11094.032543808704,1310.9598942225614,12404.992438031264,54.41666666666676,826.6875000000015,5.462043586633493,7.221338302035342,7.714584784415546,7.071141525718069,7.5008561243371075,0.008374111726880074,40.02288055419922,3.1706438064575195,0.0009233506279997528
216,168,36456,4.466248512268066,2875.0688309669495,39.640566029165555,3964.0566029165557,8725.022611388984,148.05666666666642,4612.909341805761,1565.0512511308903,1543.6191414668328,6434.173274320135,2290.8493370688475,8725.022611388984,52.124999999999886,740.2833333333319,9.225818683611521,1.4922303477240877,6.99573212518098,5.348055826826517,7.384044732345708,,,,
217,168,36624,4.582476854324341,2890.034994125366,88.83403495552128,8883.403495552127,12620.788728899714,197.41583333333313,3539.9694000142526,633.655758874364,619.3588794072332,11154.483563933169,1466.3051649665435,12620.788728899714,65.1249999999999,987.0791666666655,7.079938800028506,7.162626343396691,7.0949240350358584,7.39427881380796,7.331293048435955,,,,
218,168,36792,4.555402755737305,2904.9653644561768,94.75732395867348,9475.732395867348,12618.455394838906,143.64916666666653,2999.073832304891,557.4322351231551,543.9311520521105,11141.171488201284,1477.2839066376212,12618.455394838906,47.74999999999992,718.2458333333327,5.998147664609782,7.1601978258855805,7.141345293002875,7.2568662684097305,7.323006074567855,,,,
219,168,36960,4.554976463317871,2919.794453859329,90.33314004430272,9033.31400443027,12520.210722009975,164.82749999999993,3322.0692175797044,605.6058258406899,589.5100491520069,11207.839093201077,1312.3716288089004,12520.210722009975,52.62499999999997,824.1374999999996,6.644138435159409,7.273806936403925,7.7005400228475045,7.31639658179026,7.569087096038448,,,,
220,168,37128,4.540820837020874,2934.8229553699493,83.1086550349488,8310.865503494879,12550.834529376265,215.6908333333335,4024.2781925480526,757.8654462548043,746.2196309500487,11007.61217353312,1543.2223558431456,12550.834529376265,71.29166666666671,1078.4541666666676,8.048556385096106,7.844800614305342,6.920477289344384,7.548359793698468,6.946730686994272,,,,
221,168,37296,4.502591609954834,2949.703507900238,82.95189578312204,8295.189578312202,10290.592710459425,132.97583333333347,1862.4272988138873,1135.1557171043826,1120.90039469018,8709.544731862945,1581.0479785964794,10290.592710459425,45.250000000000036,664.8791666666674,3.724854597627775,4.7138956643830445,7.574939320935218,6.644850028455686,7.202702295884039,,,,
222,168,37464,4.6244215965271,2964.9282460212708,88.22281156158053,8822.281156158053,12464.704477691248,188.47916666666694,3453.9441548665286,573.6703923850127,552.6973796536172,11134.961947646414,1329.7425300448353,12464.704477691248,59.95833333333341,942.3958333333347,6.907888309733057,7.089779683161597,7.925309742338346,7.23634581732225,7.853123153096349,,,,
223,168,37632,4.577548265457153,2980.206884622574,92.04408283659944,9204.408283659945,12237.094013447559,176.46499999999975,2856.220729787613,597.170504496529,584.8645044618179,10803.782353932576,1433.3116595149822,12237.094013447559,61.9166666666666,882.3249999999987,5.712441459575226,6.202990515322635,7.306947280112875,7.182664564030068,7.031984982951067,0.001957440283149481,41.365108489990234,3.181225538253784,0.0015295848716050386
224,168,37800,4.584932327270508,2995.461482524872,85.21506583401944,8521.506583401944,12502.039073148504,184.0591666666666,3796.4733230798947,644.038378094477,626.4118920696222,11120.247652160719,1381.7914209877868,12502.039073148504,57.749999999999986,920.295833333333,7.59294664615979,8.104557416310307,7.4926454231472555,7.416482871831164,7.568094247896156,,,,
225,168,37968,4.588001251220703,3011.529140472412,94.97783463956071,9497.783463956072,12517.929944411026,174.6650000000002,2845.481480454956,538.7255314958486,526.9011095009652,11127.269910348576,1390.660034062452,12517.929944411026,59.958333333333385,873.325000000001,5.690962960909911,7.5649384967803135,7.089531941885513,7.211084307428602,6.977814373486332,,,,
226,168,38136,4.618474006652832,3026.8824441432953,97.2438062127836,9724.38062127836,12450.838336188532,152.58166666666688,2573.876048243505,524.358837799116,512.176713905129,11136.79222432504,1314.0461118634908,12450.838336188532,49.83333333333337,762.9083333333344,5.14775209648701,7.152564186871196,8.203171262108564,7.122397534848945,7.16221532906656,,,,
227,168,38304,4.6466288566589355,3042.3989658355713,93.00443897380309,9300.443897380308,12499.9053679046,131.94916666666668,3067.512303857623,571.2394940155446,559.056153713179,11133.13329418633,1366.7720737182676,12499.9053679046,43.58333333333334,659.7458333333334,6.135024607715246,7.210650663471461,7.4043656445145665,7.276650824706339,7.317498213832424,,,,
228,168,38472,4.968311071395874,3058.2897515296936,90.18762931675192,9018.762931675192,12588.395188161701,170.5958333333335,3399.0364231531757,637.1316477620998,622.9433465361346,11113.57136090806,1474.8238272536414,12588.395188161701,58.2083333333334,852.9791666666674,6.798072846306352,6.820265971523743,7.091583042558132,7.360881494925283,7.100483620134504,,,,
229,168,38640,4.540274620056152,3073.634945869446,95.10863006198599,9510.863006198599,12454.323512248844,211.71416666666687,2731.7463393835765,533.3123030845525,522.633865299532,11108.83420885698,1345.4893033918634,12454.323512248844,72.91666666666669,1058.5708333333343,5.463492678767153,7.001466119446207,7.511792280645204,7.161432619109394,6.81560902642071,,,,
230,168,38808,4.59518575668335,3089.215760231018,87.60607516415872,8760.607516415872,12452.09542286757,177.96583333333345,3513.522073118363,588.8985604911602,570.1754378075474,11101.803141284832,1350.2922815827365,12452.09542286757,57.12500000000004,889.8291666666672,7.027044146236727,7.367316249766433,7.6253165267629095,7.283913921159957,7.734435520526399,,,,
231,168,38976,4.567131996154785,3104.565423488617,94.21441099709546,9421.441099709546,12688.59972366936,235.6433333333332,3031.515290626482,566.1241384761275,553.311937083966,11193.344395467157,1495.255328202204,12688.59972366936,78.95833333333331,1178.216666666666,6.063030581252965,7.294661925771962,6.780820927347935,7.266370390452016,7.220687863969597,-0.026903575286269188,40.76291275024414,3.1872329711914062,0.002166071441024542
232,168,39144,4.57438325881958,3120.1853392124176,97.02058238831015,9702.058238831016,12493.365597923957,166.10916666666645,2625.198192426277,522.2218592986621,510.20860723066744,11086.746070866735,1406.6195270572246,12493.365597923957,58.041666666666586,830.5458333333323,5.250396384852554,6.962532765445132,7.708561923634514,7.10585008544028,6.923070099104926,,,,
233,168,39312,4.472269773483276,3135.7309777736664,96.91007083606894,9691.007083606895,12582.92377964166,151.91583333333318,2740.0008627014336,521.6991401502758,505.8577522351188,11125.28250686435,1457.6412727773088,12582.92377964166,51.458333333333286,759.579166666666,5.480001725402867,7.241040832007939,7.026904748642856,7.109545705214292,7.483035967449579,,,,
234,168,39480,4.603834867477417,3151.431005001068,83.10489555009411,8310.489555009412,12661.986145012,166.0066666666669,4185.489923335922,973.8226150087035,954.9281389287268,11109.507880959918,1552.4782640520816,12661.986145012,51.83333333333343,830.0333333333344,8.370979846671844,7.452475089535561,7.472230770198684,7.555051207371941,7.592031812397274,,,,
235,168,39648,4.55867075920105,3167.019325017929,89.1082794792678,8910.827947926779,12582.613334111848,234.365,3437.4203861850683,629.6658953266626,614.5689566830769,11166.531379684182,1416.0819544276653,12582.613334111848,78.29166666666669,1171.8249999999998,6.874840772370135,7.161762177234592,7.111926068096992,7.31130720765198,7.328946151246238,,,,
236,168,39816,4.516580820083618,3182.828384399414,82.90118582198849,8290.118582198847,12719.67045076129,195.1391666666668,4234.412701895775,947.7124097275507,933.1085801903406,11145.89118673272,1573.7792640285704,12719.67045076129,63.208333333333385,975.6958333333339,8.468825403791548,7.496164653285207,7.086312255629426,7.608863073972835,7.275909486257087,,,,
237,168,39984,4.562518119812012,3198.6994359493256,23.831275188245698,2383.1275188245704,7260.174130810286,220.20833333333317,4656.8382786523825,1734.8766357204333,1688.1095087851515,4371.462432069438,2888.7116987408476,7260.174130810286,72.5833333333333,1101.0416666666656,9.313676557304763,2.307617144072295,7.452670666403313,4.6425923822454775,7.539497507110998,,,,
238,168,40152,4.547269582748413,3214.3801095485687,98.60963402783558,9860.963402783556,12702.6114862279,141.7700000000002,2699.8780834443432,530.4498709168554,517.3860136305774,11116.971028006788,1585.6404582211107,12702.6114862279,50.000000000000085,708.850000000001,5.399756166888686,7.118895087290191,6.73389775904857,7.171102763745909,7.177704026149818,,,,
239,168,40320,4.542975664138794,3230.3495326042175,84.2052281065832,8420.522810658322,12535.863435069725,210.15833333333347,3905.182291078069,541.9020650569676,510.81390076585325,11140.746979667922,1395.1164554018017,12535.863435069725,67.83333333333339,1050.7916666666674,7.810364582156139,7.0654801588611305,7.4341634125390925,7.210836017443621,7.9676012340642375,-0.05419106036424637,38.5731086730957,3.192573070526123,0.00158404721878469
240,168,40488,4.582102060317993,3246.2545330524445,95.63614742931348,9563.614742931348,12822.93059988249,239.12249999999983,3020.193356951141,607.5629056423502,594.8920334611629,11214.687395231442,1608.2432046510476,12822.93059988249,84.79166666666659,1195.6124999999993,6.040386713902283,7.209038940426129,6.072161853170747,7.239975682431683,7.052568382237486,,,,
241,168,40656,4.552439451217651,3262.1766259670258,68.51871080000119,6851.871080000119,9372.15238718504,223.32583333333332,2296.9554738515894,1662.5729783938136,1640.0621002290916,7590.838728510222,1781.3136586748192,9372.15238718504,82.50000000000003,1116.6291666666666,4.593910947703178,4.76961668296461,6.043335942105231,6.335280759154681,6.670201604822645,,,,
242,168,40824,4.515852928161621,3278.1303210258484,79.83562212296383,7983.562212296381,12628.630517170706,236.206666666667,4408.861638207659,595.8906514548629,569.548114443554,11169.337734950273,1459.292782220436,12628.630517170706,76.83333333333343,1181.0333333333347,8.817723276415318,6.902660991338372,7.115556613175645,7.344519136645819,7.995917302215879,,,,
243,168,40992,4.541711330413818,3293.963164329529,99.29386099094793,9929.386099094794,12472.447341521165,143.0125000000001,2400.048742426372,514.0864154588213,501.75997100829267,11101.916354200148,1370.530987321016,12472.447341521165,48.12500000000003,715.0625000000005,4.800097484852744,7.2155672277396254,7.253710647176776,7.085920993960056,7.264393373786925,,,,
244,168,41160,4.5834081172943115,3310.092000246048,94.33868070513054,9433.868070513054,12480.552418995368,168.4308333333335,2878.2535151489797,576.8196031825798,563.533854216465,11115.835606091652,1364.7168129037148,12480.552418995368,55.58333333333341,842.1541666666676,5.756507030297959,7.35972656508726,7.481168977202403,7.221232496762414,7.339474983483667,,,,
245,168,41328,4.493145942687988,3326.123534679413,75.52779808053216,7552.7798080532175,12537.391170228326,168.31,4816.301362175107,617.6103504134801,583.8908313090994,11161.89577116723,1375.4953990610923,12537.391170228326,51.791666666666664,841.5499999999998,9.632602724350214,7.195026973669006,8.01422949127585,7.374285687506365,8.182083870742312,,,,
246,168,41496,4.585679292678833,3342.3145117759705,102.97794230638591,10297.79423063859,12416.387217565101,164.18083333333354,1954.4121535931774,514.7281128026084,503.09445773842947,11011.356339197882,1405.030878367219,12416.387217565101,55.875000000000064,820.9041666666676,3.9088243071863547,6.577698613093639,7.750200479643535,6.957309488945875,7.05879001211779,,,,
247,168,41664,4.5706281661987305,3358.486475944519,93.8669319401155,9386.69319401155,12485.167206760509,213.28749999999994,2885.1865127489577,551.6092065334847,539.427389665774,11169.143197022066,1316.0240097384442,12485.167206760509,71.54166666666663,1066.4374999999995,5.770373025497916,7.25419297017801,7.8404970970030945,7.200081389050013,6.994494859939315,-0.006225461605936289,38.364688873291016,3.1722493171691895,0.0015686642145738006
248,168,41832,4.56345796585083,3375.394882917404,90.25425005426288,9025.425005426288,12657.011168374112,157.59500000000008,3473.991162947821,672.0904832817524,659.035558875978,11106.47207281494,1550.539095559171,12657.011168374112,52.70833333333336,787.9750000000004,6.947982325895643,7.030818035617698,7.01897477742565,7.392077989763974,7.267966730140275,,,,
249,168,42000,4.571114540100098,3391.697598695755,97.01682014112657,9701.682014112659,12602.689885287382,189.95999999999972,2711.0478711747246,540.936504318085,529.2336919722917,11093.159544031645,1509.530341255737,12602.689885287382,66.62499999999989,949.7999999999985,5.42209574234945,6.890402674781347,6.778693343395823,7.171467391247584,6.977465109847929,,,,
250,168,42168,4.6107659339904785,3408.1759860515594,83.3859764987949,8338.597649879492,12755.696459963056,227.51583333333326,4189.582976750233,957.3492927958177,944.19281809278,11102.60780321098,1653.0886567520756,12755.696459963056,76.62499999999996,1137.5791666666662,8.379165953500465,7.3659526409202165,7.030688965462644,7.57885707545616,7.033764764270568,,,,
251,168,42336,4.527137041091919,3424.5253145694733,91.76277320082501,9176.277320082501,12642.884188991266,179.52499999999986,3287.0818689087646,593.7822525424671,582.1582541783474,11154.986493247625,1487.8976957436412,12642.884188991266,61.24999999999998,897.6249999999993,6.57416373781753,7.3863255356507675,6.870744735949881,7.339562570501195,6.981136717441088,,,,
252,168,42504,4.552899122238159,3440.8861248493195,92.997009975976,9299.7009975976,12504.10436074829,217.26583333333363,2987.1375298173566,556.6109089979939,544.5853558250121,11166.54905153867,1337.5553092096186,12504.10436074829,72.29166666666677,1086.329166666668,5.974275059634714,7.282201918396957,7.754992309989018,7.2466781163181615,7.025118069511063,,,,
253,168,42672,4.618479013442993,3457.438235282898,99.30592793144851,9930.592793144853,12303.00668336535,135.80916666666664,2236.6047235538326,530.1695354840723,518.262181282153,10910.83221308112,1392.1744702842318,12303.00668336535,46.958333333333314,679.0458333333331,4.473209447107665,6.564658495950102,7.290656198489879,7.035844220919872,7.081500130779259,,,,
254,168,42840,4.531564474105835,3474.6935679912567,80.11302375104287,8011.302375104287,12556.13117389505,162.97333333333324,4381.855465457431,653.1832454115479,627.9807769169031,11148.62920505162,1407.5019688434327,12556.13117389505,50.54166666666662,814.8666666666661,8.763710930914861,7.531868408633862,7.702378264135729,7.424296358022001,7.982818367037473,,,,
255,168,43008,4.679895401000977,3492.5938489437103,97.45688495790411,9745.688495790411,12499.360705295518,193.1316666666666,2560.54054283844,534.5027928448065,521.552393917555,11043.358783760063,1456.0019215354548,12499.360705295518,65.24999999999997,965.6583333333331,5.121081085676881,6.6892003941571625,7.086401236939863,7.1284274616726115,7.318321204910795,0.024272572249174118,38.40207290649414,3.137150287628174,0.0022925916127860546
256,168,43176,4.606215238571167,3509.6650507450104,93.05752305489278,9305.752305489277,12691.803709181477,150.98166666666668,3235.069737025532,583.467542234508,571.9599231731206,11130.819034308912,1560.9846748725636,12691.803709181477,53.16666666666669,754.9083333333334,6.470139474051065,7.398217039663737,6.727209214814414,7.324804994836135,6.949359779665199,,,,
257,168,43344,4.53996729850769,3526.258442401886,91.49439983841876,9149.439983841876,12339.971096827423,161.7108333333334,3028.8202796522146,558.4496803476806,543.0204897588594,11072.02238176201,1267.9487150654122,12339.971096827423,52.45833333333334,808.554166666667,6.057640559304428,6.786515483314662,8.070374249784896,7.197294562692432,7.465152910689828,,,,
258,168,43512,4.527912855148315,3542.7296442985535,93.97067650116472,9397.06765011647,12652.738279764813,183.5883333333334,3072.082296315008,543.5567386921452,527.5454561797994,11124.39589478369,1528.3423849811197,12652.738279764813,63.25000000000001,917.9416666666671,6.144164592630016,7.172267661256145,6.811189832806892,7.2043866051466,7.334844457833439,,,,
259,168,43680,4.782572269439697,3559.692418575287,71.1090799502252,7110.90799502252,11501.627741532346,184.94416666666666,4205.775579843161,688.1568419229313,652.9696479151687,10247.15125104352,1254.476490488827,11501.627741532346,57.33333333333335,924.7208333333331,8.411551159686322,5.3317661997509695,8.516341522008766,7.047152874175042,8.259958538050098,,,,
260,168,43848,4.729673147201538,3576.658036470413,94.33711969063556,9433.711969063555,12539.165929500847,165.8099999999998,2939.643960437289,576.0664556343932,562.8171551687517,10942.966451990453,1596.1994775103935,12539.165929500847,56.99999999999989,829.0499999999989,5.879287920874578,7.5639245692211174,6.821255977571881,7.24006465051692,7.111532259804061,,,,
261,168,44016,4.612112522125244,3593.3016254901886,79.09704878933444,7909.704878933444,12498.531061093065,157.00750000000016,4431.81868215962,692.8142074451812,669.75228239664,11164.333412163807,1334.197648929257,12498.531061093065,46.08333333333336,785.0375000000008,8.863637364319239,7.248866462025922,8.599590596447035,7.4532631042839705,7.886699980507095,,,,
262,168,44184,4.588420629501343,3610.039724588394,16.469336372198264,1646.9336372198263,7455.626205158439,216.22166666666664,5592.470901271947,821.8515743037169,784.9847372697866,4974.65800465846,2480.968200499979,7455.626205158439,71.375,1081.1083333333331,11.184941802543893,2.66626124519909,7.918142180534648,4.556213173056902,7.331759241505404,,,,
263,168,44352,4.576373100280762,3626.9736642837524,88.93912626065934,8893.912626065932,12527.595504615896,182.3633333333334,3451.31954521663,580.5702391534442,557.7326198790838,11135.871563457542,1391.723941158356,12527.595504615896,58.66666666666666,911.8166666666671,6.902639090433261,7.208033560444301,7.500415605281197,7.234412078866998,7.908772618551674,0.0475742407143116,35.644554138183594,3.1408419609069824,0.0019121061777696013
264,168,44520,4.56738543510437,3644.5461564064026,96.16960060572173,9616.960060572172,12669.508239812385,217.5649999999998,2834.9831792402097,575.3608018343289,562.2139503859148,11130.37319499721,1539.135044815174,12669.508239812385,73.3333333333333,1087.824999999999,5.669966358480418,7.180120775068993,6.987044336280223,7.182039016107131,7.252148934741231,,,,
265,168,44688,4.5332207679748535,3662.4740912914276,96.19578080989498,9619.578080989499,12527.903522605671,168.45499999999998,2739.870441616172,565.455906643349,553.2130874259551,11014.935642226274,1512.9678803793968,12527.903522605671,58.62499999999999,842.275,5.479740883232344,6.348608073683941,6.963278705771852,7.179502680138455,7.053772799280634,,,,
266,168,44856,4.52980375289917,3679.115768432617,97.96473898089411,9796.47389808941,12647.24554582753,192.26250000000016,2658.5091477381193,525.1065387253701,514.3308424701152,11147.10626265111,1500.1392831764201,12647.24554582753,68.25000000000003,961.3125000000008,5.317018295476238,7.078108702062306,6.622554500193348,7.13692260939829,6.907367590091145,,,,
267,168,45024,4.517572402954102,3696.1392941474915,91.47188723577655,9147.188723577656,12669.626192275551,204.2825,3318.154968697897,616.4850608999177,603.6946196130305,11112.293473453454,1557.3327188220985,12669.626192275551,71.74999999999997,1021.4124999999999,6.636309937395794,7.458428737048825,6.576394885534567,7.319440253048957,7.0887561378691135,,,,
268,168,45192,4.562455654144287,3713.119260072708,98.75558915473678,9875.558915473677,12528.06485480837,133.44416666666646,2519.061772668025,548.6689150459533,535.5018494490988,11115.604967770112,1412.4598870382583,12528.06485480837,44.74999999999997,667.2208333333324,5.038123545336049,7.17921172789341,7.348211489686448,7.119417865630273,7.360111292840379,,,,
269,168,45360,4.659608840942383,3731.223007917404,91.5361079756398,9153.610797563979,12649.947551503263,225.05833333333325,3271.2784206059505,554.5194931476528,540.887240079058,11113.119471855634,1536.8280796476286,12649.947551503263,82.45833333333331,1125.291666666666,6.542556841211901,6.936521107850462,6.140642921242194,7.209172338196568,6.660612510325994,,,,
270,168,45528,4.545650482177734,3748.778023481369,92.41596890709202,9241.596890709203,12768.061711158101,161.07250000000013,3365.3923204489,605.9803045933677,593.1645871370893,11164.618059848564,1603.4436513095375,12768.061711158101,56.16666666666672,805.3625000000005,6.730784640897799,7.231420432452099,6.6619929479000035,7.357576874782927,7.18319726433178,,,,
271,168,45696,4.5296876430511475,3765.7644827365875,85.81382513721519,8581.382513721519,12467.07246688598,183.69083333333327,3701.9991198311286,685.2653389754928,671.9809605662697,11151.78086393514,1315.291602950841,12467.07246688598,58.04166666666666,918.4541666666664,7.403998239662257,7.415128156314148,8.04881281096453,7.450878871561625,7.2173854498578525,-0.03743819519877434,39.501468658447266,3.1053991317749023,0.0024880405981093645
272,168,45864,4.544907093048096,3783.579385280609,95.72007749852462,9572.007749852462,12611.183126885295,176.37166666666656,2862.8037103661663,550.4131462588828,538.7867371922921,11163.898904865728,1447.284222019568,12611.183126885295,60.208333333333286,881.8583333333328,5.725607420732333,7.269986759889062,7.226831284371795,7.218226137961562,6.94690291596464,,,,
273,168,46032,4.576351642608643,3801.510011911392,94.72252586061501,9472.252586061499,12707.2348401046,157.6858333333334,3077.2964207097684,572.5315382346658,559.2974939690689,11148.745791686717,1558.4890484178864,12707.2348401046,53.708333333333336,788.429166666667,6.154592841419536,7.073035175957777,6.880950845707814,7.279062222609259,7.234111772877968,,,,
274,168,46200,4.5854902267456055,3819.1085443496704,101.01843751503003,10101.843751503004,12576.85415126965,166.65500000000006,2308.355399766647,511.52465314868516,499.8287949515923,11150.245835921287,1426.6083153483623,12576.85415126965,56.66666666666667,833.2750000000001,4.616710799533294,7.114379523675601,7.150183568991247,7.05952886605832,7.091107705307371,,,,
275,168,46368,4.601905822753906,3837.1299555301666,100.40657150169895,10040.657150169895,12570.741684728142,187.7391666666666,2342.3453678915807,531.5694529345667,519.5859533751876,11036.105859948935,1534.6358247792073,12570.741684728142,67.20833333333331,938.6958333333329,4.684690735783161,6.889332824835352,6.641981796382135,7.049287755925687,6.994266153596992,,,,
276,168,46536,4.568801403045654,3854.9699351787567,92.18635393630083,9218.635393630084,11387.664376369106,143.63666666666657,2025.3923160723577,656.8346066621525,644.3127974938031,9893.349336803183,1494.315039565924,11387.664376369106,49.91666666666662,718.1833333333328,4.050784632144716,5.024958952548558,7.107147469209414,6.810589418778387,7.166723669565624,,,,
277,168,46704,4.546530485153198,3872.9456861019135,96.56796309656777,9656.796309656778,12505.590662290891,125.52250000000005,2723.271852634117,538.3501586244536,524.6232284151793,11110.295061065368,1395.295601225524,12505.590662290891,41.750000000000014,627.6125000000002,5.446543705268233,6.992411140504001,7.4036552858669715,7.175742779434315,7.404185259227451,,,,
278,168,46872,4.543641090393066,3890.3840730190277,71.62702944601186,7162.7029446011875,8644.791803309106,161.4100000000001,1320.6788587079182,2591.13209576709,2572.1891790317195,6292.66603046845,2352.1257728406554,8644.791803309106,60.45833333333339,807.0500000000006,2.6413577174158362,4.71758877991624,6.476299162542393,6.10730736848259,6.803606994052761,,,,
279,168,47040,4.518175840377808,3908.0223224163055,88.93966949061073,8893.966949061072,12750.436997272729,191.3608333333334,3665.109214878323,715.8897922713691,704.1825062243104,11114.116856927063,1636.320140345667,12750.436997272729,67.75000000000003,956.8041666666669,7.330218429756647,7.212176765705968,6.528922855517116,7.438981576627943,6.881469220058217,0.0735003873705864,41.697017669677734,3.0890259742736816,0.001743105472996831
280,168,47208,4.566685438156128,3926.0776376724243,92.27562300436827,9227.562300436828,12497.406520422024,167.08833333333325,3102.7558866518625,583.4611259853132,572.0996720395858,10974.587891107261,1522.8186293147617,12497.406520422024,57.66666666666658,835.441666666666,6.205511773303726,7.733305160021106,6.854087480662203,7.286709253887141,6.902091922019442,,,,
281,168,47376,4.555364608764648,3943.710157394409,98.95420833563554,9895.420833563552,12358.312534617811,156.95499999999987,2305.936701054259,524.9959558536378,512.4075257788414,10995.129927879796,1363.1826067380146,12358.312534617811,54.04166666666664,784.7749999999993,4.611873402108518,6.419384483387918,7.207395017698072,7.057209638778212,7.162694968730721,,,,
282,168,47544,4.579859972000122,3961.508636713028,94.70977687530859,9470.977687530858,12774.066261602853,142.58583333333345,3160.5027407386606,612.2941524248748,600.048173478365,11102.475320737343,1671.590940865511,12774.066261602853,50.91666666666673,712.9291666666672,6.321005481477321,6.898969118160424,6.710017368597846,7.299808258529367,7.088590146467386,,,,
283,168,47712,4.554417610168457,3979.586090326309,96.28626816590591,9628.626816590591,12630.101878328433,169.2424999999999,2832.232561737841,557.1159922159457,545.7415821900588,11132.652786619463,1497.4490917089684,12630.101878328433,59.12499999999993,846.2124999999993,5.664465123475682,7.2376057834520084,6.8963089257518835,7.20424842634827,6.905031009775674,,,,
284,168,47880,4.580999374389648,3997.546085834503,92.48992888171311,9248.992888171311,12764.147266470405,166.5275000000001,3348.626878299093,633.807190539611,610.7749843253416,11209.288975869753,1554.8582906006513,12764.147266470405,54.791666666666714,832.6375000000004,6.697253756598185,7.085258154228872,7.032501585721016,7.2742839179252785,7.723682898830136,,,,
285,168,48048,4.55125880241394,4015.588413000107,89.76471832806806,8976.471832806805,12669.178157443894,210.96333333333348,3481.742991303753,564.8890837447291,548.8604929790189,11164.177079568391,1505.0010778755002,12669.178157443894,73.29166666666674,1054.8166666666675,6.963485982607507,7.301538085454228,6.760301817512306,7.27050437439698,7.168386315313301,,,,
286,168,48216,4.555526971817017,4034.0012741088867,89.78455217801314,8978.455217801315,12673.56055585285,205.3358333333333,3489.7695047182024,554.0058570662134,537.3637222682016,11124.030485267765,1549.5300705850855,12673.56055585285,77.16666666666663,1026.6791666666666,6.9795390094364045,7.098992871754207,5.506754681694659,7.200509127048015,6.608282534386647,,,,
287,168,48384,4.524929523468018,4051.931964159012,99.94736640374,9994.736640374,12582.10630254436,155.8850000000001,2431.4846621703596,513.5396324441346,498.5890416648252,11101.887676422455,1480.218626121904,12582.10630254436,53.41666666666673,779.4250000000004,4.862969324340718,6.872384471908151,6.906982793103709,7.091073742412759,7.526268071607841,0.05661837384104729,38.10689163208008,3.0507442951202393,0.0017419017385691404
288,168,48552,4.505561113357544,4069.999359369278,100.04268219670894,10004.268219670896,12617.56280238202,141.26500000000007,2472.029582711126,559.4019848986666,544.781621942077,11086.524089796916,1531.0387125851048,12617.56280238202,49.62500000000004,706.3250000000003,4.944059165422251,6.78817773020195,6.8609273156822494,7.09431244643199,7.381917508568132,,,,
289,168,48720,4.491253614425659,4088.5770704746246,99.07637008779054,9907.637008779053,12569.72512542463,129.42583333333346,2532.6622833122424,524.7133023031836,512.9867960413701,11069.761273331318,1499.9638520933104,12569.72512542463,44.08333333333337,647.1291666666673,5.065324566624485,6.9376346425147775,7.46659725092608,7.1232349773368115,7.077334646924804,,,,
290,168,48888,4.581876993179321,4106.8924379348755,94.2787813320036,9427.87813320036,12753.39923401408,158.10916666666688,3167.4119341470523,583.7673231131027,572.248794699165,11113.032322094383,1640.3669119196961,12753.39923401408,57.58333333333343,790.5458333333345,6.334823868294104,7.0847418522366,6.532543521172513,7.281915818825881,6.8937036152921465,,,,
291,168,49056,4.537910223007202,4125.417243719101,83.99588625325694,8399.588625325694,12428.752333678702,192.6675000000001,3836.4962083530068,758.8608194741963,745.3536976700702,10961.027834711336,1467.724498967364,12428.752333678702,63.125000000000014,963.3375000000004,7.6729924167060135,7.97887750102416,7.130784566507497,7.488005576900393,7.100259723776939,,,,
292,168,49224,4.545034885406494,4143.896566867828,104.68095559788608,10468.09555978861,12680.627107329183,167.91416666666663,2044.6173808739084,595.4586148266276,584.0162991612815,11155.237440798443,1525.3896665307407,12680.627107329183,61.41666666666665,839.570833333333,4.089234761747817,7.0737065897129305,6.584887235706693,6.9230286797060545,6.761068585547976,,,,
293,168,49392,4.560186862945557,4161.9760892391205,96.77733511331894,9677.733511331893,12605.409070696267,192.53583333333358,2735.1397260310405,549.6731652820159,537.6479794868371,11047.097989067759,1558.3110816285098,12605.409070696267,69.58333333333343,962.6791666666679,5.470279452062081,6.963081489517262,6.510717922899171,7.1474803418494135,6.974664632860156,,,,
294,168,49560,4.523402690887451,4180.648242950439,86.64820722895456,8664.820722895454,12272.710035250862,171.22583333333353,3436.6634790220733,626.6820535144316,610.7309554287981,10982.99158329998,1289.7184519508817,12272.710035250862,54.041666666666714,856.1291666666674,6.873326958044147,7.742231976198847,8.090729536384693,7.303725069469944,7.433202906687641,,,,
295,168,49728,4.633141756057739,4199.5862283706665,94.79541379729764,9479.541379729764,12600.25076723864,131.8825000000001,2988.8268875088756,587.6841241189343,575.5509813484919,11065.282205600217,1534.9685616384236,12600.25076723864,45.62500000000006,659.4125000000005,5.977653775017751,7.072024816303108,7.0455083378085845,7.2534227936449795,7.124220621359748,-0.061401594430208206,41.767677307128906,3.0323593616485596,0.0023752301931381226
296,168,49896,4.567886114120483,4217.926668405533,96.91190069306002,9691.190069306002,12727.478203304992,138.12333333333345,2898.1648006656587,580.6063562779707,568.7971623216927,11131.789634345538,1595.6885689594562,12727.478203304992,48.083333333333385,690.6166666666674,5.796329601331317,7.163616460379754,7.169918244029822,7.2276354669113125,6.941688568528858,,,,
297,168,50064,4.505356788635254,4236.610888719559,99.63346699946314,9963.346699946314,12606.038271776744,139.48416666666685,2503.2074051637637,518.4992471702654,507.5736171688729,11123.827045485508,1482.2112262912365,12606.038271776744,49.29166666666674,697.4208333333341,5.006414810327529,6.983323113560632,6.871040266946322,7.113796047977796,7.060300677596165,,,,
298,168,50232,4.574263572692871,4254.795791149139,100.15472656563358,10015.472656563357,12358.048425596859,150.56083333333333,2192.0149357001683,527.1922377542536,513.866186476617,11064.202855732965,1293.8455698638934,12358.048425596859,49.99999999999999,752.8041666666668,4.384029871400337,6.758343119071931,7.781805291007778,7.0243586729789085,7.369930457033293,,,,
299,168,50400,4.5401527881622314,4273.716473579407,95.00330485420378,9500.330485420378,12622.919557724357,183.63000000000022,2938.959072303981,582.8110683187115,570.9672105942027,11087.75060342499,1535.168954299369,12622.919557724357,65.54166666666674,918.1500000000011,5.877918144607961,6.919455793787668,6.946715714196509,7.198013785862734,6.824101233957722,,,,
300,168,50568,4.45572566986084,4292.195152282715,-5.550166026861206,-555.0166026861207,8116.6319168681475,231.70833333333326,8439.940186220934,997.5167058370481,949.7307665038836,6690.377084107095,1426.254832761053,8116.6319168681475,88.58333333333331,1158.5416666666665,16.879880372441868,2.3330148527302557,1.891787121163214,5.321197260023939,5.488644578843338,,,,
301,168,50736,4.54148530960083,4311.359856128693,93.13708120972063,9313.708120972064,12472.715940702903,156.27916666666658,3002.728653064173,557.0064288776498,543.7346701833303,11101.730560070911,1370.9853806319898,12472.715940702903,52.833333333333286,781.3958333333329,6.0054573061283465,6.90841369682046,7.139498278250912,7.244739066418604,7.352561047055481,,,,
302,168,50904,4.614600419998169,4330.6518223285675,81.16837161859576,8116.837161859576,11857.831920314184,154.82499999999996,3586.1697584546077,595.9521075125706,569.3714265460982,10534.165667738547,1323.6662525756346,11857.831920314184,49.91666666666666,774.1249999999998,7.172339516909216,4.58352003895005,8.169701683113336,7.05760411732855,7.985256312676675,,,,
303,168,51072,4.517167806625366,4349.804948806763,90.69528567671168,9069.528567671168,11561.443186150456,195.78250000000008,2296.1321184792873,957.6954051326335,944.827401287097,9991.140196382039,1570.3029897684155,11561.443186150456,66.62500000000003,978.9125000000004,4.592264236958574,6.9593526243553345,7.488850597618873,6.876958711381322,6.960681084562341,-0.03413119167089462,53.98877716064453,3.051530599594116,0.0016706862952560186
304,168,51240,4.615813255310059,4368.929825544357,90.46513436461065,9046.513436461066,12818.72296077184,140.30333333333343,3631.90619097744,723.9694929909248,711.9712722018121,11200.969759778875,1617.7532009929641,12818.72296077184,49.25000000000002,701.516666666667,7.263812381954879,7.326659770032573,6.786389937975353,7.433131192965884,6.89764915929989,,,,
305,168,51408,4.503391742706299,4388.159134149551,96.59947050959255,9659.947050959254,12712.932476919596,160.38666666666677,2892.5987592936735,535.5386691086926,523.3715034068117,11130.830057036703,1582.1024198828923,12712.932476919596,57.83333333333337,801.9333333333338,5.785197518587347,7.365848628736739,6.59023321238763,7.190138599656499,6.983968101713274,,,,
306,168,51576,4.5302135944366455,4406.949407815933,98.9794486880283,9897.944868802831,12606.564098637107,122.88916666666657,2585.7300631676103,531.6850663368308,520.5471689408448,11071.211191370963,1535.3529072661424,12606.564098637107,45.3333333333333,614.4458333333329,5.171460126335221,6.957839676333046,6.809721774407166,7.138235542579634,6.841627330055504,,,,
307,168,51744,4.540232419967651,4426.535880804062,88.67223647663948,8867.223647663948,12647.572676572496,168.89833333333348,3611.450695575215,690.1117473267019,678.3273858004573,11113.795637831716,1533.7770387407804,12647.572676572496,56.75000000000001,844.4916666666674,7.222901391150429,7.6209661214815325,7.002166278423074,7.432185368836196,6.896655016922761,,,,
308,168,51912,4.577674388885498,4444.919284105301,95.206394047877,9520.6394047877,12370.689170047928,183.82333333333332,2666.2264319268934,535.049679565634,522.31356654163,11123.392105498791,1247.297064549135,12370.689170047928,61.3333333333333,919.1166666666664,5.332452863853787,6.863507630461775,7.677420163926917,7.146739743800616,7.2200405869399376,,,,
309,168,52080,4.521229982376099,4464.326342821121,98.29287412455497,9829.287412455495,12625.423091065282,163.94000000000003,2632.1956786097862,531.4790560204152,519.0590542827924,11062.499592786673,1562.9234982786074,12625.423091065282,58.04166666666667,819.7,5.264391357219572,6.87323899854484,6.932856808579015,7.131045828802003,7.152933880928542,,,,
310,168,52248,4.54936408996582,4483.355917930603,103.30331441538182,10330.331441538183,12493.47228943598,166.5441666666665,1996.5966812311335,552.6443818494381,540.6374271493637,10930.036537137477,1563.4357522985038,12493.47228943598,61.41666666666659,832.7208333333326,3.9931933624622666,6.433813915615377,6.581283114080264,6.9370800581269965,6.902100182908736,,,,
311,168,52416,4.533292770385742,4502.885689973831,85.55738555512201,8555.7385555122,12562.760246348324,156.1675,3850.854190836123,803.9042750453714,791.5790346286867,11098.806038388353,1463.9542079599719,12562.760246348324,53.541666666666664,780.8374999999999,7.701708381672245,7.4150258692364055,7.32369220180074,7.482488065027378,6.921320927392687,-0.004449715372174978,39.618186950683594,3.0703630447387695,0.002751412335783243
312,168,52584,4.62039589881897,4522.793318271637,91.11318113917847,9111.318113917849,12793.4759585804,187.48250000000002,3494.6753446625535,620.1753914279548,608.3062070962903,11155.370368670368,1638.1055899100324,12793.4759585804,66.79166666666666,937.4125000000001,6.989350689325107,7.314632899530304,6.422716294000937,7.381431082749533,6.992468067526941,,,,
313,168,52752,4.542372941970825,4542.413465261459,80.84981581365992,8084.981581365992,12784.557750966373,173.6925,4525.883669600381,669.4480235900664,650.8608161136149,11204.720878145732,1579.836872820639,12784.557750966373,64.125,868.4625,9.051767339200762,7.337441205343517,6.360837903826453,7.441448867827247,6.505037383260409,,,,
314,168,52920,4.486175775527954,4562.188443183899,97.52130724526961,9752.13072452696,12655.68091192525,136.82499999999976,2766.7251873982914,539.2131079050127,527.0639847365287,11106.523520099512,1549.157391825741,12655.68091192525,47.45833333333327,684.1249999999989,5.533450374796583,7.10947470495352,7.250376040293863,7.190433447664562,6.9816576168032745,,,,
315,168,53088,4.535744667053223,4581.247507095337,89.26146171040682,8926.146171040684,12438.022453551555,159.96250000000023,3351.9137825108733,596.6601372069985,583.3989994726785,10982.606763411291,1455.415690140265,12438.022453551555,49.916666666666735,799.8125000000011,6.703827565021747,7.8490932536852505,8.13345403104808,7.341621110233705,7.2860985890209395,,,,
316,168,53256,4.495405435562134,4600.845612287521,91.60578778168968,9160.578778168969,12587.567597716705,184.02499999999998,3242.9638195477364,582.7136018775134,570.5191348850461,11136.470302501606,1451.0972952150967,12587.567597716705,63.291666666666636,920.1249999999997,6.485927639095472,7.022442516319958,6.863402081209606,7.322984284039339,7.192986240819876,,,,
317,168,53424,4.640889883041382,4620.961344003677,100.01495379044223,10001.495379044223,12440.721483905392,185.80916666666684,2253.4169381945007,527.0822738032825,508.9240183551946,11062.043822180163,1378.677661725229,12440.721483905392,62.66666666666673,929.0458333333341,4.506833876389002,6.907716799554542,7.127521370166309,6.996871313645745,7.443966046377529,,,,
318,168,53592,4.4980621337890625,4640.623911619186,91.42748271199855,9142.748271199856,12719.906874043658,139.82833333333343,3437.3302695104694,582.2433946436387,570.1309213277809,11137.210809040973,1582.6960650026854,12719.906874043658,51.66666666666671,699.1416666666672,6.8746605390209385,7.432501287845164,6.56447864828611,7.32163202010329,6.759180142380417,,,,
319,168,53760,4.549520492553711,4660.320651769638,92.21137846559101,9221.1378465591,12743.691116299486,178.24916666666658,3344.3041030737168,616.7453010365207,604.0630835137256,11165.070070249174,1578.6210460503112,12743.691116299486,61.29166666666664,891.2458333333328,6.688608206147433,7.411708520014984,6.681191613561177,7.3526982571308706,7.152673957585795,0.02477080188691616,38.41383361816406,3.0679526329040527,0.002577261533588171
320,168,53928,4.472346067428589,4679.452161550522,90.38393887466508,9038.393887466507,12445.71070752664,155.73666666666665,3251.580153393464,642.881937835846,630.3207634231196,11095.098355422091,1350.6123521045479,12445.71070752664,53.249999999999964,778.6833333333333,6.503160306786928,6.869661770277501,7.501946202732396,7.32345022450072,7.072803017912041,,,,
321,168,54096,4.7836010456085205,4699.488980293274,98.57523369400842,9857.523369400842,12417.215832486256,168.8299999999998,2390.8624630854138,522.0332773227935,509.8122045696685,11107.702540150813,1309.5132923354413,12417.215832486256,56.41666666666663,844.1499999999992,4.781724926170827,7.476214651248843,7.598014131555389,7.083153136913966,7.30329062933384,,,,
322,168,54264,4.620112180709839,4719.408566951752,96.05309787513727,9605.309787513726,12625.303258312566,177.04750000000013,2842.945970798837,540.6430550137793,529.0530056715204,11125.98156506238,1499.3216932501853,12625.303258312566,61.41666666666673,885.2375000000006,5.685891941597674,7.126146307190235,7.018607566965938,7.204190573753569,6.959424622114752,,,,
323,168,54432,4.683170795440674,4739.037428379059,98.53764562468564,9853.764562468561,12480.836064412015,198.72416666666652,2428.3473352767865,546.9564300841336,534.613968290636,11077.117323474564,1403.7187409374517,12480.836064412015,68.58333333333326,993.6208333333326,4.856694670553572,6.775265776221667,7.041207675633104,7.086707568260517,7.111781121778865,,,,
324,168,54600,4.719984531402588,4759.089873075485,88.94326794790143,8894.326794790142,12589.785378632057,204.30666666666627,3491.1519171752498,594.9663011541227,576.9285039225524,11128.228450495975,1461.5569281360831,12589.785378632057,69.0833333333332,1021.5333333333314,6.9823038343505,7.099047240222188,6.940378614988822,7.274286855941923,7.491659306401969,,,,
325,168,54768,4.503133773803711,4778.838399648666,98.85234184209017,9885.234184209015,12536.48213147078,162.42833333333317,2488.8196139284296,521.9220405363765,507.0377417722358,11115.959300773771,1420.5228306970068,12536.48213147078,55.95833333333324,812.1416666666657,4.977639227856859,6.703221275129191,7.105592809502992,7.109745533533336,7.244841824193104,,,,
326,168,54936,4.617961406707764,4799.173583030701,102.49971242355079,10249.97124235508,12634.818789631045,173.95500000000024,2210.8925472759656,555.3784742597056,540.7508689144524,11055.691399460275,1579.127390170771,12634.818789631045,64.29166666666674,869.7750000000012,4.4217850945519315,6.95654768378315,6.433381976300838,6.974203344241354,6.957027902071608,,,,
327,168,55104,4.464904546737671,4819.266881465912,84.05484669587474,8405.484669587473,10496.407524508886,141.32333333333338,1949.5995215880766,1078.8654645244915,1065.893505427352,8828.291392069716,1668.1161324391699,10496.407524508886,52.83333333333333,706.6166666666668,3.8991990431761536,4.914653232502371,6.804474593655573,6.634291911966644,6.776099263423457,0.03662304952740669,39.603599548339844,3.0707459449768066,0.0016028815880417824
328,168,55272,4.572996616363525,4840.074207305908,83.0158853554557,8301.588535545568,10255.524551478364,155.98833333333323,1797.947682599462,1270.4577071437238,1256.1868408431146,8728.23375470069,1527.290796777674,10255.524551478364,52.24999999999996,779.941666666666,3.5958953651989245,5.161580057611865,7.712777708893074,6.658123126414846,7.140107131420946,,,,
329,168,55440,4.548126220703125,4859.671979188919,92.0935704027475,9209.35704027475,12609.314669983192,180.4641666666668,3219.4934630417747,601.8917555443593,588.8927750929926,11110.631793196824,1498.6828767863678,12609.314669983192,60.958333333333414,902.3208333333339,6.438986926083549,7.247143793302389,6.909247709018355,7.31886653698687,7.256909967134633,,,,
330,168,55608,4.575423240661621,4880.246203184128,98.30082664562599,9830.0826645626,12603.218287575788,139.71749999999992,2633.418123013188,565.4913597852478,553.6109808869071,11012.11053222027,1591.1077553555183,12603.218287575788,50.70833333333328,698.5874999999996,5.266836246026376,6.708036279801511,6.725144244417212,7.150931832892749,7.031510172503085,,,,
331,168,55776,4.573310375213623,4900.039429664612,92.48015724563271,9248.015724563273,11662.738298033415,146.9216666666666,2267.8009068034776,685.6109261488582,672.9271839163125,10033.258964578225,1629.4793334551891,11662.738298033415,55.91666666666664,734.6083333333329,4.535601813606956,5.188389583203965,6.466798580587105,6.897419164618717,6.790526342593024,,,,
332,168,55944,4.571234226226807,4920.799836874008,102.09364576700216,10209.364576700214,12708.555168762203,179.7941666666664,2319.396425395323,511.3944062523649,498.4137129810076,11093.061751782565,1615.4934169796388,12708.555168762203,65.20833333333324,898.9708333333319,4.6387928507906455,7.011576007337298,6.521227281952827,7.021151871855593,6.941879369939928,,,,
333,168,56112,4.871721267700195,4942.490617513657,89.58852369915346,8958.852369915345,12684.892817606506,207.2033333333331,3518.837114357826,668.3509276539794,656.143545448838,11184.20890374015,1500.683913866356,12684.892817606506,69.70833333333319,1036.0166666666655,7.037674228715652,7.386086929907095,6.8547582426068585,7.405092004873322,7.0982849817968345,,,,
334,168,56280,4.47135329246521,4962.922230005264,93.49715144994119,9349.71514499412,12698.194580232255,166.66833333333324,3181.8111019048006,547.6290248304,533.7270567311787,11091.43238962919,1606.7621906030645,12698.194580232255,64.24999999999997,833.3416666666661,6.3636222038096015,7.139567406782423,5.644399721936781,7.202642768501009,6.735206650566376,,,,
335,168,56448,4.535265207290649,4983.405387163162,97.03238600083242,9703.238600083243,12708.52319751252,142.05583333333342,2863.2287640959457,551.8169611728815,540.092505082918,11197.740980394108,1510.7822171184127,12708.52319751252,49.166666666666686,710.2791666666672,5.726457528191892,7.156615682282146,6.891825062639428,7.2180894009021035,7.086186784167813,-0.013926404528319836,40.82015609741211,3.075740337371826,0.0024748356081545353
336,168,56616,4.490573167800903,5004.40958571434,73.80627355710365,7380.627355710364,9142.739846375143,170.8858333333331,1591.2266573314448,2878.1373342732318,2858.0380341678606,6574.719022911325,2568.0208234638167,9142.739846375143,60.45833333333323,854.4291666666654,3.1824533146628893,5.265267149882662,6.978465453028448,5.913312933179166,6.911712834002747,,,,
337,168,56784,4.592206716537476,5025.215509414673,99.8608164437592,9986.08164437592,12600.002717823849,173.96083333333337,2439.9602401145967,1034.0505970781487,1021.0399489556556,11016.834050610476,1583.1686672133733,12600.002717823849,58.33333333333333,869.8041666666668,4.879920480229194,7.297732655057458,7.132799425532205,7.03783827969545,7.146305026508505,,,,
338,168,56952,4.539754152297974,5045.783994436264,94.2822962250126,9428.229622501261,12701.37586100188,186.94499999999994,3086.201238500619,542.1928563116594,529.820997486361,11114.947426983832,1586.4284340180461,12701.37586100188,68.62499999999996,934.7249999999997,6.1724024770012385,7.288927610297807,6.233850824650741,7.221499066017129,6.785517804205264,,,,
339,168,57120,4.498946666717529,5066.286152601242,87.81753333722438,8781.753333722438,12579.938282609794,175.95583333333326,3622.2291155540224,584.460001714833,570.5526172365599,11030.622455890447,1549.3158267193467,12579.938282609794,64.16666666666663,879.7791666666664,7.2444582311080445,7.949400124275486,6.476979312972963,7.3121174121287735,6.8029876692535955,,,,
340,168,57288,4.586944341659546,5087.403517961502,93.37167685006244,9337.167685006243,12672.685423587704,172.05583333333357,3163.4619052481253,536.2353709321864,519.4140105585902,11123.217853164348,1549.4675704233555,12672.685423587704,66.58333333333341,860.2791666666678,6.326923810496251,7.089930477306588,5.585475567429428,7.074081609176671,6.565123671487411,,,,
341,168,57456,4.501260280609131,5107.982127428055,93.7800097655408,9378.00097655408,12650.507227571949,151.63583333333312,3120.870417684535,536.0121822284841,522.2894560987991,11106.884751825206,1543.6224757467426,12650.507227571949,57.7499999999999,758.1791666666657,6.24174083536907,6.696350972889669,6.510070508456173,7.131623322341541,6.706277048427056,,,,
342,168,57624,4.543397665023804,5130.213773727417,88.38392264540605,8838.392264540602,12751.38704142527,182.75000000000034,3730.244776884668,657.5192928350245,638.0108809259839,11190.760643358793,1560.6263980664773,12751.38704142527,61.66666666666676,913.7500000000016,7.460489553769335,7.157549166613725,6.8754960648577255,7.418009256625659,7.273991749134775,,,,
343,168,57792,4.47569465637207,5150.257782697678,76.34867609670725,7634.867609670726,9402.370659973338,137.23583333333318,1630.2672169692803,2037.6764798324607,2021.2714391500585,7368.1374537363035,2034.2332062370342,9402.370659973338,47.79166666666663,686.1791666666659,3.26053443393856,5.01716004786366,7.093458270472813,6.417881877718574,7.1603040807373,-0.06013702228665352,37.50786590576172,3.095529556274414,0.002808645600453019
344,168,57960,4.6109230518341064,5171.196665525436,97.87358929920202,9787.358929920203,12402.23202052286,143.73499999999996,2471.138090602656,538.3210699358785,524.45857529463,11086.720848130368,1315.5111723924929,12402.23202052286,47.333333333333314,718.6749999999996,4.9422761812053135,7.212329629713053,7.743517846404721,7.10042928269318,7.3192620517673985,,,,
345,168,58128,4.470705986022949,5192.04567193985,64.790019164757,6479.001916475699,12653.722822016578,179.49833333333348,5995.222572207547,644.500063145829,607.5431471990612,11186.370625449064,1467.3521965675131,12653.722822016578,68.91666666666671,897.4916666666674,11.990445144415094,7.314306092663701,2.287456031465651,7.421939253118648,6.144231797847084,,,,
346,168,58296,4.504965543746948,5212.801004648209,93.72066590342533,9372.066590342532,12782.06806086018,171.02916666666658,3238.9723038509815,549.6477543881076,537.0487220140158,11137.35523484574,1644.71282601444,12782.06806086018,64.91666666666659,855.1458333333328,6.4779446077019625,7.300574133035806,5.791934114299286,7.232536660397356,6.726726612207694,,,,
347,168,58464,4.451264381408691,5233.615554571152,82.42118096288803,8242.118096288801,12814.327963173135,210.03166666666655,4362.178200217667,1058.9327385339698,1046.2815496270073,11071.91555097724,1742.4124121958953,12814.327963173135,70.0,1050.1583333333326,8.724356400435333,7.429838697588086,7.150578449205192,7.644571276551095,6.952042670739187,,,,
348,168,58632,4.451099395751953,5254.67268705368,48.868745957942636,4886.874595794264,12348.510280195793,191.16083333333322,7270.474851068197,531.2043464746771,472.9339100117778,11091.59381206293,1256.916468132863,12348.510280195793,73.87499999999994,955.8041666666661,14.540949702136395,7.280338940790286,2.521755237241579,7.163740287867386,5.406527127947596,,,,
349,168,58800,4.483159065246582,5275.956751823425,94.00820932536084,9400.820932536084,12735.788605434936,212.9466666666669,3122.0210062321858,535.4332806813558,521.33791813416,11164.81338703227,1570.9752184026663,12735.788605434936,79.6250000000001,1064.7333333333345,6.244042012464371,7.238270698073004,3.174183626192611,7.1438507040513635,6.672802937941813,,,,
350,168,58968,4.437730312347412,5297.298162937164,95.7994890203189,9579.94890203189,12717.409232558242,143.9216666666667,2993.5386638596847,557.7511229036907,545.738167786398,11144.274772839151,1573.13445971909,12717.409232558242,50.750000000000014,719.6083333333335,5.987077327719369,7.0972373749015905,6.7767671954469755,7.2552026373733645,7.023798806115743,,,,
351,168,59136,4.48730993270874,5318.91295003891,92.5748730077068,9257.48730077068,12728.88180879792,201.02333333333334,3270.3711746939084,582.8374027352378,570.2573713857958,11205.08450573292,1523.7973030649996,12728.88180879792,71.16666666666666,1005.1166666666667,6.540742349387816,7.298483063532397,6.758296600672233,7.256315887377566,6.786886871596545,-0.021049099043011665,40.58600616455078,3.091251850128174,0.004055315628647804
352,168,59304,4.478389501571655,5340.228308677673,92.70032537121085,9270.032537121084,12684.318465927045,188.0699999999996,3226.215928805961,566.6206433603254,555.1905343378501,11138.900658432638,1545.4178074944061,12684.318465927045,67.7083333333332,940.349999999998,6.452431857611923,7.342237959573182,6.510222133086642,7.278292423186828,6.731427912294942,,,,
353,168,59472,4.555920839309692,5361.5005531311035,89.23542739736138,8923.542739736138,12703.642968530594,126.39916666666657,3653.7010621277905,630.758484735164,613.9991988471361,11176.320171734398,1527.3227967961939,12703.642968530594,40.87499999999997,631.9958333333327,7.30740212425558,7.337619346160336,7.11150077386048,7.4117247836761555,7.6062800508949495,,,,
354,168,59640,4.538357734680176,5382.963067770004,93.29458997231899,9329.458997231899,12672.485618791692,172.24249999999998,3170.7841215597937,561.5602548390368,547.1265599012725,11148.842542849146,1523.6430759425457,12672.485618791692,58.58333333333334,861.2124999999999,6.341568243119587,7.205642125404879,6.837684810579605,7.270230880517449,7.3537846009657315,,,,
355,168,59808,4.477971076965332,5404.423866987228,90.57891710488668,9057.891710488668,12828.899246654255,138.22249999999994,3632.785036165587,639.2685218044024,627.4082816158526,11207.382436843067,1621.5168098111888,12828.899246654255,49.54166666666664,691.1124999999998,7.265570072331174,7.4555736709134885,6.525647440814829,7.426201359474339,6.924648139803348,,,,
356,168,59976,4.612502098083496,5426.2704112529755,80.19985770365433,8019.9857703654325,12768.835140834988,225.03333333333342,4523.816037136221,632.6130998153221,611.297746737514,11226.979064023759,1541.8560768112281,12768.835140834988,81.08333333333334,1125.166666666667,9.047632074272443,7.380740327009711,6.277179636953254,7.407796551563321,6.54425685120989,,,,
357,168,60144,4.465124607086182,5447.677120923996,94.70368012124632,9470.368012124633,12771.542271268132,148.9741666666667,3152.2000924768336,578.1491481810755,566.549106961972,11122.287768808215,1649.254502459915,12771.542271268132,55.208333333333364,744.8708333333335,6.304400184953668,6.990647033104989,6.4707509813558275,7.288833323301738,6.815011536242723,,,,
358,168,60312,4.60935115814209,5469.299859285355,62.238890185310275,6223.889018531027,12651.09359438975,194.41666666666634,6232.787909192058,569.7015680337252,545.9724840211993,11195.375505524418,1455.7180888653338,12651.09359438975,75.41666666666652,972.0833333333317,12.465575818384114,7.3351998987959215,1.7180001977582138,7.281941172707268,5.859292952522175,,,,
359,168,60480,4.543231010437012,5491.001653671265,103.29391201283586,10329.391201283586,12667.19020720079,189.03750000000025,2148.761505917206,519.4020636997011,507.3505265302288,11095.649072949029,1571.5411342517625,12667.19020720079,67.83333333333344,945.1875000000014,4.297523011834411,7.1068227501302985,6.599549206152656,6.990424032605804,6.986643325255964,0.04181898757815361,41.82072448730469,3.096785545349121,0.0027625635266304016
360,168,60648,4.494462013244629,5512.428655862808,90.53458620342717,9053.458620342715,12529.280717264373,192.32833333333326,3283.4937635883234,586.1560698857061,575.1064530605993,11041.57267518541,1487.7080420789623,12529.280717264373,67.87499999999993,961.6416666666662,6.566987527176647,7.581059555226055,6.768922734433106,7.313381465020385,6.733477352882338,,,,
361,168,60816,4.548268556594849,5534.382842540741,86.36099560884344,8636.099560884344,12641.860024738613,197.3716666666665,3808.388797187603,837.7041226725019,826.2444385536442,11076.90271235658,1564.9573123820346,12641.860024738613,67.83333333333327,986.8583333333324,7.616777594375206,7.210360570166007,6.845561275183281,7.484742377787269,6.958656202693794,,,,
362,168,60984,4.4983179569244385,5556.206577062607,95.1659766978602,9516.59766978602,12550.856513382143,212.7741666666667,2821.4846769294572,539.8040519013153,527.4854587762132,10985.712911829081,1565.1436015530626,12550.856513382143,76.41666666666664,1063.8708333333334,5.6429693538589145,7.676574546722904,6.165253814507931,7.148916421760883,6.908490854311969,,,,
363,168,61152,4.501884937286377,5577.907381296158,93.59756186646185,9359.756186646184,12657.56440797271,204.57250000000016,3093.235721326524,547.5164678971296,534.7850654013473,11134.596089793253,1522.9683181794553,12657.56440797271,74.0000000000001,1022.8625000000009,6.186471442653048,7.151311951453514,6.51200194885283,7.201269014311934,6.780887329178094,,,,
364,168,61320,4.4887120723724365,5600.016588926315,82.05969857135719,8205.969857135718,12413.931324601022,157.00333333333322,4050.9581341319686,758.0053860248572,744.4009189779835,10975.752161239438,1438.1791633615833,12413.931324601022,48.70833333333331,785.016666666666,8.101916268263938,7.795469008409707,7.52243874233182,7.558366324828334,7.288440994762073,,,,
365,168,61488,4.491425275802612,5621.933235645294,90.56877007638182,9056.877007638184,12775.819745515013,211.13416666666666,3507.8085712101642,618.5782168668426,606.6420010419853,11161.76280661239,1614.0569389026223,12775.819745515013,74.12500000000003,1055.6708333333331,7.015617142420329,7.342963560219999,6.477417423871631,7.389953400587582,6.902083575741187,,,,
366,168,61656,4.429490566253662,5644.2945783138275,45.76005813031524,4576.005813031523,7370.6295635229035,201.858333333333,2592.7654171580475,3770.2525686593617,3744.2067099505107,4310.541144200299,3060.0884193226057,7370.6295635229035,73.7083333333332,1009.2916666666649,5.185530834316095,3.754593865644754,6.684386012992141,5.175997878953251,6.854692481913996,,,,
367,168,61824,4.4482293128967285,5666.221066951752,95.94859781244949,9594.859781244948,12655.080451369384,182.6333333333334,2877.5873367911017,526.32218125235,514.1052196992869,11146.48450077333,1508.5959505960554,12655.080451369384,66.66666666666671,913.166666666667,5.755174673582204,6.913379249168831,6.476868861444093,7.147103614434925,6.809960776319356,0.018086273223161697,38.408077239990234,3.1090424060821533,0.0020873863250017166
368,168,61992,4.4966185092926025,5688.296685934067,94.83615292307448,9483.615292307448,12772.769367013407,158.7150000000001,3130.4390747059574,559.0456796692773,544.5652911849307,11155.885966174474,1616.8834008389322,12772.769367013407,56.08333333333337,793.5750000000003,6.260878149411916,7.2263381192246,6.613874815360424,7.2571782697405975,7.317588778375019,,,,
369,168,62160,4.484779357910156,5710.256512880325,88.81376761519545,8881.376761519547,12664.668522874572,197.34083333333308,3585.950928021694,619.7568469668622,606.9566941026433,11105.189305016154,1559.479217858418,12664.668522874572,72.4166666666666,986.7041666666655,7.171901856043387,7.033119670045465,6.395803074002744,7.293881802472443,6.652710292245687,,,,
370,168,62328,4.470381498336792,5732.608141899109,82.91213855690069,8291.213855690068,12537.166670601637,192.36666666666656,4053.586148244902,558.8613353177318,521.9314934582653,11129.452452623264,1407.714217978373,12537.166670601637,71.12499999999993,961.8333333333326,8.107172296489804,6.987970464004698,6.752183692343791,7.200614584367445,6.438517756154373,,,,
371,168,62496,4.545114278793335,5754.91676568985,90.16971875540827,9016.971875540825,12677.953879942705,154.4158333333333,3506.5661710685436,634.2086699842424,622.4263454224065,11156.544587478686,1521.4092924640172,12677.953879942705,51.95833333333333,772.0791666666665,7.013132342137087,7.426325522895007,6.958009150091057,7.402362229737468,7.044231943928506,,,,
372,168,62664,4.56464958190918,5776.938379526138,96.37674328132508,9637.674328132507,12286.229839133986,181.51083333333355,2467.0446776681433,706.0047372944354,688.036324822779,11043.712524250894,1242.5173148830906,12286.229839133986,56.875000000000064,907.5541666666677,4.934089355336287,7.263086359201441,8.499648099626942,6.968474273460056,7.619509165312318,,,,
373,168,62832,4.490707635879517,5799.365194797516,87.09102485716943,8709.102485716943,12573.240281017763,213.82249999999988,3650.3152953008203,519.4970520557467,496.2651344286255,11100.327653630027,1472.9126273877334,12573.240281017763,80.41666666666661,1069.1124999999995,7.3006305906016395,7.028671911230586,5.269398071734271,7.114285791270623,6.434041056285851,,,,
374,168,63000,4.5613508224487305,5821.667843818665,92.20649972345689,9220.64997234569,12795.032892222602,166.14000000000004,3408.242919876913,626.4698123909487,614.6971504590391,11157.378517284058,1637.6543749385444,12795.032892222602,59.166666666666686,830.7000000000003,6.8164858397538275,7.413234050156374,6.553462269855391,7.36844573819946,6.903588473190358,,,,
375,168,63168,4.537435054779053,5843.852363348007,102.52409004690057,10252.409004690056,12644.284773009551,152.88166666666677,2238.994101652828,519.995439787838,506.48300879330947,11072.16986011007,1572.1149128994796,12644.284773009551,54.91666666666672,764.4083333333339,4.477988203305656,6.763852704544757,6.671086957699333,7.037207501056576,7.235989571351243,0.037754230201244354,38.366546630859375,3.098883867263794,0.00256429729051888
376,168,63336,4.5030176639556885,5866.527087688446,81.16795752566229,8116.79575256623,12672.348110672378,216.0483333333334,4339.504024772814,560.793411409048,534.6913699682129,11137.893925491233,1534.4541851811446,12672.348110672378,81.25000000000003,1080.241666666667,8.67900804954563,6.849587791523067,5.064190338853009,7.243601017231778,6.3879249331148555,,,,
377,168,63504,4.481540679931641,5890.447250366211,95.45794032784123,9545.794032784124,12522.014035263466,168.51250000000016,2807.707502479344,545.3244612937007,533.7124520138397,11133.439897047108,1388.57413821636,12522.014035263466,57.7916666666667,842.5625000000008,5.615415004958688,7.096068834697439,7.28311638982234,7.200154284578144,6.963885676614764,,,,
378,168,63672,4.5174689292907715,5913.1260488033295,94.39057356557402,9439.057356557401,12693.96300767615,159.36000000000007,3095.5456511187494,570.644787430503,559.857696915583,11150.156336965692,1543.8066707104579,12693.96300767615,56.1666666666667,796.8000000000004,6.191091302237499,7.339525433547415,6.66809749616598,7.284204121222423,6.9373956356994775,,,,
379,168,63840,4.511518239974976,5935.5543258190155,91.23819083115637,9123.819083115635,12714.86518005269,166.51916666666682,3424.5269302703846,650.4344482273992,638.8612414618426,11119.529983554341,1595.3351964983476,12714.86518005269,60.04166666666676,832.5958333333342,6.849053860540769,7.083218633214019,6.610609861315081,7.358828714774407,6.806559598296972,,,,
380,168,64008,4.526993751525879,5958.198451280594,96.17542987511439,9617.542987511439,12687.534122045201,143.31416666666655,2926.676967867096,603.0318038662549,590.338393373498,11090.96097668221,1596.5731453629883,12687.534122045201,49.87499999999993,716.5708333333328,5.853353935734192,7.0286072539641,6.93572044032614,7.235639319127364,7.078007667433475,,,,
381,168,64176,4.515480041503906,5980.767318248749,78.31615248478693,7831.615248478693,12558.703771909039,198.1316666666669,4528.95685676368,1076.3545801424154,1058.4948007420778,10828.664498884493,1730.0392730245462,12558.703771909039,66.25000000000007,990.6583333333344,9.057913713527359,7.577637329881984,6.696322641085675,7.625495734480246,7.442572778634222,,,,
382,168,64344,4.527566909790039,6003.444569349289,104.89792390240021,10489.792390240022,12618.645114738341,161.0425000000002,1967.81022449832,542.8026890809075,531.1537543749267,11043.873817094063,1574.7712976442795,12618.645114738341,59.08333333333341,805.212500000001,3.93562044899664,6.579401411875761,6.594626503238368,6.949266082138998,6.922888948486373,,,,
383,168,64512,4.710292816162109,6026.35139632225,84.03707269739378,8403.707269739378,12377.223490460372,179.4783333333333,3794.0378873876616,539.9115255364711,513.3735088835957,11096.528949873085,1280.694540587286,12377.223490460372,57.54166666666666,897.3916666666664,7.588075774775323,6.843622505650883,7.976175819348976,7.163677171694574,8.00865260304858,0.005101107060909271,32.734466552734375,3.1049067974090576,0.002958482364192605
384,168,64680,4.560372829437256,6049.502848625183,67.58912732682775,6758.912732682775,12458.363779166875,197.50749999999988,5501.943546484103,520.7889542153086,466.43008836895115,11095.358657654151,1363.0051215127255,12458.363779166875,75.87499999999994,987.5374999999995,11.003887092968204,7.193311899297884,2.6485471478036406,7.113959763352072,5.88573179573461,,,,
385,168,64848,4.534015417098999,6071.870180845261,94.33725691485304,9433.725691485302,12695.845071561678,182.0958333333336,3080.0235467430393,539.545762572593,527.0991455298234,11085.683175389075,1610.1618961726012,12695.845071561678,68.50000000000009,910.4791666666679,6.160047093486079,7.307086199798741,5.924985069824628,7.196937161821684,6.718974979593769,,,,
386,168,65016,4.575467109680176,6095.7167801856995,45.25975049723871,4525.97504972387,7473.770267544301,215.77249999999998,2732.0227178204295,3352.1281326513185,3312.0957479189797,4565.171741692531,2908.598525851768,7473.770267544301,73.49999999999997,1078.8624999999997,5.464045435640858,4.801547345106252,6.807364455751458,5.3171368335512454,7.441372613624183,,,,
387,168,65184,4.503208875656128,6118.344372749329,88.46503244096324,8846.503244096322,12821.191195895604,157.48249999999985,3817.20545179928,729.3536917161939,716.587208045849,11145.519361824245,1675.671834071359,12821.191195895604,55.083333333333265,787.4124999999992,7.63441090359856,7.348956810087386,6.6597177634172064,7.478941002624507,7.035463370202369,,,,
388,168,65352,4.528971433639526,6141.618013620377,87.8186209340997,8781.86209340997,12687.922968825627,174.0458333333336,3732.0150420823215,584.6317511151937,568.6281523873045,11156.914931271005,1531.0080375546206,12687.922968825627,65.29166666666679,870.229166666668,7.4640300841646425,7.093435882743213,6.223582326890478,7.3214071469360995,6.599585656089816,,,,
389,168,65520,4.517147541046143,6164.124786615372,87.32072702897584,8732.072702897583,12377.872140917043,184.5950000000001,3461.20443801946,563.5997146904953,539.0153134384107,10947.233910203387,1430.638230713656,12377.872140917043,70.6666666666667,922.9750000000005,6.92240887603892,6.260174889431354,5.964793283416343,7.082372086468754,6.542927052654022,,,,
390,168,65688,4.79466986656189,6188.331355333328,88.13304907524319,8813.30490752432,12545.306495505683,200.27000000000024,3531.731587981365,564.4836245510741,539.4079917086283,11047.397960979157,1497.9085345265257,12545.306495505683,76.54166666666677,1001.3500000000012,7.063463175962729,6.846862164035654,4.598530763783534,7.035583360143842,6.427720703371982,,,,
391,168,65856,4.566632509231567,6210.986924409866,85.35455236679607,8535.455236679605,12815.559347894234,194.73916666666656,4085.3649445479605,770.1124652421094,757.8581148661533,11172.322290556564,1643.2370573376688,12815.559347894234,69.74999999999994,973.6958333333328,8.17072988909592,7.16932919372178,6.458326720483558,7.516683119364685,6.765342920635367,0.051680438220500946,34.18504333496094,3.1161739826202393,0.0029906511772423983
392,168,66024,4.567229747772217,6237.018347978592,98.50587089088921,9850.58708908892,12635.226961421757,207.6858333333329,2576.954038999502,519.3498878116787,506.1857231051698,11108.625074664284,1526.6018867574712,12635.226961421757,75.12499999999982,1038.4291666666645,5.153908077999002,7.0615081929570644,6.476388399010737,7.044150518137069,6.87032106766933,,,,
393,168,66192,4.566095590591431,6262.329669475555,70.99641646058885,7099.641646058885,12557.514972171852,188.50166666666684,5269.3716594463,679.5730301410869,635.322158885099,11116.032359473253,1441.482612698599,12557.514972171852,72.04166666666674,942.5083333333341,10.5387433188926,7.285458444591331,3.101030876171353,7.401487388744603,6.253287439015516,,,,
394,168,66360,4.598232984542847,6289.32822394371,96.98676946269308,9698.676946269306,12588.247455826928,197.48416666666654,2692.0863428909543,530.3203217644266,518.7255162383606,11074.862866302363,1513.3845895245652,12588.247455826928,71.16666666666663,987.4208333333327,5.384172685781909,7.197979280972529,6.5467505110874935,7.136953583929956,6.831952561704133,,,,
395,168,66528,4.508825302124023,6312.611122846603,88.21696552760574,8821.696552760573,12583.956486573697,182.46333333333345,3579.796600479792,527.5527701128235,502.14274495848804,11106.175837455712,1477.7806491179867,12583.956486573697,69.87500000000003,912.3166666666672,7.159593200959584,6.9259484974794905,5.436463362190745,7.144792849787956,6.560139874541451,,,,
396,168,66696,4.571255207061768,6340.315792798996,88.58828238374569,8858.828238374568,12463.422075612165,200.63249999999994,3403.961337237596,595.0161427113339,580.3644818712296,11119.693313836864,1343.7287617753018,12463.422075612165,65.08333333333331,1003.1624999999997,6.807922674475193,7.50979606714329,7.444013282788954,7.33694479350165,7.318517485523744,,,,
397,168,66864,4.526838779449463,6368.1671278476715,94.45321999137208,9445.321999137206,12790.57327225805,182.73916666666645,3162.5121064541763,561.4255722569144,549.3292385548376,11191.431244149459,1599.142028108591,12790.57327225805,66.20833333333329,913.6958333333322,6.325024212908353,7.402603980768734,6.466005147553474,7.237496636313397,6.7465561549940745,,,,
398,168,67032,4.5375659465789795,6396.541563272476,96.73003461219642,9673.003461219643,12656.086911028526,169.7950000000002,2813.2884498088824,525.4382625642556,513.1179969188984,11098.660523205337,1557.4263878231882,12656.086911028526,61.54166666666675,848.975000000001,5.626576899617765,7.236655677936611,6.804334321704071,7.14361743875109,6.854654015494144,,,,
399,168,67200,4.5695576667785645,6423.529758691788,95.7728111569007,9577.281115690072,12650.598688664097,231.01083333333355,2842.3067396406927,561.9451396960654,547.9275283011386,11110.254200231724,1540.344488432374,12650.598688664097,85.04166666666674,1155.0541666666677,5.684613479281386,7.1622556294503745,5.5959857657292815,7.053585513400224,6.712104658477182,-0.041117072105407715,34.05510711669922,3.0918264389038086,0.002668075729161501
400,168,67368,4.536908149719238,6451.311569690704,95.2892250427994,9528.92250427994,12684.088457976737,182.96083333333334,2972.205120363464,522.4269907687465,509.2811390496487,11122.843694439853,1561.2447635368837,12684.088457976737,68.125,914.8041666666668,5.9444102407269295,6.907520871886006,6.368237109115076,7.105366145354942,6.674684026136631,,,,
401,168,67536,4.606334924697876,6479.144284963608,83.61773742830442,8361.77374283044,12584.056525860346,202.77083333333374,4019.5119496965694,731.5105825361109,715.023239734267,11127.288700325118,1456.7678255352275,12584.056525860346,63.95833333333344,1013.8541666666686,8.03902389939314,7.673527072032537,7.414112367918303,7.500114707090037,7.557604947568306,,,,
402,168,67704,4.530517578125,6506.576332807541,93.94005928360643,9394.005928360642,12631.115225616417,158.60916666666662,3078.5001305891087,568.5692777078781,557.417587976231,11118.252503824333,1512.8627217920853,12631.115225616417,56.54166666666669,793.0458333333331,6.157000261178218,7.23008367745672,6.865778646907983,7.268604558518147,6.83079386343869,,,,
403,168,67872,4.656530141830444,6532.12667965889,93.15353822467381,9315.35382246738,12733.249758395441,181.11750000000006,3236.7784359280604,615.3797773858728,601.8809690984499,11138.876752081913,1594.3730063135258,12733.249758395441,61.500000000000014,905.5875000000002,6.473556871856121,7.385724734012965,6.738825094601055,7.3073028883498035,7.22515356203969,,,,
404,168,68040,4.572077751159668,6563.30829167366,95.62764230989008,9562.764230989009,12656.838459489503,177.8016666666667,2916.272561833828,562.6651933497978,550.53835796937,11069.746391652923,1587.0920678365783,12656.838459489503,65.79166666666669,889.0083333333334,5.832545123667657,6.9366970222878646,6.3869287289175825,7.172413734488331,6.79288167423449,,,,
405,168,68208,4.521995782852173,6594.2850840091705,95.95646097986918,9595.646097986919,12702.934019957309,162.45083333333315,2944.8370886370594,516.8627820666779,503.05882099756593,11099.584941003617,1603.3490789536936,12702.934019957309,62.33333333333326,812.2541666666657,5.889674177274118,7.1463111942658655,6.011362080186295,7.10198301310986,6.71773568734545,,,,
406,168,68376,4.562403202056885,6618.854432821274,96.82825912727262,9682.825912727263,12551.251089413294,198.8516666666667,2669.573510019366,564.5238711045547,552.9788776652138,11044.797031746224,1506.4540576670702,12551.251089413294,70.45833333333336,994.2583333333334,5.339147020038732,6.963325494697109,6.742200969867696,7.154581268875869,6.941077402397302,,,,
407,168,68544,4.555503606796265,6650.007622241974,99.67979441606099,9967.9794416061,12565.673427103236,194.5591666666668,2403.134818830471,514.1234326295694,500.9355973107324,11086.049529749445,1479.623897353792,12565.673427103236,70.1250000000001,972.795833333334,4.806269637660942,6.915301084236475,6.5792186353007445,7.025952681900652,7.0438010555448916,-0.047491587698459625,36.8633918762207,3.1051948070526123,0.0032887787092477083
408,168,68712,4.516035556793213,6673.48850440979,18.167677658544754,1816.7677658544753,10613.75917819548,251.28833333333307,8545.703079007671,569.9463600783585,535.8672568068297,9282.949192706268,1330.8099854892118,10613.75917819548,99.1666666666666,1256.4416666666652,17.091406158015342,1.8581196024542117,1.3011097449272762,6.2815424750050015,5.309418615505126,,,,
409,168,68880,4.593817234039307,6694.921729326248,98.39051313151617,9839.05131315162,12656.79257061278,204.73499999999996,2613.006257461162,549.1033180003967,537.6429860935751,11071.22730945579,1585.565261156989,12656.79257061278,74.37499999999997,1023.6749999999997,5.226012514922324,6.7723836061957625,6.397040701754913,7.1127199526499005,6.818862215134701,,,,
410,168,69048,4.650834083557129,6716.533626317978,91.73624824911873,9173.624824911874,12514.762800984206,188.16166666666666,3152.976309405667,627.1240847110514,612.8040940053378,11168.1025452338,1346.6602557504068,12514.762800984206,61.333333333333286,940.8083333333332,6.305952618811334,7.230637792954334,7.428694356026419,7.296830313391754,7.4256215211200844,,,,
411,168,69216,4.627500057220459,6738.7842898368835,75.17899543205486,7517.899543205485,8907.021856408086,154.24666666666639,1234.8756465359331,2532.2204158234535,2512.7352245737598,6699.76391152127,2207.2579448868164,8907.021856408086,59.2083333333332,771.2333333333318,2.469751293071866,4.762213513192096,6.225909678864402,6.168869054091025,6.7305596533563055,,,,
412,168,69384,4.600412130355835,6762.106782197952,91.57784775569797,9157.784775569797,12640.779407635262,162.76583333333318,3320.2287987321333,610.810222904427,593.3533058480376,11132.159482361836,1508.6199252734273,12640.779407635262,54.5416666666666,813.8291666666659,6.640457597464266,7.038687336779465,6.995834194742641,7.269818172059044,7.659644482764842,,,,
413,168,69552,4.711320638656616,6784.8861310482025,85.26170007785873,8526.170007785873,12663.447580911195,235.7191666666664,3901.5584064586565,665.0180773586117,647.1162349844799,11066.985570834433,1596.4620100767625,12663.447580911195,87.12499999999989,1178.595833333332,7.803116812917313,7.15587294009705,5.430587104681163,7.303272715677393,6.627955847228174,,,,
414,168,69720,4.489995241165161,6806.667658567429,74.55607776447309,7455.607776447307,9382.079486453898,167.84500000000014,1758.626710006591,1783.8134481804982,1766.6517697858294,7610.838909725796,1771.240576728103,9382.079486453898,57.04166666666671,839.2250000000008,3.5172534200131818,4.550521332912099,7.427506334011219,6.393080026899007,7.317806528058086,,,,
415,168,69888,4.628766059875488,6829.019107103348,85.30214922607627,8530.214922607625,12458.963595905247,225.0375000000003,3703.71117329762,562.4489275033383,542.036807975652,11129.781923765628,1329.1816721396167,12458.963595905247,72.75000000000009,1125.1875000000014,7.40742234659524,7.102814532513921,7.402560104150419,7.269700231813563,7.81263902478214,-0.0028875067364424467,50.247718811035156,3.1119532585144043,0.0032783872447907925
416,168,70056,4.513005971908569,6851.5468916893005,56.08223506493423,5608.223506493423,12464.167142999777,201.25916666666677,6654.684469839687,520.3052362228362,482.5628278660854,11094.974734711343,1369.1924082884334,12464.167142999777,79.00000000000003,1006.2958333333338,13.309368939679374,7.214667970402981,1.63269110015313,7.119907357538574,5.582441816348548,,,,
417,168,70224,4.589845180511475,6874.181828737259,65.21841267837051,6521.84126783705,12574.153552714812,216.36000000000024,5835.9522848777615,628.3656072501325,591.15060286607,11160.909645730919,1413.2439069838938,12574.153552714812,80.12500000000009,1081.800000000001,11.671904569755522,7.316340405540306,5.470506983641702,7.359853344049192,6.0777455949272206,,,,
418,168,70392,4.5473549365997314,6896.577529191971,72.06267499496985,7206.267499496984,8922.945620515704,188.29750000000004,1528.3806210187204,2124.685083078968,2105.9750650556057,6811.994596520852,2110.951023994853,8922.945620515704,69.37500000000001,941.4875000000002,3.0567612420374406,4.495817805282648,6.543756769095521,6.192290628383631,6.8281524217116365,,,,
419,168,70560,4.50659704208374,6919.766695737839,77.12581741681028,7712.581741681028,10009.142773274989,167.9249999999999,2128.6360315939614,1394.066811234154,1377.3772892784593,8188.050042223078,1821.0927310519096,10009.142773274989,62.58333333333327,839.6249999999993,4.257272063187923,4.568950371811504,6.605111258894317,6.574704575032357,6.860568798486497,,,,
420,168,70728,4.54032301902771,6941.7335839271545,88.33177405290508,8833.17740529051,12739.817288386734,171.21000000000026,3735.4298830962243,683.092431086448,670.7295918782786,11098.150607714017,1641.6666806727171,12739.817288386734,62.87500000000012,856.0500000000013,7.470859766192448,7.132510139497209,6.392121682217107,7.411312148161326,6.844021854694933,,,,
421,168,70896,4.53143572807312,6963.7619795799255,91.68747513104418,9168.74751310442,12672.0614207705,227.3183333333337,3275.995574332749,549.3988102637461,535.838832170198,11106.434810689054,1565.6266100814457,12672.0614207705,83.4583333333335,1136.5916666666683,6.551991148665499,7.060615606673247,5.908469523314633,7.209029923248487,6.69943210189366,,,,
422,168,71064,4.497675895690918,6990.979515552521,74.2144104856981,7421.44104856981,10384.952368291353,192.18500000000023,2771.3263197215424,825.604804039687,811.982350713132,8684.467414389663,1700.4849539016886,10384.952368291353,69.12500000000009,960.9250000000011,5.5426526394430855,4.328995930404424,6.673418121691588,6.360819547368625,6.9647387746826706,,,,
423,168,71232,4.521932363510132,7018.19722366333,92.08497610498053,9208.497610498052,12752.177334745722,153.44583333333344,3390.233890914336,622.6115881258313,610.8301723276838,11102.428329927196,1649.7490048185264,12752.177334745722,56.83333333333337,767.2291666666674,6.780467781828671,7.094071805742911,6.400039043984081,7.340679516229862,6.850751086383328,-0.014492115005850792,39.2679443359375,3.0785398483276367,0.003238232806324959
424,168,71400,4.553036212921143,7045.470662117004,50.60751572673222,5060.751572673221,7109.520249953948,221.73416666666662,1827.0345106140594,4526.278092992178,4493.849769240703,3894.0704521560997,3215.449797797847,7109.520249953948,80.58333333333334,1108.6708333333331,3.6540690212281186,4.354508534251484,6.480835873597759,5.4492178328600875,6.954880823176311,,,,
425,168,71568,4.525326728820801,7071.066803693771,99.21375134928716,9921.375134928716,12655.713050637296,183.62083333333334,2550.7170823752485,517.623681895356,505.5218111187969,11086.32325942611,1569.389791211187,12655.713050637296,66.75000000000001,918.1041666666667,5.101434164750497,6.894249232509113,6.505628407183071,7.083373181748571,6.868488953799147,,,,
426,168,71736,4.547241926193237,7106.390749454498,92.78783944099203,9278.783944099203,12618.04182922059,235.2183333333334,3104.0395517880543,547.7298018097367,525.1569862934879,11107.469222564796,1510.572606655794,12618.04182922059,78.41666666666669,1176.0916666666667,6.208079103576107,7.013766143465351,6.981238947450843,7.18092015931601,7.610648093642784,,,,
427,168,71904,4.554904460906982,7137.0590143203735,99.88157253365159,9988.157253365156,12661.044670199946,180.73500000000007,2492.152416834787,622.7579697111229,608.1466477655451,11096.930927068877,1564.1137431310685,12661.044670199946,61.58333333333334,903.6750000000003,4.984304833669574,7.0838206294999955,6.855037629835297,7.077360213111896,7.454057545280513,,,,
428,168,72072,4.403665065765381,7161.719363689423,72.88669143000178,7288.669143000178,8775.950080479302,145.4966666666666,1341.7842708124585,2459.5973802296126,2439.799376502419,6472.376288820568,2303.573791658734,8775.950080479302,51.74999999999996,727.4833333333329,2.683568541624917,4.383620195253045,6.985861863538852,6.146034992693772,7.099889629763039,,,,
429,168,72240,4.482173681259155,7192.61338186264,96.2233783916288,9622.33783916288,12655.765951088051,177.50416666666683,2855.9239452585052,546.5700926592112,535.6096702010773,11133.219966247023,1522.5459848410292,12655.765951088051,61.41666666666673,887.5208333333342,5.711847890517012,7.207967272960135,6.777742331756754,7.21612294993128,7.0379013681895355,,,,
430,168,72408,4.625615119934082,7220.530111551285,102.5916342405125,10259.16342405125,12696.985556417862,151.3541666666668,2286.4679656999433,511.70573326597105,499.1351786025888,11126.99036573208,1569.99519068578,12696.985556417862,55.958333333333385,756.7708333333339,4.572935931399887,7.115411988329233,6.457687745438227,7.0158846777653405,7.038752285185692,,,,
431,168,72576,4.4465296268463135,7248.4983541965485,0.4624319935826975,46.24319935827043,7356.035637341787,222.04833333333332,7087.744104650183,2930.4649771408367,2771.931305762305,6104.248351622636,1251.7872857191496,7356.035637341787,85.875,1110.2416666666663,14.175488209300365,5.2841575932353,1.5561623401235842,6.0859397367322305,5.091450687120225,0.018848661333322525,46.5935173034668,3.0810606479644775,0.002959815552458167
432,168,72744,4.575363636016846,7275.108795881271,88.85866843868784,8885.866843868784,12579.359114480296,201.07583333333343,3492.416437278179,527.062533823534,503.84606303382225,11056.380147585996,1522.9789668943004,12579.359114480296,74.62500000000006,1005.3791666666671,6.984832874556357,6.6997108935588985,6.424117118764817,7.116822607181811,6.720983061795449,,,,
433,168,72912,4.542102813720703,7301.581413507462,91.3244227260553,9132.44227260553,12644.975077435707,223.75416666666703,3288.7786381635105,538.8489483297033,523.0346806044763,11097.050070469331,1547.9250069663763,12644.975077435707,82.08333333333347,1118.7708333333353,6.577557276327021,7.191516788631757,5.789231744772685,7.1935145305945225,6.815802588024759,,,,
434,168,73080,4.513509273529053,7326.686175584793,75.47334718533875,7547.334718533877,12455.846298315852,220.35666666666634,4688.154913115309,532.9917174266617,497.19505473768436,11067.552945443673,1388.293352872178,12455.846298315852,84.16666666666652,1101.7833333333317,9.376309826230617,6.671523315364103,1.9965694752342344,7.1417539353212405,6.2561522910018805,,,,
435,168,73248,4.595500469207764,7350.379433393478,72.22737390585081,7222.737390585082,8556.870358368958,160.90249999999986,1173.2304677838777,2554.430005943815,2531.428521059968,6370.241674113121,2186.6286842558366,8556.870358368958,53.666666666666636,804.5124999999991,2.346460935567755,4.965451751435553,7.607739732219113,6.122635905903564,7.272794400340304,,,,
436,168,73416,4.514252662658691,7376.761173963547,72.91321377286046,7291.321377286045,9930.982917577116,200.1741666666667,2439.4873736244026,1265.7042545468578,1250.1721200237582,8068.253691896967,1862.7292256801484,9930.982917577116,74.12500000000003,1000.8708333333336,4.878974747248805,1.7402653273632287,6.435324107113408,6.302528148601436,6.87275991104702,,,,
437,168,73584,4.553635597229004,7403.3213613033295,98.50717675841847,9850.717675841846,12605.313367395556,206.24083333333306,2548.3548582203757,506.3794056444654,489.1270583235581,11076.69663888514,1528.6167285104152,12605.313367395556,70.99999999999989,1031.204166666665,5.096709716440751,6.823023326310271,6.742062307135626,7.027419413246269,7.483809474357938,,,,
438,168,73752,4.516994476318359,7429.679025411606,50.87677986126983,5087.677986126983,12371.637112257658,203.18250000000012,7080.776626130673,525.5011586934958,485.89180887596103,11085.20899401306,1286.4281182445961,12371.637112257658,79.75000000000004,1015.9125000000006,14.161553252261347,6.7236007155041,1.7035022692269965,7.00861080588687,5.4155280109795365,,,,
439,168,73920,4.526286602020264,7456.279718160629,102.05948638200422,10205.948638200422,12598.729027524794,151.2408333333329,2241.5395559910407,512.3679151013782,499.64111223052686,11037.267738570517,1561.4612889542782,12598.729027524794,54.29166666666646,756.2041666666645,4.483079111982082,6.5707083237443005,6.699495215812912,7.034948473817981,7.200625049077594,-0.008389088325202465,43.274864196777344,3.0645668506622314,0.0029797472525388002
440,168,74088,4.602308988571167,7483.034002542496,94.3977364695124,9439.773646951238,12718.938213632955,183.69749999999948,3095.4670666817156,550.7483007110138,538.5113984540621,11140.7665309777,1578.1716826552536,12718.938213632955,67.54166666666643,918.4874999999975,6.190934133363429,7.2023218372011755,6.230568758026823,7.236484742525642,6.856474579133424,,,,
441,168,74256,4.7527360916137695,7511.456102371216,90.98454143007487,9098.454143007488,12635.864784893462,186.22583333333344,3351.1848085526417,650.6594065257011,638.370613130922,11144.101122082742,1491.7636628107207,12635.864784893462,62.750000000000036,931.1291666666673,6.702369617105282,7.415149948847071,6.956333504318026,7.357126904395366,6.996608864981079,,,,
442,168,74424,4.520745515823364,7536.422350883484,93.35992030644422,9335.992030644422,12643.126810171643,172.61916666666662,3134.515612860554,519.8346902735502,505.03944337864584,11139.35105318634,1503.7757569853034,12643.126810171643,64.4583333333333,863.0958333333332,6.269031225721108,7.099175729372901,6.463458315717124,7.100761498248243,6.574916363923713,,,,
443,168,74592,4.55042028427124,7562.598549127579,60.43919436996652,6043.919436996653,12335.178264051407,208.6166666666669,6082.642160388088,628.6540166760972,571.076912401669,11023.78638404033,1311.3918800110782,12335.178264051407,80.08333333333341,1043.0833333333344,12.165284320776177,6.975192531022847,2.570743061179129,6.8402312629327655,5.461215175310069,,,,
444,168,74760,4.548290252685547,7585.515085697174,97.20117476040801,9720.1174760408,12621.27013220165,194.87833333333347,2706.274322827515,539.3705640498861,527.4269826452426,11075.258545731745,1546.0115864699042,12621.27013220165,71.12500000000004,974.3916666666673,5.412548645655031,6.912283230721554,6.488809043804271,7.110735542992889,6.734844816303091,,,,
445,168,74928,4.801929950714111,7609.113742351532,100.85124063254284,10085.124063254287,12585.784124363756,176.57916666666677,2324.080894442806,517.750761574368,505.2915647836214,11082.841161107932,1502.9429632558272,12585.784124363756,61.9166666666667,882.8958333333337,4.648161788885611,6.83960312000793,6.812347570248809,7.061585946834666,7.11763497627512,,,,
446,168,75096,4.648627281188965,7631.680307149887,83.84360749217893,8384.360749217893,12720.781031560418,161.19833333333338,4175.221949009192,659.8513877772912,642.1876823091229,11137.166167283256,1583.6148642771636,12720.781031560418,61.37500000000002,805.9916666666668,8.350443898018385,6.960849388846526,6.345526115499518,7.375525270632338,6.5652573597022705,,,,
447,168,75264,4.687683582305908,7654.600121974945,97.24487721155279,9724.487721155278,12205.750394507622,201.2908333333333,2279.9718400190104,643.3228001725188,631.1707486164767,10655.75686853998,1549.9935259676408,12205.750394507622,72.74999999999996,1006.4541666666664,4.559943680038021,7.556863142065312,6.462680475344792,6.979438094891425,6.7676968996415106,0.05757792666554451,40.71814727783203,3.0518088340759277,0.0028282629791647196
448,168,75432,4.702741861343384,7678.269794225693,90.97792221776118,9097.792221776119,12353.945586771128,204.7100000000002,3051.443364995009,830.3611512554583,810.4816202072907,10704.984265520816,1648.9613212503123,12353.945586771128,78.70833333333341,1023.5500000000011,6.102886729990017,6.516326325227623,2.224601037739574,6.766916849161335,6.434156065446099,,,,
449,168,75600,4.573215007781982,7701.3440721035,93.77941213948714,9377.941213948714,12725.68297153081,164.71999999999986,3183.021757582098,576.08774678447,564.7253533985896,11134.029513233621,1591.6534582971906,12725.68297153081,62.12499999999994,823.5999999999992,6.366043515164196,7.086627399324695,6.169270868177796,7.248332661313146,6.723270360243286,,,,
450,168,75768,4.497553825378418,7724.330491065979,75.94057597704379,7594.05759770438,8991.597358643856,138.78416666666664,1258.755594272808,2303.46499808626,2284.439633850249,6817.182341625101,2174.415017018753,8991.597358643856,50.74999999999996,693.9208333333329,2.517511188545616,4.745876456405572,6.918878392077569,6.223551034465758,6.979373810575528,,,,
451,168,75936,4.550450563430786,7747.625297307968,94.3543567265244,9435.435672652438,12699.628095227738,190.75083333333316,3073.4415892419634,602.4786855667968,590.3092901490156,11104.682598325375,1594.9454969023623,12699.628095227738,66.16666666666664,953.7541666666657,6.146883178483927,7.096255097901774,6.717208948248802,7.270522156754631,7.124887216078629,,,,
452,168,76104,4.628606557846069,7770.735893249512,87.75366520600858,8775.366520600859,12621.69974437133,228.29749999999947,3618.035723770471,550.8151423412849,533.2081286718045,11150.74926031344,1470.9504840578888,12621.69974437133,83.08333333333314,1141.4874999999975,7.236071447540942,7.135050420844639,6.2216538063112665,7.234450853242104,6.613584347854116,,,,
453,168,76272,4.539668321609497,7796.345265388489,99.25484405666214,9925.484405666215,12488.557712684693,190.14916666666642,2372.924140351811,516.1916867225428,504.2817423377051,11076.88265593116,1411.6750567535314,12488.557712684693,65.04166666666659,950.745833333332,4.745848280703621,7.205767242258111,7.0150380605024285,7.077818709891146,7.118485233730176,,,,
454,168,76440,4.572463274002075,7824.124333620071,94.8468232469977,9484.68232469977,12647.602460769973,214.99416666666656,2947.925969403536,541.5519162590476,527.3642622151085,11111.040424407034,1536.5620363629412,12647.602460769973,71.7916666666666,1074.9708333333328,5.895851938807072,7.506135163990244,7.053627374771231,7.213356394160358,7.35278896710619,,,,
455,168,76608,4.489816427230835,7847.658242702484,89.74197069939143,8974.197069939142,12388.211784664752,184.67500000000007,3229.339714725611,541.5904504822247,528.8435779951858,11027.762099028825,1360.4496856359285,12388.211784664752,64.79166666666664,923.3750000000002,6.458679429451221,8.123119991016326,7.021229683278949,7.2260090915415764,6.74383407390908,0.037346284836530685,39.10879135131836,3.0612170696258545,0.002473257016390562
456,168,76776,4.47358250617981,7871.6693551540375,96.35693009224255,9635.693009224256,12697.103910432903,169.31916666666697,2892.0917345419807,554.5598435904789,542.3555512451628,11110.055242229693,1587.04866820321,12697.103910432903,59.91666666666674,846.5958333333348,5.7841834690839615,7.40667684625353,6.765957051152022,7.213596534164383,7.024735753842055,,,,
457,168,76944,4.49974513053894,7907.96971321106,67.82499316538757,6782.499316538756,12430.329938058861,237.09666666666715,5410.73395485344,530.8723691872904,491.5031048183855,11050.311455247567,1380.0184828112947,12430.329938058861,89.2500000000002,1185.4833333333356,10.821467909706879,6.8459767034933305,2.035740943458281,7.080634063345527,5.98873032047251,,,,
458,168,77112,4.602053642272949,7938.325620174408,96.09856277845569,9609.85627784557,12578.470479841912,231.3875000000003,2737.2267019963415,551.2899380429467,538.5806018936547,11105.451780062736,1473.0186997791748,12578.470479841912,79.50000000000011,1156.9375000000016,5.4744534039926815,6.950404933742472,6.790810160387115,7.170152753058114,7.18352541804101,,,,
459,168,77280,4.53098464012146,7966.358649969101,91.29816692259344,9129.816692259345,12732.292194904054,223.69166666666672,3378.783835978043,565.064209518517,551.2636653571693,11128.801000958416,1603.4911939456374,12732.292194904054,81.50000000000006,1118.4583333333337,6.757567671956085,7.11365745498225,6.052299271496232,7.265797624525385,6.8436829443449785,,,,
460,168,77448,4.552412509918213,7991.601558446884,92.72950124006323,9272.950124006322,12698.215062848158,176.09666666666692,3249.1682721751686,572.1269757892283,560.0039237706789,11153.964841884743,1544.2502209634135,12698.215062848158,62.2083333333334,880.4833333333345,6.498336544350337,7.381383022020225,6.680989253556054,7.3089085485554035,6.905903139834521,,,,
461,168,77616,4.500600337982178,8015.102203130722,80.3122234313057,8031.222343130568,10135.448185762729,156.69083333333342,1947.5350092988251,1045.903284768567,1030.2107152990754,8699.831287404944,1435.6168983577845,10135.448185762729,51.50000000000001,783.454166666667,3.89507001859765,5.313697034639984,7.953185289961111,6.582263869753613,7.3251414081447725,,,,
462,168,77784,4.547567367553711,8039.006925106049,94.6517168444447,9465.17168444447,12616.192565077978,222.08166666666685,2928.9392139668385,522.0982503435818,501.99948408504963,11071.18484439225,1545.007720685725,12616.192565077978,82.00000000000009,1110.4083333333342,5.857878427933677,6.779647648283304,5.756233944133575,7.072665483527457,7.005485653629168,,,,
463,168,77952,4.491102457046509,8062.571812391281,90.4752829836252,9047.52829836252,12460.147370476905,145.2083333333333,3267.410738781052,532.1505430146932,518.122719013024,10955.742528563089,1504.4048419138182,12460.147370476905,57.58333333333332,726.0416666666665,6.5348214775621045,6.406876950040498,6.229889315318676,7.079850952389604,6.4640028780059895,-0.03161904960870743,38.8346061706543,3.0760276317596436,0.0019918293692171574
464,168,78120,4.5132036209106445,8086.408765792847,95.96463149811845,9596.463149811847,12752.36676290496,153.27166666666682,3002.631946426448,549.9618733323116,538.9841432667225,11178.154597200242,1574.2121657047167,12752.36676290496,56.958333333333385,766.3583333333341,6.005263892852897,7.255011424761847,6.408493183554195,7.230021620547905,6.74036345526331,,,,
465,168,78288,4.569497108459473,8110.433157444,96.70097553534188,9670.09755353419,11891.16426991234,164.32000000000002,2056.746716378152,617.3681693217668,604.1728490077724,10329.888760923684,1561.2755089886575,11891.16426991234,57.25,821.6000000000001,4.113493432756304,5.443725790928933,6.894822911767722,6.947733212001416,7.225810078149193,,,,
466,168,78456,4.540524244308472,8134.110229730606,79.93012582033904,7993.012582033905,12566.066318996262,232.31916666666672,4340.73457029569,550.2665584462239,522.9750373091119,11074.701446015217,1491.364872981045,12566.066318996262,88.5,1161.5958333333338,8.681469140591378,7.082557770686346,1.7636875177928242,7.12986263603127,6.284753405095633,,,,
467,168,78624,4.5088489055633545,8157.920964479446,81.66411033037271,8166.411033037271,12659.839810634883,164.34833333333324,4329.0804442642775,567.9710398162473,541.6837667432313,11175.613939631516,1484.2258710033675,12659.839810634883,63.374999999999986,821.7416666666662,8.658160888528556,7.234964691929147,5.688745105216831,7.275813069134228,6.412908438938821,,,,
468,168,78792,4.530949831008911,8181.680273771286,92.80629128366641,9280.62912836664,12593.507175213017,189.07500000000007,3123.803046846376,550.7018402719026,537.9769601707367,11125.310269333488,1468.1969058795303,12593.507175213017,67.04166666666674,945.3750000000005,6.247606093692753,7.1268126304462776,7.030045983250713,7.218764162182359,6.840112540919522,,,,
469,168,78960,4.546658277511597,8205.484082221985,95.38807051050155,9538.807051050155,12624.960943898119,143.8941666666665,2942.259726181299,538.7163873876575,526.4871711547751,11069.759749016563,1555.2011948815575,12624.960943898119,54.374999999999915,719.4708333333325,5.884519452362598,6.823486211171434,6.5416660323657805,7.167911233305482,6.8040382550629666,,,,
470,168,79128,4.454926490783691,8230.790922164917,9.18556517340739,918.5565173407399,12302.877428940083,197.61249999999995,11186.708411599346,558.7454891262971,465.01981714480235,11162.420085412154,1140.4573435279287,12302.877428940083,77.08333333333331,988.0624999999998,22.37341682319869,7.295001238678704,1.7842201762666177,7.246502461322647,4.3796904114469015,,,,
471,168,79296,4.522299289703369,8257.882812261581,93.93569443121919,9393.56944312192,12696.971313102607,224.26250000000002,3079.1393699806877,556.2488158828742,541.5658172640032,11149.567250447693,1547.404062654914,12696.971313102607,81.5,1121.3125,6.158278739961377,7.028813303847809,6.023002947209997,7.191385320283977,6.932537366797085,-0.0014606356853619218,45.45452117919922,3.0886759757995605,0.003703643335029483
472,168,79464,4.5248425006866455,8284.772446393967,97.20698282144203,9720.698282144203,12642.407368618371,151.2958333333337,2770.4132531408345,532.1310780335097,519.7963460907398,11124.757256755602,1517.6501118627698,12642.407368618371,52.750000000000114,756.4791666666684,5.54082650628167,7.302788890142672,7.273825963017661,7.174603673909471,7.051895632799347,,,,
473,168,79632,4.621878147125244,8322.86777639389,100.39171562988992,10039.171562988991,12608.92886984976,210.6875000000001,2359.069806860769,703.6738356788737,689.8804665683093,10997.747229589626,1611.1816402601346,12608.92886984976,76.95833333333339,1053.4375000000007,4.718139613721537,6.930280651849151,6.149654222365989,6.997609584538354,7.09732722121286,,,,
474,168,79800,4.5043957233428955,8361.040606021881,92.47335309656955,9247.335309656955,12712.739907586503,157.235,3308.169597929548,556.8573970990851,543.6732869773354,11129.39670867944,1583.343198907062,12712.739907586503,59.166666666666664,786.1750000000002,6.616339195859096,7.155230529573802,6.2543282045933735,7.263573698225831,6.795509143240993,,,,
475,168,79968,4.548654556274414,8390.842902183533,99.14870402784709,9914.870402784709,12756.201156207884,156.89666666666662,2684.4340867565097,538.7894743832858,526.7226080782259,11099.962961094647,1656.2381951132372,12756.201156207884,56.54166666666664,784.4833333333332,5.368868173513019,7.062356403733848,6.417028716478732,7.165335093900025,7.156901006722015,,,,
476,168,80136,4.568560838699341,8422.365714550018,72.38865124928299,7238.8651249282975,9051.445790258287,193.3016666666668,1619.2789986633225,2071.463871275998,2054.475271087833,7046.439884998279,2005.005905260009,9051.445790258287,67.75000000000003,966.5083333333339,3.2385579973266445,5.049483326378114,6.967036437643998,6.348981304333003,6.947005889741199,,,,
477,168,80304,4.725666522979736,8453.241463899612,62.11016014135852,6211.016014135852,12543.053670459352,199.02000000000015,6133.017656323499,997.9354301586523,950.4473296877835,11083.504118167546,1459.549552291805,12543.053670459352,59.166666666666714,995.1000000000007,12.266035312646999,7.29505965217408,8.515019124697128,7.5899548659971074,8.307201435625084,,,,
478,168,80472,4.432809591293335,8486.022096395493,40.533973641951675,4053.3973641951684,12458.396158788153,176.44916666666683,8228.549627926317,545.1169824412079,497.27699313937353,11133.46013588633,1324.9360229018228,12458.396158788153,70.75000000000006,882.2458333333341,16.457099255852636,7.334177897746034,1.6758715025228126,7.223376208463968,5.210590350891001,,,,
479,168,80640,4.602498769760132,8523.608996152878,77.42433635773827,7742.433635773826,11693.992387321508,168.48250000000002,3783.0762515476817,665.2854855515938,637.2643587039335,10225.793128054884,1468.1992592666252,11693.992387321508,66.41666666666667,842.4125,7.566152503095363,4.851240871715632,5.614506311891382,7.049149283706289,6.385720039260566,-0.02597614750266075,41.15398025512695,3.087141990661621,0.0034742094576358795
480,168,80808,4.522877216339111,8561.078698396683,96.70461923552215,9670.461923552215,12735.846915195729,172.9975000000001,2892.3874916435147,549.1843730800786,536.8598812342033,11150.031310751237,1585.8156044444909,12735.846915195729,61.291666666666664,864.9875000000003,5.784774983287029,7.144752313248551,6.508411548360403,7.225426225162086,7.075691352258924,,,,
481,168,80976,4.494017839431763,8595.692778348923,96.92208924004484,9692.208924004486,12661.8074354048,157.19166666666666,2812.4068447336495,516.8062748965745,503.5535605805702,11071.30127350702,1590.506161897781,12661.8074354048,60.20833333333333,785.9583333333333,5.624813689467299,6.845788054159751,6.274094140079607,7.068874563534166,6.716361265955992,,,,
482,168,81144,4.590533256530762,8629.421978712082,92.19888956336473,9219.888956336472,12716.447699075146,180.49666666666678,3316.062076072007,578.8707940006783,566.8466600479335,11151.007745382678,1565.439953692467,12716.447699075146,64.45833333333337,902.4833333333339,6.632124152144014,7.190692929227836,6.622908760606553,7.3041358381087305,6.83743959110367,,,,
483,168,81312,4.4494757652282715,8663.481858730316,41.99884779052755,4199.884779052755,6430.989076772119,202.57666666666665,2028.5276310526979,4867.718554249756,4765.026968753369,3662.313872656833,2768.6752041152868,6430.989076772119,75.54166666666664,1012.8833333333332,4.057055262105395,5.05589797775392,5.679227391083145,5.584704139321398,6.503053301754121,,,,
484,168,81480,4.599392652511597,8697.59318971634,100.37586480863314,10037.586480863312,12694.496718765253,150.49333333333323,2506.4169045686053,521.0958249584642,509.10087095639096,11109.44660539462,1585.0501133706314,12694.496718765253,53.7083333333333,752.4666666666662,5.012833809137211,7.022452229496182,6.7298817630049905,7.115787141152501,7.026362656796683,,,,
485,168,81648,4.562952756881714,8736.599551916122,88.63039684910699,8863.039684910698,12379.281489960002,216.2958333333334,3299.9459717159684,589.1288077253238,573.9594482888165,11147.19852261556,1232.0829673444416,12379.281489960002,71.45833333333331,1081.479166666667,6.5998919434319365,7.058572192166957,8.10146280851655,7.2685667897942725,7.312714837341505,,,,
486,168,81816,4.501370906829834,8765.839984178543,99.00810490286969,9900.81049028697,12673.51041347464,162.54916666666696,2610.150756521004,523.4429215047546,511.35515196098333,11100.125803131057,1573.3846103435853,12673.51041347464,59.750000000000114,812.7458333333348,5.220301513042008,7.318616622378558,6.459283662784821,7.10623509238431,6.870389158548029,,,,
487,168,81984,4.525207996368408,8801.863251209259,67.41115079708818,6741.115079708819,9436.649190575998,191.9775000000001,2503.556610867179,1632.13053973134,1613.7000869634287,7608.755012758125,1827.8941778178728,9436.649190575998,67.41666666666666,959.8875000000004,5.007113221734359,5.126208533043172,7.378261791089917,5.997180495593169,6.978167260260053,-0.04032186418771744,38.609371185302734,3.1122498512268066,0.0025025708600878716
488,168,82152,4.52258038520813,8830.829272270203,100.61469623458751,10061.469623458752,12328.877384628748,154.64,2112.7677611699974,539.8819146079956,527.1925661547155,10819.650269553471,1509.227115075278,12328.877384628748,54.58333333333333,773.1999999999998,4.225535522339994,6.010660379141649,6.831756181670771,6.988268659249601,7.272328102298135,,,,
489,168,82320,4.596839666366577,8863.535347700119,102.46955019977077,10246.955019977078,12627.116553236407,175.07416666666631,2205.087366592661,513.9827420846385,501.84849006688825,11072.042971659652,1555.0735815767534,12627.116553236407,63.62499999999984,875.3708333333313,4.410174733185322,6.981764305566443,6.537524233053771,6.999849327151749,7.001666177705813,,,,
490,168,82488,4.614903926849365,8891.077704191208,95.39056052506896,9539.056052506898,12560.44427792844,184.44750000000028,2836.940725421542,521.3349557892114,504.4083605321734,11074.143174772795,1486.3011031556434,12560.44427792844,68.83333333333341,922.2375000000013,5.673881450843085,7.070600480938446,6.281041205923643,7.048499961428005,6.801457578686743,,,,
491,168,82656,4.583611249923706,8916.483304023743,53.37498562923258,5337.498562923259,12508.994289577313,222.26333333333332,6949.232393320721,584.5275116808637,527.9560895923754,11160.20960436094,1348.784685216371,12508.994289577313,83.99999999999996,1111.3166666666664,13.89846478664144,7.391022265310986,1.8298737562990823,7.327109777769318,5.752904185637497,,,,
492,168,82824,4.5683815479278564,8942.097315073013,95.33176410331208,9533.17641033121,12655.99549760561,160.76916666666637,2962.0499206077347,552.5954064831881,539.8036688302759,11097.538985771596,1558.4565118340136,12655.99549760561,57.74999999999987,803.8458333333319,5.924099841215469,6.949160803247912,6.686303635009397,7.22896898120513,6.9800923542389155,,,,
493,168,82992,4.542308330535889,8970.2845993042,83.33244526419178,8333.244526419177,12826.65065635274,178.67583333333323,4314.73029660023,902.331911506724,885.6131241258919,11104.51087076205,1722.1397855906912,12826.65065635274,58.49999999999994,893.3791666666662,8.62946059320046,7.436105531638814,6.866739752575989,7.592555117779684,7.49646913112773,,,,
494,168,83160,4.599418640136719,8998.75310254097,80.2561727725713,8025.617277257132,12637.387797212876,203.4783333333333,4408.292186622412,601.1907070241829,570.7912031308055,11162.606571007702,1474.7812262051739,12637.387797212876,76.04166666666663,1017.3916666666664,8.816584373244824,7.315845318357294,5.321761248708002,7.357690934933055,6.4401551354202775,,,,
495,168,83328,4.563473463058472,9026.689468860626,101.68034834870241,10168.03483487024,12640.671642045832,174.76833333333343,2297.868473842257,521.6071608283881,507.9025959252107,11052.737644055702,1587.9339979901279,12640.671642045832,64.50000000000006,873.8416666666672,4.5957369476845145,6.858202177356548,6.357406397709681,7.012826533874387,7.203322894930923,-0.0029387311078608036,40.46027374267578,3.0835025310516357,0.0012915326515212655
496,168,83496,4.5367045402526855,9055.375779151917,48.856034283109835,4885.603428310982,10039.167540191389,225.9508333333335,4927.613278547073,1261.0068851791004,1203.9617100753899,8695.289144938472,1343.8783952529175,10039.167540191389,84.1666666666667,1129.7541666666675,9.855226557094145,4.981818230622127,5.66925171938113,6.765529204209311,5.951818094969413,,,,
497,168,83664,4.638113260269165,9084.026417016983,58.42536952699305,5842.536952699305,12511.077473176352,191.79666666666625,6476.743853810381,503.8040863655362,478.65335906031225,11095.750193399825,1415.327279776527,12511.077473176352,75.16666666666649,958.9833333333313,12.95348770762076,7.015153828977565,1.8278626275155776,6.988884297533717,5.516508639533698,,,,
498,168,83832,4.592631101608276,9111.530906438828,96.67865923109107,9667.865923109108,12710.277889943634,124.77583333333342,2917.6361335011934,563.42165365549,551.1963049796441,11082.259755436411,1628.0181345072228,12710.277889943634,45.20833333333337,623.8791666666671,5.835272267002386,6.785672956324961,6.705004203449852,7.232801297877494,7.122836205303013,,,,
499,168,84000,4.524205923080444,9137.330187797546,95.35940808237167,9535.940808237166,12691.65056942367,135.5408333333333,3020.16892785317,537.1086260235886,523.9221166314576,11076.893820554189,1614.756748869483,12691.65056942367,52.74999999999998,677.7041666666664,6.04033785570634,6.894938509091465,6.264407543027781,7.17090870361035,6.842193392660693,,,,
500,168,84168,4.588026285171509,9163.722356796265,99.00127585359016,9900.127585359016,12695.550947186373,164.3408333333332,2631.0825284940247,527.8771803137579,515.2665190251248,11094.873484590833,1600.6774625955409,12695.550947186373,61.24999999999992,821.7041666666659,5.262165056988049,7.086301412363546,6.273264458974053,7.112507106008418,6.959253880545313,,,,
501,168,84336,4.555132150650024,9195.751207590103,95.01076136628892,9501.076136628892,12798.351123337598,146.33749999999975,3150.9374867087063,567.8852567243055,556.4736838308459,11168.354863756493,1629.9962595811048,12798.351123337598,54.04166666666657,731.6874999999986,6.301874973417412,7.110692557506307,6.439418964030465,7.2825271356498895,6.8352557183906715,,,,
502,168,84504,4.511542081832886,9231.990072488785,95.28182512824915,9528.182512824918,12755.100992593825,148.00500000000028,3078.9134797689085,571.7490413627717,559.8767598944739,11166.253851544981,1588.8471410488442,12755.100992593825,52.708333333333435,740.0250000000015,6.157826959537816,6.864510576358082,6.760086499517299,7.277402937611986,6.935384749405576,,,,
503,168,84672,4.467748403549194,9260.399901390076,87.30528812910623,8730.528812910623,12535.953256862573,173.48249999999985,3631.9419439519497,522.3112506585776,497.0367165289695,11080.799779635041,1455.153477227531,12535.953256862573,67.41666666666657,867.4124999999992,7.2638838879039005,6.8252401507692335,5.659199451191586,7.0904321059276265,6.405666600339553,-0.005986164323985577,46.13200759887695,3.0764198303222656,0.002616939367726445
504,168,84840,4.531022071838379,9293.349096775055,100.67653973984743,10067.653973984743,12435.459105460164,158.71833333333345,2209.086798142089,531.0403466406513,518.5908208009696,10934.156815597828,1501.3022898623371,12435.459105460164,55.12500000000007,793.5916666666672,4.418173596284178,6.543073022938669,7.046042152541926,7.028452556807152,7.176949998889822,,,,
505,168,85008,4.588727951049805,9330.108677625656,91.52841591077163,9152.841591077162,12718.930184626424,210.37666666666655,3355.7119268825963,676.6914740759039,663.8625046315926,11081.736133975512,1637.1940506509145,12718.930184626424,76.4166666666666,1051.8833333333328,6.711423853765192,6.5406925802720846,6.3877618235950955,7.289878200509857,6.880864694434619,,,,
506,168,85176,4.538079738616943,9370.876586437225,93.46296340167672,9346.296340167672,12457.169380204856,187.76083333333355,2923.112206703852,544.4132263158922,532.60821578117,11095.011591364451,1362.1577888404045,12457.169380204856,63.8333333333334,938.8041666666677,5.846224413407704,7.791207228847602,7.07989086687832,7.221641763289445,6.992915933065216,,,,
507,168,85344,4.6780312061309814,9402.359143972397,38.53896915310071,3853.8969153100716,12478.58512821874,235.43083333333357,8389.257379575334,533.1280628146774,466.35540183639654,11163.308116351534,1315.2770118672056,12478.58512821874,87.25000000000007,1177.1541666666678,16.77851475915067,7.5052156428530745,2.850579272625912,7.172250940856879,5.142482593514314,,,,
508,168,85512,4.7650837898254395,9436.919689416885,89.73264074979349,8973.264074979348,12509.787555917708,207.14499999999998,3329.378480938361,544.9207304840484,513.7744830096826,11073.771970281708,1436.0155856359997,12509.787555917708,77.91666666666666,1035.725,6.658756961876721,7.021924491266388,5.674865386291177,6.973471433067961,6.424777305963121,,,,
509,168,85680,4.69724440574646,9466.066881656647,104.16525308127171,10416.525308127173,12642.91311342718,170.5691666666669,2055.818638633342,571.6071799793472,559.5097064513013,11076.892016126061,1566.0210973011194,12642.91311342718,60.166666666666735,852.8458333333344,4.111637277266684,6.929843884943753,6.718680409859299,6.9850369169379105,7.082833724941154,,,,
510,168,85848,4.655306339263916,9500.510231494904,65.41753130574872,6541.7531305748735,7957.190915921566,161.13333333333333,1254.3044520133597,3222.833698397818,3199.877720503979,5563.191995071075,2393.9989208504903,7957.190915921566,54.375,805.6666666666665,2.508608904026719,4.469690523105348,7.855710178763856,5.926315707641434,7.156002350876122,,,,
511,168,86016,4.53765082359314,9527.944923877716,89.6139458117746,8961.394581177461,12712.742337198262,168.6383333333335,3582.709422687468,708.6349653933258,696.6422506782394,11167.311063786841,1545.4312734114187,12712.742337198262,57.29166666666671,843.1916666666673,7.165418845374936,7.441981922059631,7.217257146027253,7.409972890681057,6.903482569252127,-0.04163699969649315,41.972007751464844,3.068497896194458,0.0019491210114210844
512,168,86184,4.523321151733398,9557.751182794571,78.71320286358613,7871.320286358614,10617.413553953116,197.63166666666694,2548.461600927835,933.3062676503929,914.9031021577387,9076.65922132511,1540.7543326280074,10617.413553953116,73.0000000000001,988.1583333333347,5.096923201855671,4.942129876651149,6.6536678130809666,6.65518233744279,6.6427726809059,,,,
513,168,86352,4.534498929977417,9587.693109035492,75.2883741307624,7528.8374130762395,9618.14539051144,151.39083333333338,1937.9171441018657,1322.4545760476626,1304.2256795298429,8039.39668289138,1578.7487076200582,9618.14539051144,51.12500000000004,756.9541666666669,3.8758342882037313,4.5014675930144366,8.029726488716344,6.4301195680390135,7.131482948323731,,,,
514,168,86520,4.532958984375,9617.9207406044,94.69301970506731,9469.30197050673,12784.692002232827,160.40666666666664,3154.9833650594283,611.1902209432074,599.476030566895,11152.189974223289,1632.5020280095378,12784.692002232827,57.791666666666664,802.0333333333333,6.309966730118857,7.409984918747342,6.501538686521726,7.2749289376955835,6.870809581844891,,,,
515,168,86688,4.620459079742432,9648.595092535019,96.29507925797222,9629.507925797221,12716.180284325059,161.6741666666669,2924.99819186117,544.3834829350769,529.7330257457307,11116.425489184043,1599.7547951410152,12716.180284325059,57.29166666666675,808.3708333333345,5.84999638372234,7.158851074529711,6.588063981953566,7.218317432513756,7.3802264212441955,,,,
516,168,86856,4.5478808879852295,9678.674991369247,98.13638361991977,9813.638361991976,12609.256247960908,175.54333333333327,2620.074552635598,528.9071178012068,513.6999439264307,11040.854573673507,1568.4016742874,12609.256247960908,67.16666666666663,877.7166666666661,5.240149105271197,6.708919584693222,6.080053864493752,6.960459973248858,6.627403630327388,,,,
517,168,87024,4.567565679550171,9708.908142089844,92.51906708929877,9251.906708929877,11664.83414795602,197.27083333333326,2215.656605692811,740.9387390763089,728.506165038457,10175.890831319566,1488.943316636454,11664.83414795602,69.70833333333333,986.3541666666663,4.431313211385621,5.323935691069698,6.849822185573392,6.909039294247438,7.012593782698773,,,,
518,168,87192,4.512862920761108,9739.950466156006,95.54474273224676,9554.474273224678,12496.963180060946,180.3175,2762.1714068362708,538.3503695015836,527.3093803577433,11135.040209817324,1361.922970243624,12496.963180060946,63.16666666666666,901.5875,5.524342813672541,7.1294147705081095,6.9845298168550185,7.167894732158281,6.90358707483724,,,,
519,168,87360,4.51439094543457,9770.004054069519,67.13832678901105,6713.832678901104,8520.24972595113,162.53083333333345,1643.8862137166907,2468.4561368167697,2446.7059273471787,6163.2873533907505,2356.962372560379,8520.24972595113,56.45833333333336,812.6541666666672,3.287772427433381,4.8839340736068255,6.934081799144528,6.091902661434274,7.179750809986899,0.06884412467479706,35.4415283203125,3.074246883392334,0.002157083246856928
520,168,87528,4.588192462921143,9800.661057949066,82.91979703080199,8291.9797030802,12821.234140117207,238.33083333333371,4290.923603703675,931.7071910436891,919.457330038215,11158.680692270878,1662.5534478463292,12821.234140117207,81.20833333333346,1191.6541666666685,8.58184720740735,7.299456314840966,6.700185621572065,7.6159438076806865,6.861413401507767,,,,
521,168,87696,4.469071626663208,9841.01372885704,93.58729620597214,9358.729620597214,12693.301529522907,188.86583333333357,3145.7060755923612,546.2890102834099,533.9654964432495,11139.93327774648,1553.3682517764278,12693.301529522907,68.66666666666676,944.3291666666677,6.291412151184722,7.315800300124176,6.3933703046301495,7.2265235197848945,6.779342659865858,,,,
522,168,87864,4.545316457748413,9882.927384614944,91.25418166280218,9125.418166280218,12700.120712232692,174.3891666666665,3400.3133792858084,608.538265209778,593.2055670797099,11114.6673361486,1585.4533760840932,12700.120712232692,63.62499999999993,871.9458333333325,6.8006267585716165,7.119121772870904,6.512542203024374,7.285009504217338,6.997136279732959,,,,
523,168,88032,4.6248016357421875,9920.99057841301,88.8998290615834,8889.98290615834,12687.363359063093,177.9616666666666,3619.418786238087,659.717333488733,646.5598206387783,11097.380792511543,1589.9825665515486,12687.363359063093,65.4583333333333,889.8083333333328,7.238837572476173,7.16427715912996,6.412272606629421,7.33305392358299,6.759695010601588,,,,
524,168,88200,4.5460124015808105,9950.308991909027,94.24683255896434,9424.683255896434,12637.727095701222,198.92583333333323,3014.118006471455,578.0385352522276,565.0664768642944,11056.142307852851,1581.5847878483708,12637.727095701222,70.54166666666663,994.6291666666662,6.0282360129429104,7.0845750581005085,6.58960358767511,7.231881854717454,7.049679769003525,,,,
525,168,88368,4.496803522109985,9979.806607961655,94.84772515336034,9484.772515336033,12500.00727216233,164.86583333333334,2850.3689234929607,514.098336995357,500.7130653694005,11062.090334222872,1437.9169379394561,12500.00727216233,61.58333333333333,824.3291666666667,5.700737846985922,6.9598537953071276,6.706558404389265,7.078347592467561,6.66065556526349,,,,
526,168,88536,4.553528785705566,10016.828542232513,56.127875290145596,5612.7875290145585,7945.729775066897,158.86916666666679,2174.0730793856706,3039.739518019004,3016.9454220499497,5346.396565808021,2599.3332092588766,7945.729775066897,56.00000000000004,794.345833333334,4.348146158771341,4.764800705200879,7.14996348063499,5.6660438546757605,6.99992819431765,,,,
527,168,88704,4.5940892696380615,10046.448904037476,98.34080262619197,9834.080262619198,12649.232384470397,184.64000000000016,2630.5121218511995,541.5143766510141,529.6419912692002,11097.801006976426,1551.431377493973,12649.232384470397,66.29166666666671,923.2000000000007,5.2610242437023995,7.020434687884117,6.601785767833741,7.1256796178466875,6.910291590191705,-0.06948894262313843,32.888671875,3.0495963096618652,0.004045863635838032
528,168,88872,4.5539751052856445,10076.142551660538,97.32525310947281,9732.525310947281,12525.543648140367,200.51083333333347,2592.5075038597533,520.0894402848751,506.0213221615707,11056.298109778538,1469.2455383618294,12525.543648140367,74.37500000000006,1002.5541666666672,5.185015007719507,6.887964006549938,6.375831693026996,6.978932647291864,6.616079085855823,,,,
529,168,89040,4.614929676055908,10106.018715143204,92.89286999596507,9289.286999596507,12693.869509464928,176.08416666666665,3228.498343201756,557.5956294524892,545.4271931753789,11145.577329735885,1548.292179729045,12693.869509464928,64.37499999999997,880.4208333333331,6.456996686403512,7.110806421922894,6.518403392034375,7.243011706135054,6.696497900984448,,,,
530,168,89208,4.531235218048096,10135.72483921051,100.36095100988794,10036.095100988794,12627.275125353499,143.36583333333334,2447.814191031372,512.5766651317562,500.09194226884017,11029.121717569642,1598.1534077838567,12627.275125353499,55.0,716.8291666666667,4.895628382062744,6.792352888420328,6.405186804531263,7.045575282257936,6.751518771954265,,,,
531,168,89376,4.548141956329346,10167.34514427185,93.22850649274895,9322.850649274893,12772.643615271647,181.20083333333324,3268.5921326634198,565.0373844584074,552.282637786932,11152.655505712257,1619.9881095593887,12772.643615271647,66.0833333333333,906.004166666666,6.5371842653268395,7.177285248114232,6.430937158521235,7.265106625627398,6.778596294795825,,,,
532,168,89544,4.556272745132446,10204.480885505676,96.12608022222659,9612.60802222266,12725.897255804473,144.17166666666685,2969.117566915149,561.683283981165,549.7944417078795,11112.797875165412,1613.0993806390602,12725.897255804473,53.0833333333334,720.8583333333343,5.9382351338302986,7.071893067430462,6.581511189081773,7.22745149853984,6.856466974521375,,,,
533,168,89712,5.047992944717407,10251.44044137001,95.29390074987221,9529.390074987223,12722.282890509992,183.89166666666677,3009.001148856104,538.9584603123634,526.0188742537192,11127.293505083464,1594.9893854265274,12722.282890509992,67.37500000000009,919.4583333333337,6.018002297712207,7.073741494422583,6.330752772191732,7.180740363080626,6.907245736666148,,,,
534,168,89880,4.962299346923828,10284.409553289413,51.99539345532041,5199.539345532041,7472.929573549511,180.50083333333336,2092.889394684135,2988.3592867194075,2957.1693190080186,5028.94460154569,2443.984972003819,7472.929573549511,61.83333333333334,902.5041666666667,4.18577878936827,4.7163865826170275,8.086872922603284,5.598393698784326,7.024726680021997,,,,
535,168,90048,4.641779184341431,10315.368913173676,85.54988544505223,8554.988544505224,12586.65386340685,165.6599999999999,3866.005318901628,959.3600315891576,945.5072184930214,11017.298648214966,1569.3552151918839,12586.65386340685,54.458333333333364,828.2999999999995,7.7320106378032545,7.173924974045338,7.547756904488643,7.50373149480488,7.2527973553744385,-0.019373709335923195,36.24860382080078,3.055541515350342,0.003967977128922939
536,168,90216,4.655447721481323,10346.0343978405,102.92067653778952,10292.067653778951,12606.481347778234,129.2183333333333,2185.1953606659463,516.9186751133641,505.49758360179715,11025.976645280363,1580.5047024978687,12606.481347778234,48.08333333333336,646.0916666666665,4.370390721331894,7.135141751307768,6.6845348594148115,7.023108656706673,6.866973887793728,,,,
537,168,90384,4.617210149765015,10376.231614589691,94.00901783041209,9400.901783041209,12667.595448956197,178.90833333333316,3087.785332581656,561.8375044295899,549.4155205928475,11138.800223182869,1528.79522577333,12667.595448956197,61.58333333333328,894.5416666666657,6.17557066516331,7.255160745953693,6.969115485507749,7.268852624124076,7.0523540452367985,,,,
538,168,90552,4.556482553482056,10406.507720947266,96.09540744644498,9609.540744644499,12605.606019049734,134.85500000000008,2861.2102744052363,543.2180898796472,531.6439377554609,11133.508406992507,1472.0976120572266,12605.606019049734,48.70833333333334,674.2750000000004,5.722420548810473,7.021687399749132,6.97591820040823,7.202080491759206,6.8574086415452955,,,,
539,168,90720,4.686377763748169,10436.12919306755,99.14981129844992,9914.981129844993,12696.67269086136,144.6991666666668,2636.9923943497006,534.9327695921409,523.2780867220107,11101.225567513162,1595.4471233481977,12696.67269086136,54.125000000000036,723.4958333333338,5.2739847886994005,6.95074948408761,6.473414477885551,7.121455562755808,6.87660356284171,,,,
540,168,90888,4.635659217834473,10465.932116746902,0.7493247672515224,74.9324767251519,10678.363865268933,236.96166666666653,10366.469721877116,880.5319459247069,834.9265771966158,9526.54277881395,1151.8210864549835,10678.363865268933,90.95833333333326,1184.8083333333325,20.73293944375423,4.274507662291056,1.866231712585065,6.6815001047422395,4.244632943661866,,,,
541,168,91056,4.630954027175903,10493.260063886642,80.60045793266697,8060.045793266697,10179.470054391328,186.20666666666673,1933.2175944579656,1269.630024056245,1249.8213190413258,8545.060657253322,1634.4093971380075,10179.470054391328,61.12500000000004,931.0333333333335,3.8664351889159314,5.112886218473605,7.700688634532734,6.546441490511542,7.6631099924681125,,,,
542,168,91224,4.532671928405762,10523.566065073013,84.67387153009778,8467.387153009779,12504.883496092443,198.96916666666692,3838.527176415996,515.3978116408072,491.20143874888305,11027.702757491445,1477.1807386009964,12504.883496092443,75.20833333333343,994.8458333333346,7.677054352831993,7.1967874521672925,5.57080599213389,7.0458727509567405,6.399877545352454,,,,
543,168,91392,4.558059453964233,10554.115228652954,96.16432200100081,9616.43220010008,12714.294434528216,152.4816666666664,2945.3805677614682,542.5534018944727,530.4996789259188,11120.432837606539,1593.8615969216767,12714.294434528216,55.74999999999988,762.408333333332,5.890761135522936,7.257060355716856,6.5309985454533415,7.2089654117297455,6.86973072281635,-0.00986328162252903,45.899497985839844,3.060375452041626,0.0027244784869253635
544,168,91560,4.609145879745483,10594.490296840668,103.67021491635137,10367.021491635136,12600.172617765558,137.26083333333332,2095.8902927970885,606.5306803240112,594.9101185822936,11031.457048368513,1568.7155693970453,12600.172617765558,49.16666666666668,686.3041666666667,4.191780585594176,6.81435960047876,6.865138030569471,6.993248735425329,7.0255301048566325,,,,
545,168,91728,4.493211507797241,10625.73267364502,95.73626377375933,9573.626377375931,12574.409270761007,156.11999999999995,2844.6628933850743,533.8006668766694,520.7758621421253,11069.442382814295,1504.9668879467106,12574.409270761007,57.208333333333314,780.5999999999997,5.68932578677015,6.957559943781854,6.702935501255379,7.164188980084385,6.958102003512089,,,,
546,168,91896,4.524317741394043,10656.369446277618,83.57631818424035,8357.631818424035,12697.66481898176,155.4141666666666,4184.61883389106,681.9254692428344,667.8262631336402,11100.738719404413,1596.9260995773473,12697.66481898176,58.916666666666636,777.0708333333329,8.36923766778212,7.206987465084415,6.337987537601077,7.410662213379583,6.567948750152869,,,,
547,168,92064,4.55016565322876,10687.778200864792,100.75606974020351,10075.60697402035,12492.999659862962,131.0816666666666,2286.311019175945,537.9653113089869,525.0038363183362,10884.417839996531,1608.5818198664292,12492.999659862962,48.9583333333333,655.408333333333,4.57262203835189,6.676975277414818,6.657541903133569,7.038900141338166,6.963851617022881,,,,
548,168,92232,4.53272557258606,10718.699741840363,99.00239761015396,9900.239761015397,12660.470271719907,165.88499999999982,2594.3455107045106,552.622450172902,540.8064713800268,11038.854784973282,1621.6154867466223,12660.470271719907,61.124999999999915,829.424999999999,5.188691021409021,6.920230004533693,6.430770004414345,7.127943248247107,6.936212982348531,,,,
549,168,92400,4.595717191696167,10749.362782001495,101.9135420106809,10191.354201068089,12680.096044707065,157.6516666666667,2331.0901769723096,544.8979285018565,532.4892682250768,11042.49121497169,1637.604829735375,12680.096044707065,59.250000000000036,788.2583333333334,4.662180353944619,6.682707240916427,6.326071353395666,7.027051482784408,7.019020292989732,,,,
550,168,92568,4.509681224822998,10781.953416585922,95.52375301379075,9552.375301379076,12606.463242137685,173.22416666666686,2880.8637740919417,528.2304698492824,515.0173641058716,11123.38069984967,1483.0825422880155,12606.463242137685,64.62500000000009,866.1208333333343,5.761727548183884,6.875237308025372,6.411105091628511,7.107517989065029,6.73647915218726,,,,
551,168,92736,4.47979736328125,10819.125808477402,96.04518688686889,9604.51868868689,12612.430201858813,164.23000000000002,2843.681513171925,538.1606610546388,526.4154330489405,11073.076940769894,1539.3532610889206,12612.430201858813,60.29166666666664,821.1499999999999,5.687363026343849,6.9576408129232385,6.55022119024729,7.183875552373254,6.860171572052268,0.10263939946889877,44.74433517456055,3.0585434436798096,0.0016039736801758409
552,168,92904,4.549823522567749,10861.590844869614,86.41373409383533,8641.373409383534,12571.4288701263,214.66416666666674,3715.3912940760983,579.9022314864463,562.5919009765695,11004.168000438855,1567.2608696874431,12571.4288701263,81.04166666666671,1073.3208333333337,7.430782588152196,6.077751905401339,5.519126110302691,7.213343116670615,6.580795314770517,,,,
553,168,93072,4.506808519363403,10898.194131851196,99.87376964461876,9987.376964461875,12589.580301240034,168.50666666666677,2433.6966701114907,520.021874916845,506.16244674393675,10964.195175398541,1625.3851258414923,12589.580301240034,63.750000000000085,842.5333333333339,4.867393340222981,7.786557804611952,6.0178970121210815,6.977766358198566,6.767465394476243,,,,
554,168,93240,4.506449460983276,10940.463463068008,102.69438957656163,10269.438957656164,12670.233074030377,163.26249999999982,2237.5316163742136,523.1475716380997,511.0766555435367,11121.071538375192,1549.1615356551847,12670.233074030377,60.1666666666666,816.3124999999991,4.475063232748427,7.022846691885434,6.553124358318299,6.978289296693761,6.842597810736235,,,,
555,168,93408,4.508082628250122,10978.157200574875,42.50263816054857,4250.263816054858,11315.062574840671,245.55250000000012,6819.246258785814,747.2925760357662,690.2004325689109,9975.210576340389,1339.8519985002843,11315.062574840671,91.37500000000006,1227.7625000000007,13.638492517571624,5.06094239788211,4.347809358153212,6.913074928683906,5.49206804415117,,,,
556,168,93576,4.567459344863892,11016.997513771057,93.24048432624969,9324.04843262497,12650.069588371538,158.87333333333325,3167.147822413237,565.7647428071743,553.322802868295,11077.812931206416,1572.2566571651237,12650.069588371538,59.08333333333329,794.3666666666661,6.334295644826474,6.595325866724645,6.53757808511124,7.241702062783919,6.869747223158815,,,,
557,168,93744,4.464856386184692,11052.732378959656,88.50102814123063,8850.102814123064,12647.80550075489,193.1250000000001,3604.5776866318256,562.450915650202,541.5703048284188,11081.691362831334,1566.1141379235546,12647.80550075489,67.16666666666671,965.6250000000006,7.20915537326365,6.939149156472079,6.720813197037855,7.237166474189773,7.470380574254483,,,,
558,168,93912,4.5082643032073975,11092.949158668518,93.27331914902564,9327.331914902563,12648.574854863939,205.71666666666664,3115.5262732947085,588.8036023048844,574.2655153890294,11126.129098613612,1522.4457562503262,12648.574854863939,74.70833333333333,1028.583333333333,6.231052546589417,6.8777829782435855,6.570068935001554,7.177982406978712,6.728023292080843,,,,
559,168,94080,4.458048582077026,11130.217148303986,64.39175621208256,6439.175621208255,12583.561807013319,208.20249999999976,5936.183685805065,537.816821797523,500.14469307685715,11143.428483207186,1440.1333238061318,12583.561807013319,80.70833333333324,1041.0124999999987,11.872367371610128,7.135242191129249,1.6609190415282669,7.203201446962326,5.91600286415808,-0.05462498217821121,38.810142517089844,3.0696797370910645,0.004694377537816763
560,168,94248,4.5182108879089355,11166.14181303978,89.68706510303107,8968.706510303107,12700.589463432334,188.2324999999998,3543.650453129226,580.1773169599239,567.9729815723778,11172.328053017223,1528.2614104151103,12700.589463432334,68.08333333333323,941.162499999999,7.087300906258451,7.285629304597157,6.385597949624868,7.322747049756936,6.812757374907978,,,,
561,168,94416,4.484046697616577,11197.988474369049,100.86483976723886,10086.483976723886,12684.838119861644,117.61833333333333,2480.735809804426,527.7981160425331,516.3233902491256,11089.34932309873,1595.4887967629154,12684.838119861644,43.70833333333333,588.0916666666667,4.961471619608852,6.985083675208499,6.733947879561848,7.108581607955381,6.892471657908405,,,,
562,168,94584,4.545335292816162,11230.446585178375,99.61003931312445,9961.003931312443,12610.011589271417,147.61916666666642,2501.3884912923077,524.8451911285317,513.0754739803782,11048.625493581027,1561.3860956903914,12610.011589271417,53.74999999999989,738.0958333333322,5.0027769825846145,6.833947329094979,6.725054700488271,7.106552699091681,6.970994417779286,,,,
563,168,94752,4.592200994491577,11262.874496459961,95.58506933707764,9558.506933707766,12862.950824357686,158.75750000000022,3145.686390649922,582.1151984330309,570.1359746437023,11169.115224602114,1693.8355997555725,12862.950824357686,56.7083333333334,793.787500000001,6.2913727812998435,7.245401491796525,6.520548045116464,7.290642817595222,7.059900868244286,,,,
564,168,94920,4.541410207748413,11295.337359428406,99.43184648375222,9943.184648375223,12714.513792721606,149.3424999999998,2621.9866443463843,521.6966334625331,510.11400305845376,11108.09406411781,1606.4197286037972,12714.513792721606,54.91666666666659,746.7124999999991,5.243973288692769,7.1235159479520425,6.539672539937702,7.126143206331996,6.875410877166706,,,,
565,168,95088,4.47924280166626,11323.220524072647,96.14158613706402,9614.158613706402,12458.657530696315,168.75000000000017,2675.748916989913,528.2222014118338,515.897547542402,11112.23719905617,1346.4203316401465,12458.657530696315,56.58333333333338,843.7500000000007,5.351497833979827,6.993552452238771,7.310581829202993,7.164193953478914,7.244772713445167,,,,
566,168,95256,4.509385108947754,11355.127479314804,84.08927865800865,8408.927865800866,9997.682915864933,167.11583333333334,1421.6392167307347,1326.067529570335,1312.6908323997068,8353.295986804551,1644.3869290603811,9997.682915864933,59.74999999999997,835.5791666666667,2.84327843346147,4.9338263538768485,7.096838720526583,6.379562585530055,6.865386331216084,,,,
567,168,95424,4.546287298202515,11387.023663043976,39.41705741403573,3941.705741403572,12281.67707761216,222.93916666666655,8117.032169541921,547.8176694467172,452.24208117807325,11065.105389206437,1216.5716884057208,12281.67707761216,85.20833333333326,1114.6958333333328,16.234064339083844,6.789594531322023,2.157630990101842,7.15934776909001,5.185194659398763,-0.02117701806128025,39.26080322265625,3.0377461910247803,0.003474366618320346
568,168,95592,4.55575704574585,11420.173052310944,96.1095859161827,9610.95859161827,12718.450323957455,159.3250000000001,2948.1667323391866,568.5758624178083,557.8887652020487,11123.38559129935,1595.0647326581059,12718.450323957455,57.666666666666714,796.6250000000003,5.8963334646783725,7.02755506644635,6.5218691046756545,7.239823397566237,6.931420607856144,,,,
569,168,95760,4.771889686584473,11450.735571622849,87.22713284766354,8722.713284766352,12711.251105684027,176.5199999999997,3812.017820917673,639.7063448229314,625.2054901993445,11115.113009380024,1596.138096304002,12711.251105684027,66.0833333333332,882.5999999999984,7.624035641835346,7.005898356807112,6.254654694218535,7.313002677916516,6.6339952216118725,,,,
570,168,95928,4.667421340942383,11481.904910326004,98.8309977057497,9883.099770574969,12753.065871297684,133.18333333333322,2736.7827673893808,517.3577807494813,504.7005784371918,11102.436545453122,1650.6293258445605,12753.065871297684,52.66666666666661,665.9166666666661,5.473565534778762,6.896148748301563,6.036152814619578,7.095573971188641,6.789533270350277,,,,
571,168,96096,4.681825876235962,11519.486295223236,97.74740931529334,9774.740931529333,12683.006854093523,190.32083333333327,2717.945089230856,563.0009108006384,551.1830840310716,11157.44034591562,1525.5665081779046,12683.006854093523,64.20833333333329,951.6041666666663,5.435890178461712,7.063622325258714,7.244064798531341,7.175967541381668,7.060564002021517,,,,
572,168,96264,4.658247232437134,11553.128643989563,93.10626374118412,9310.626374118414,12665.065937755136,165.4133333333334,3189.0262303033896,532.785635118006,519.5782109278788,11095.115906795018,1569.950030960119,12665.065937755136,62.58333333333337,827.066666666667,6.37805246060678,7.024995733585697,6.255258391304942,7.176696090973686,6.672692928645809,,,,
573,168,96432,4.649791479110718,11588.937195062637,105.80105934477524,10580.105934477524,12712.36906336096,152.12833333333327,1980.1347955501037,666.5199353040155,654.9109043328044,11077.521376845572,1634.8476865153898,12712.36906336096,54.58333333333327,760.6416666666662,3.9602695911002073,7.141544480525512,6.6835412948040265,6.929669088947884,6.979817039597061,,,,
574,168,96600,4.709804058074951,11624.187608718872,103.89404888809513,10389.404888809513,12544.529313549028,166.98250000000004,1988.1419247395133,1117.127392818642,1101.6361819570752,10716.598785126684,1827.9305284223433,12544.529313549028,63.83333333333338,834.9125000000003,3.976283849479026,7.050348719174656,5.946115143360259,6.634086284579093,6.716618801782705,,,,
575,168,96768,4.595614194869995,11662.819838285446,98.61234275503861,9861.234275503859,12651.073234737736,100.80583333333335,2689.0331259005416,532.4912083629906,520.468417702531,11122.450469817104,1528.6227649206294,12651.073234737736,35.20833333333333,504.0291666666667,5.378066251801083,7.034468626592997,7.023626945466546,7.168007569780834,7.161196187134736,-0.01939673162996769,39.6185302734375,3.016023635864258,0.0015755494823679328
576,168,96936,4.492088556289673,11695.661486387253,87.74904828568815,8774.904828568815,12685.328644148056,151.01083333333332,3759.412982245909,687.2240457541254,674.5687897771807,11028.305468398536,1657.0231757495221,12685.328644148056,57.62499999999999,755.0541666666666,7.518825964491818,6.912771468579391,6.286566639398606,7.383237020481411,6.735167718633492,,,,
577,168,97104,4.4562013149261475,11727.855685710907,15.732244221316414,1573.224422131641,12272.845859618521,208.83750000000003,10490.78393748688,521.5913538251559,483.8336391411584,11060.623905045017,1212.2219545735052,12272.845859618521,83.66666666666669,1044.1875,20.981567874973763,6.8542109611378175,1.446273340458226,7.120260520677497,4.492209572587277,,,,
578,168,97272,4.546968698501587,11765.742835521698,97.66102347170806,9766.102347170807,12793.110172704757,155.36083333333323,2871.6469922006186,540.9301937309336,529.3289091166946,11142.62543127616,1650.4847414285973,12793.110172704757,57.12499999999993,776.8041666666662,5.743293984401237,7.069048426838044,6.429742902542175,7.203913693935032,6.922439715939375,,,,
579,168,97440,4.515636682510376,11803.548750638962,85.71280877040644,8571.280877040645,12491.391087640335,161.15166666666676,3758.958543933024,507.3436378472459,473.52414577463566,11074.850018619036,1416.5410690213,12491.391087640335,63.37500000000005,805.7583333333337,7.5179170878660475,6.984614398317666,5.443725674604565,7.054807430565195,6.336861514319292,,,,
580,168,97608,4.572908401489258,11842.719210147858,62.634206348334246,6263.420634833425,10017.345010882116,194.1899999999997,3559.73437604869,826.9073121355592,811.489564347752,8494.784046501769,1522.5609643803468,10017.345010882116,66.37499999999991,970.9499999999985,7.119468752097381,2.309559916272308,7.950187767993086,6.1895552635945545,7.035567057779371,,,,
581,168,97776,4.602234601974487,11878.41932606697,96.93479027357262,9693.479027357262,12703.813575844926,151.64583333333337,2858.6887151543306,544.5279914808534,531.8063715866738,11094.686982553867,1609.1265932910578,12703.813575844926,54.87500000000001,758.2291666666669,5.717377430308661,6.97170070625491,6.6895246762300795,7.197831391369887,6.969798025303912,,,,
582,168,97944,4.488861322402954,11913.891120910645,93.74572095816049,9374.57209581605,12586.371549000323,170.63583333333344,3041.163619850942,533.4930919404335,519.1095605275334,11045.107432862213,1541.2641161381111,12586.371549000323,63.83333333333337,853.179166666667,6.0823272397018835,6.693785834961924,6.39140475428915,7.161064384484597,6.823553897528482,,,,
583,168,98112,4.455022096633911,11950.939144849777,92.16470560054648,9216.470560054646,12762.67138622025,152.09583333333336,3394.10499283227,558.5608524979225,542.8833591611643,11154.618805977885,1608.052580242366,12762.67138622025,56.79166666666666,760.4791666666666,6.78820998566454,7.172670557632072,6.555448489408486,7.270848113803227,6.790123066044113,0.06628268957138062,51.74639129638672,3.0367794036865234,0.002385537838563323
584,168,98280,4.544037818908691,11987.802913188934,90.30337920570454,9030.337920570455,12832.761379321391,151.18166666666656,3651.2417920842713,600.8356933078134,583.9820873047234,11162.88166008869,1669.879719232705,12832.761379321391,52.74999999999995,755.9083333333326,7.302483584168542,7.374951161620405,6.614196030238471,7.371091142685272,7.342210549176967,,,,
585,168,98448,4.594137907028198,12020.280602931976,90.55298947639973,9055.298947639973,12789.216657939704,200.77999999999986,3533.137710299731,605.7297204009204,593.5438074663509,11175.288248750338,1613.9284091893674,12789.216657939704,72.62499999999997,1003.8999999999992,7.066275420599463,7.195681342487811,6.280923406923252,7.3465632113524855,6.794561815380673,,,,
586,168,98616,4.503636360168457,12054.701190710068,96.35854751745745,9635.854751745746,12714.033241212179,130.83666666666656,2947.3418227997663,547.2933967437004,535.3172150313005,11118.866024643601,1595.1672165685777,12714.033241212179,48.041666666666586,654.1833333333327,5.8946836455995335,7.168591887603428,6.612176730120342,7.230991097494193,6.905543167941017,,,,
587,168,98784,4.505362033843994,12087.336280822754,85.58256429959995,8558.256429959994,12941.177413823425,147.2091666666666,4235.711817196763,945.2227084817491,932.9914841937152,11169.902295873808,1771.275117949618,12941.177413823425,51.74999999999997,736.0458333333329,8.471423634393526,7.41758397356956,6.616993510405568,7.605365881426834,6.9315817239801625,,,,
588,168,98952,4.5112714767456055,12123.874331235886,51.612636291671116,5161.263629167111,12578.902745561632,201.3375000000003,7216.301616394522,562.5108102803712,538.6418965914924,11154.908237287622,1423.9945082740123,12578.902745561632,76.45833333333347,1006.6875000000011,14.432603232789045,7.080068156418352,2.3382958755720584,7.273694630056329,5.617250958834949,,,,
589,168,99120,4.608144283294678,12161.483876943588,88.42739571253614,8842.739571253613,12422.23986401591,146.77333333333314,3432.726959428962,609.8061427185038,598.4632692108431,10943.6555903015,1478.5842737144108,12422.23986401591,50.041666666666615,733.8666666666658,6.865453918857925,8.146639664311103,6.940757701947576,7.380039050276902,6.857842971168206,,,,
590,168,99288,4.574982643127441,12191.730892419815,89.45826197692341,8945.826197692342,12687.112285657395,155.75083333333328,3585.5352546317213,570.0681567502212,555.800506475227,11110.485372513498,1576.6269131438971,12687.112285657395,59.166666666666636,778.7541666666663,7.171070509263442,6.888941739009689,6.384581710597585,7.259840873243324,6.699502056162027,,,,
591,168,99456,4.5417420864105225,12222.620488882065,87.48916817372478,8748.916817372477,12695.321710567809,178.53583333333327,3767.869059861997,812.0738757482766,799.4100800167708,10998.969020631203,1696.3526899366047,12695.321710567809,64.5,892.6791666666663,7.5357381197239945,6.918873776686075,6.510722429194373,7.456390184324901,6.941823011273224,-0.04768296331167221,37.99384307861328,3.0406389236450195,0.0034474811982363462
592,168,99624,4.517463684082031,12255.24069571495,91.32642042534485,9132.642042534486,12769.154793089529,132.22166666666675,3504.2910838883763,624.686580836988,612.9062181192612,11188.012878622932,1581.1419144665947,12769.154793089529,46.58333333333334,661.1083333333336,7.008582167776753,7.380383804802824,6.777773856954959,7.3982655250905385,6.894035021790306,,,,
593,168,99792,4.494393825531006,12291.841896533966,93.66662692828478,9366.662692828479,12726.547181484977,174.19333333333338,3185.6911553231657,575.766929996907,564.40957195945,11193.711010989107,1532.8361704958695,12726.547181484977,61.41666666666669,870.9666666666669,6.371382310646332,7.300341105054068,6.713556930092286,7.299215300049703,6.825101780103109,,,,
594,168,99960,4.521115779876709,12332.669046640396,94.8903133730786,9489.03133730786,12754.281452095329,163.47666666666652,3101.7734481208026,568.4055014049037,556.5129595452686,11127.736896654082,1626.544555441247,12754.281452095329,59.95833333333327,817.3833333333328,6.203546896241606,6.942618876327127,6.3904962818485185,7.275329582034141,6.96969676845844,,,,
595,168,100128,4.483879089355469,12373.377137899399,94.43169754372518,9443.169754372517,12741.597706487679,191.3375000000001,3107.09045211516,566.4403880642744,554.6452380547202,11202.658072536906,1538.9396339507725,12741.597706487679,68.75000000000006,956.6875000000005,6.214180904230321,7.142973209228758,6.450160297011013,7.2382423705425065,6.824133196535769,,,,
596,168,100296,4.5047643184661865,12410.922652244568,90.27516512167239,9027.51651216724,12708.643174380222,163.65500000000029,3517.4716622129827,560.3387287142612,544.5085056978626,11102.584281078716,1606.0588933015042,12708.643174380222,62.9166666666668,818.2750000000015,7.034943324425964,7.3598310646508125,5.548263686200959,7.260762011011753,6.7113752614011775,,,,
597,168,100464,4.4839277267456055,12448.853142023087,88.62649836016955,8862.649836016955,12649.239989769392,158.40833333333347,3628.181820419103,576.830226491615,563.7675713512691,11126.174810502442,1523.0651792669491,12649.239989769392,58.62500000000005,792.0416666666674,7.256363640838206,7.483443492270616,6.472548199846155,7.31105267449149,6.678363979051509,,,,
598,168,100632,4.553107976913452,12495.747674703598,93.68095774996888,9368.095774996887,12698.02573750521,173.38083333333304,3156.5491291749904,538.2354124186088,525.1366330630786,11105.7049775991,1592.3207599061104,12698.02573750521,65.24999999999987,866.9041666666653,6.3130982583499815,7.394984557966424,6.11766904259699,7.188318707479942,6.668003807943746,,,,
599,168,100800,4.530355453491211,12528.231674909592,91.3649919304562,9136.49919304562,12804.873803515458,169.3891666666667,3498.9854438031725,640.6617688068109,627.0360268706006,11220.499606048004,1584.3741974674524,12804.873803515458,56.91666666666667,846.9458333333336,6.997970887606345,7.467087949286009,6.795922100703502,7.377836331113601,7.211497956566573,0.03638312220573425,40.02190017700195,3.044701099395752,0.0024967812933027744
600,168,100968,4.508296489715576,12569.0893034935,91.04154355671545,9104.154355671544,12557.596158528006,124.86666666666675,3328.575136189797,594.2033246173071,581.1495828034673,11168.483579084446,1389.112579443562,12557.596158528006,40.500000000000014,624.3333333333337,6.657150272379594,7.416641303787006,7.453836699959021,7.35153997766867,7.252284243475664,,,,
601,168,101136,4.486100435256958,12607.870300769806,98.61290614478418,9861.290614478417,12539.414601236342,158.45083333333352,2519.6731534245923,518.0451801115244,501.7080511561135,11098.174207449454,1441.2403937868876,12539.414601236342,53.541666666666764,792.2541666666675,5.039346306849185,6.813572338559635,7.0932990698220975,7.080559325047026,7.6033749761771405,,,,
602,168,101304,4.500852584838867,12647.573489904404,84.02113637101482,8402.113637101484,12698.138962890589,189.4575,4106.567825789109,708.208970846423,694.0250878888814,11190.479223264902,1507.6597396256896,12698.138962890589,66.95833333333334,947.2874999999999,8.213135651578218,7.233997060893652,7.041626831036101,7.44917929935036,6.719314467494629,,,,
603,168,101472,4.446713209152222,12696.87542462349,89.52148602981057,8952.148602981059,12538.020920600768,195.8208333333335,3390.0514842863768,546.1945379458039,533.3790829834965,11071.027280385275,1466.9936402154935,12538.020920600768,69.875,979.1041666666674,6.780102968572754,8.100554048174159,6.783056864336375,7.227116364486293,6.6015688756107265,,,,
604,168,101640,4.4421937465667725,12738.63873052597,86.60768034536588,8660.768034536588,12588.330926225419,150.02499999999992,3777.5378916888294,708.0746041479812,693.0433972236149,11102.227236602099,1486.1036896233195,12588.330926225419,48.49999999999998,750.1249999999995,7.555075783377658,7.099386896845145,7.346514050662115,7.476369603676982,7.506220993385311,,,,
605,168,101808,4.520107746124268,12781.255156755447,98.79460953435992,9879.460953435992,12563.312758288816,166.23083333333324,2517.62097151949,532.9537503860196,521.5109429183384,11047.275774917696,1516.0369833711197,12563.312758288816,60.16666666666662,831.154166666666,5.035241943038979,6.762523889818984,6.756878041744614,7.11382726457561,6.800556978446382,,,,
606,168,101976,4.449512004852295,12819.148620843887,94.17148649882559,9417.148649882558,12785.762393298503,160.9108333333332,3207.7029100826117,551.2626108140948,538.0866369290684,11167.986745016973,1617.7756482815296,12785.762393298503,59.833333333333286,804.5541666666659,6.4154058201652235,7.258964076851721,6.2814388466728435,7.233255330456348,6.909971226885547,,,,
607,168,102144,4.503818035125732,12864.957364320755,92.42504975279157,9242.504975279156,12696.049461172352,132.18916666666667,3321.35531922653,570.9217363214027,558.5880713045997,11146.120212656107,1549.9292485162446,12696.049461172352,48.79166666666666,660.9458333333334,6.64271063845306,7.322715054483735,6.669423606023971,7.302379756609092,6.767319045231398,-0.08255784213542938,30.659923553466797,3.0273513793945312,0.0026037474162876606
608,168,102312,4.578363418579102,12899.94122171402,95.54985802216072,9554.985802216073,12628.870561186417,117.22916666666663,2956.6555923036785,560.2742788652172,546.7868915465938,11128.677975135055,1500.1925860513632,12628.870561186417,39.99999999999999,586.145833333333,5.913311184607357,6.91661398133221,7.087672994327562,7.239677073175998,7.3432667375847105,,,,
609,168,102480,4.553165674209595,12948.976210594177,96.26493580145245,9626.493580145245,12763.875497423403,169.36916666666687,2968.0127506114923,529.3832793760066,515.922093907852,11185.308330650842,1578.5671667725633,12763.875497423403,62.666666666666714,846.8458333333342,5.936025501222986,7.164653860049288,6.486134112902038,7.119114174768056,6.75152826463035,,,,
610,168,102648,4.532082557678223,12989.664972543716,87.09958525555888,8709.958525555887,12765.201397946617,172.01499999999993,3883.227872390729,686.5156367818165,674.0244632665549,11141.39654200045,1623.804855946168,12765.201397946617,62.62499999999998,860.0749999999996,7.766455744781458,7.194554631861263,6.486113054069018,7.422170478841606,6.727865387462676,,,,
611,168,102816,4.561647415161133,13030.115036964417,87.53700562396358,8753.700562396358,12801.571068607816,137.88750000000005,3909.9830062114584,716.426665653961,704.2583496105037,11196.51200858584,1605.0590600219757,12801.571068607816,45.95833333333336,689.4375000000002,7.819966012422917,7.481904636588634,6.908360317917399,7.517631933326917,7.06175716425257,,,,
612,168,102984,4.4685118198394775,13068.145902872086,89.57479698924416,8957.479698924417,12663.016307723048,184.5733333333335,3520.9632754652976,559.7940623354459,545.8059134158252,11139.182478166767,1523.8338295562803,12663.016307723048,68.33333333333339,922.8666666666674,7.0419265509305955,7.188156622440688,6.3476041926173234,7.26279807163718,6.59970941849704,,,,
613,168,103152,4.612191677093506,13106.606158733368,91.3774521039471,9137.74521039471,12662.374161024487,144.64250000000015,3379.9864506297763,641.2523527347794,627.4993208971198,11155.08111304609,1507.2930479783972,12662.374161024487,47.5833333333334,723.2125000000008,6.7599729012595535,7.194214189146417,7.188996562477313,7.360734262549151,7.329788091009541,,,,
614,168,103320,4.539517879486084,13145.457857608795,96.93761072404824,9693.761072404825,12639.29302953123,185.18333333333356,2760.348623793074,552.3296028755962,539.0639677489175,11103.747961727135,1535.545067804095,12639.29302953123,64.20833333333343,925.9166666666678,5.520697247586147,6.907040018793697,6.816608234653371,7.188293892618309,7.242583848893498,,,,
615,168,103488,4.4657933712005615,13185.070098638535,92.90231776818706,9290.231776818706,12688.311483564536,131.24166666666662,3266.838040079163,562.3794982393024,550.6909186419572,11151.020989044584,1537.2904945199498,12688.311483564536,48.62499999999998,656.208333333333,6.533676080158326,7.32638646033468,6.679674893013098,7.272156632900354,6.712850352787273,-0.0716342106461525,33.04902648925781,3.0272274017333984,0.0029393075965344906
616,168,103656,4.418581962585449,13225.609172582626,93.33406235554088,9333.406235554088,12669.755059223582,161.25499999999997,3175.0938236694924,579.9279393914787,568.7356071845122,11196.798663405149,1472.9563958184344,12669.755059223582,56.5,806.2749999999999,6.350187647338985,7.2548930022753755,6.832967979727225,7.2999110109378265,6.854193298353119,,,,
617,168,103824,4.4424357414245605,13266.479810476303,86.76644617753885,8676.644617753886,12864.280512793572,174.14666666666665,4013.4892283730196,686.0467829827838,673.3396507036709,11188.397755841457,1675.8827569521154,12864.280512793572,63.41666666666669,870.7333333333332,8.02697845674604,7.474496660471097,6.213191203987896,7.478453149294047,6.817675571331893,,,,
618,168,103992,4.46100640296936,13307.55899477005,95.80527021926804,9580.527021926806,12792.17285049256,171.37583333333333,3040.269995232421,549.8253271461584,537.7392382503425,11186.259025744508,1605.9138247480523,12792.17285049256,62.29166666666664,856.8791666666667,6.0805399904648425,7.157278093735617,6.478080667470358,7.208981225501689,6.843742174209907,,,,
619,168,104160,4.495891332626343,13350.364451885223,77.63926608554758,7763.926608554756,12524.781805634633,196.96666666666664,4563.88853041321,562.1672666056456,528.676603738535,11096.601050747362,1428.1807548872725,12524.781805634633,72.95833333333337,984.8333333333333,9.12777706082642,8.201745839287428,5.122291574017237,7.269657069199029,6.343943599421064,,,,
620,168,104328,4.494629859924316,13390.686805963516,92.37952015373574,9237.952015373574,12580.411741152422,150.71499999999997,3191.744725778848,582.5526927035587,570.7386916842072,11156.472353094428,1423.939388057995,12580.411741152422,49.91666666666666,753.5749999999998,6.383489451557696,7.226886384989041,7.359153806006848,7.312048559584202,7.135475770874469,,,,
621,168,104496,4.517402172088623,13429.650956630707,88.61970468723237,8861.970468723237,12755.458772579914,168.93166666666667,3724.5566371900104,730.2987502777016,718.4860546569571,11160.419486235554,1595.0392863443585,12755.458772579914,58.58333333333333,844.6583333333333,7.449113274380021,7.4067573289506505,6.739038550639289,7.462852889328913,6.926140254293898,,,,
622,168,104664,4.498055934906006,13468.710088014603,95.23098532014541,9523.098532014537,12675.860844802686,131.525,3021.237312788147,553.9179337845165,542.7316189407774,11133.469089735652,1542.391755067034,12675.860844802686,47.08333333333333,657.625,6.042474625576293,7.557654599146578,6.674278109831126,7.259169343661529,6.898237808614645,,,,
623,168,104832,4.474399566650391,13510.28889632225,93.91216179834058,9391.216179834058,12689.112889922719,137.10000000000008,3160.7967100886613,583.1142840044846,572.3476914916967,11101.77755392002,1587.3353360026995,12689.112889922719,51.1666666666667,685.5000000000005,6.321593420177322,7.059805941697214,6.5804318678854115,7.267228508923107,6.7817646888337295,0.022552574053406715,41.89488220214844,3.0324597358703613,0.002683109836652875
624,168,105000,4.463273286819458,13553.0814743042,93.33792168955634,9333.792168955635,12707.061073616718,151.61416666666648,3221.6547379944177,543.8543869993465,530.7104241394231,11161.219044454589,1545.8420291621292,12707.061073616718,55.416666666666615,758.0708333333323,6.443309475988836,7.085972659901195,7.014385498631527,7.215071956252359,6.726908694829046,,,,
625,168,105168,4.496170997619629,13597.522210597992,92.30372935683474,9230.372935683474,12737.392212958426,155.79666666666657,3351.2226106082853,604.2173781985899,592.395317402298,11192.470030172695,1544.92218278573,12737.392212958426,53.12499999999996,778.9833333333329,6.70244522121657,7.388176627268067,6.880854175476213,7.357051371923817,7.0018968913933755,,,,
626,168,105336,4.473540306091309,13632.460064411163,89.67988234082027,8967.988234082028,12754.44158323314,170.40583333333336,3616.0475158177796,610.2405035991277,597.3536555149108,11156.26310871276,1598.178474520383,12754.44158323314,61.45833333333333,852.0291666666667,7.23209503163556,7.284168886119693,6.479713097601571,7.374616770726847,6.96937603529831,,,,
627,168,105504,4.527384519577026,13675.397877931595,89.40113347052264,8940.113347052262,12806.136765941232,136.52499999999986,3729.4984188889675,683.66398356734,672.1343385543262,11190.05315176222,1616.083614179011,12806.136765941232,48.08333333333327,682.6249999999993,7.458996837777935,7.260152968428474,6.766297772850599,7.463182890053718,6.849155705373515,,,,
628,168,105672,4.537703275680542,13717.005920648575,92.6838493838313,9268.38493838313,12582.801687528887,157.34083333333336,3157.075915812424,578.6992018967273,566.7447362611503,11140.05970081097,1442.741986717916,12582.801687528887,52.99999999999999,786.7041666666667,6.314151831624846,7.248168562129317,7.065748651867307,7.302226360891276,7.133614803523859,,,,
629,168,105840,4.506377458572388,13759.567042589188,94.99892657477885,9499.892657477885,12755.631835674687,128.01999999999998,3127.719178196802,583.7226957954313,571.6983030204217,11107.504922872733,1648.1269128019555,12755.631835674687,47.24999999999999,640.0999999999998,6.255438356393605,7.260656916155782,6.574055618565964,7.285443382190811,6.934741653489249,,,,
630,168,106008,4.4847939014434814,13801.185549259186,87.57545216940383,8757.545216940383,10513.162927107118,156.66333333333364,1598.9543768334024,1028.7214161660722,1015.6945318639396,8839.359657291014,1673.803269816106,10513.162927107118,55.125000000000114,783.3166666666681,3.1979087536668045,4.938122424743217,6.999918842558251,6.490419444799836,7.042111258746859,,,,
631,168,106176,4.706346750259399,13844.333203554153,95.85568784863635,9585.568784863635,12725.164589572109,163.35916666666674,2976.236638041808,547.9778649604654,535.9519391119052,11104.538539237918,1620.6260503341919,12725.164589572109,60.91666666666672,816.7958333333336,5.952473276083616,6.977071856268117,6.375066934976534,7.1941621526947515,6.821944197183822,-0.07072871923446655,36.18867874145508,3.0302860736846924,0.002394346287474036
632,168,106344,4.7440948486328125,13884.419663906097,97.90347234206436,9790.347234206438,12673.587802002496,160.50666666666703,2722.7339011293925,531.886976469468,520.4476220654149,11081.083878233101,1592.503923769396,12673.587802002496,57.58333333333345,802.5333333333353,5.445467802258785,7.383023798988099,6.61465154524311,7.163698159116881,6.9230025267497695,,,,
633,168,106512,4.571518421173096,13927.157619714737,81.34058932092839,8134.058932092839,12565.62854859548,196.2416666666668,4235.3279498359725,568.7191091122706,539.2748517566057,11141.239946294761,1424.3886023007176,12565.62854859548,73.04166666666674,981.2083333333339,8.470655899671945,7.470328981284208,5.559313728489671,7.294305981728306,6.697672976626222,,,,
634,168,106680,4.701659440994263,13968.197654008865,90.7029431880787,9070.294318807872,12525.658599156739,143.91416666666686,3311.4501136822014,588.8295110011101,575.7689282269907,11163.50270144792,1362.1558977088184,12525.658599156739,48.62500000000004,719.5708333333345,6.622900227364402,7.240987486257809,7.500529169698726,7.335681734660905,7.142796955677814,,,,
635,168,106848,4.62555193901062,14009.441581249237,91.4231910168873,9142.319101688729,12777.517538622238,130.1116666666666,3505.086770266843,587.0437519478062,575.0472140298257,11162.60587676969,1614.9116618525495,12777.517538622238,48.124999999999986,650.5583333333329,7.010173540533686,7.459120120832352,6.5624019861275125,7.3387200792868965,6.786365437217631,,,,
636,168,107016,4.628476858139038,14052.007456541061,61.97486958684234,6197.486958684234,12618.630106642235,175.03666666666703,6246.1064812913355,562.0450553540595,541.2655099968702,11133.295544590586,1485.3345620516493,12618.630106642235,70.12500000000014,875.1833333333351,12.49221296258267,7.479679206675931,1.5836230513276524,7.251171059535032,5.840319287309112,,,,
637,168,107184,4.777092218399048,14094.028662204742,87.42121932523078,8742.121932523078,12735.606086109923,162.78333333333353,3830.700820253511,641.313028159588,628.9222914720077,11171.873455311157,1563.7326307987648,12735.606086109923,59.50000000000006,813.9166666666677,7.661401640507021,7.450842749552856,6.470044235880711,7.3905018819998505,6.710063067780779,,,,
638,168,107352,4.465301275253296,14133.846686840057,93.9050647323507,9390.50647323507,12778.809379676582,153.8600000000002,3234.442906441512,568.2274762379611,556.9799315824511,11176.2376099598,1602.5717697167802,12778.809379676582,56.208333333333414,769.300000000001,6.468885812883023,7.267663803772074,6.4747575262282995,7.288458204975463,6.816744866536301,,,,
639,168,107520,4.373088836669922,14174.329197883606,78.81431608886814,7881.431608886814,12680.65297095685,198.3591666666668,4600.86219540337,586.2392386436084,567.7314851710141,11141.955304327203,1538.6976666296464,12680.65297095685,73.62500000000006,991.795833333334,9.201724390806739,7.546083356788903,4.88621051505153,7.334615808431679,6.636649760365721,-0.11183987557888031,37.01701736450195,3.020709276199341,0.004676435142755508
640,168,107688,4.370497226715088,14215.477607488632,86.1344072580988,8613.44072580988,12617.250730617894,216.51416666666668,3787.2958381413473,551.1875958060452,523.2124774847598,11163.997101238343,1453.2536293795522,12617.250730617894,80.04166666666666,1082.5708333333334,7.5745916762826955,6.713481601856954,5.941876446868173,7.2284190261202,6.658003398277266,,,,
641,168,107856,4.392368316650391,14256.556703329086,93.33736805793124,9333.736805793123,12690.191991094409,176.60250000000033,3179.852685301282,574.3891431445878,562.7102339587973,11161.967051596628,1528.224939497779,12690.191991094409,60.91666666666676,883.0125000000016,6.359705370602564,7.218705961487399,7.081805632142823,7.301401866160626,6.910923455837341,,,,
642,168,108024,4.381605625152588,14296.854490756989,79.93533419897442,7993.5334198974415,9952.830065153355,220.67083333333312,1738.6258119225813,1552.9685156358607,1536.137630401473,8246.775568150908,1706.0544970024484,9952.830065153355,78.04166666666657,1103.3541666666656,3.477251623845162,5.074125476526571,7.052936719061227,6.486631544104931,6.818826108738419,,,,
643,168,108192,4.356622219085693,14337.663492441177,65.9440387958842,6594.40387958842,12589.729383964514,206.4941666666663,5788.831337709427,664.0829246399803,646.0447125364376,11020.655148192414,1569.0742357720997,12589.729383964514,78.08333333333316,1032.4708333333315,11.577662675418855,8.15393959270217,1.689889227157447,7.476305711862987,6.195893795886166,,,,
644,168,108360,4.440486907958984,14377.263386011124,92.23848857688105,9223.848857688106,12622.629018646072,188.93583333333322,3209.8443276246308,546.829233112802,531.2776758254528,11085.561040444783,1537.0679782012867,12622.629018646072,71.37499999999997,944.679166666666,6.419688655249262,6.870283737655868,6.003097654098795,7.161885196859062,6.67879345884672,,,,
645,168,108528,4.357463598251343,14416.937510967255,98.2752421040048,9827.52421040048,12702.190443012101,156.30749999999986,2718.3587326116217,526.961188716853,515.4124374356309,11101.990465112669,1600.1999778994318,12702.190443012101,58.95833333333327,781.5374999999992,5.436717465223243,7.085652454075186,6.357382562527881,7.10830163481307,6.71114017115325,,,,
646,168,108696,4.3673789501190186,14459.045372962952,79.37227518765425,7937.227518765427,12732.590028088422,169.94999999999996,4625.412509322996,568.5671651568045,552.005886496255,11159.246190205315,1573.3438378831065,12732.590028088422,65.49999999999997,849.7499999999997,9.25082501864599,7.4299264415633495,2.225294926831671,7.294974279583926,6.4328475004946615,,,,
647,168,108864,4.425414800643921,14501.384019136429,93.02766771856324,9302.766771856323,12756.902461566191,202.84499999999997,3251.2906897098674,598.5271670928207,586.0906742300947,11159.102663231515,1597.7997983346768,12756.902461566191,69.75000000000003,1014.2249999999999,6.502581379419734,7.154755075439774,6.6747201667702285,7.322777451310634,7.138149311481235,0.06149885058403015,48.75870132446289,3.040834426879883,0.0034446516074240208
648,168,109032,4.39276909828186,14543.838985204697,93.63822824931952,9363.82282493195,12767.733926538545,122.26250000000007,3281.6486016065937,585.887267661502,574.315254338906,11159.82232557539,1607.911600963157,12767.733926538545,42.83333333333334,611.3125000000005,6.563297203213188,7.365729883559356,6.800572639372385,7.337616581165435,6.969733097176128,,,,
649,168,109200,4.284159183502197,14586.773655414581,91.17266696441979,9117.266696441977,12542.109714895589,144.77750000000003,3280.0655184536113,515.9142860609985,487.4882833016517,11075.550593280022,1466.559121615567,12542.109714895589,57.291666666666686,723.8875,6.560131036907223,7.21050638974064,5.9030734500139115,7.045337256700575,6.497823234058133,,,,
650,168,109368,4.383839845657349,14628.726610660553,80.35510084898657,8035.510084898657,12724.367428292437,207.14249999999993,4481.714843393778,594.050520300535,575.2711430398482,11166.882945931513,1557.4844823609228,12724.367428292437,77.20833333333329,1035.7124999999996,8.963429686787556,7.358093785918212,5.160351623555441,7.355220434759404,6.440437607141457,,,,
651,168,109536,4.375467777252197,14672.441097021103,91.15612989038779,9115.612989038778,12766.083648985954,152.7191666666665,3497.751493280508,628.2546866244138,616.6060345583014,11155.643459880514,1610.440189105439,12766.083648985954,54.54166666666659,763.5958333333324,6.995502986561016,7.2852028241970705,6.647475403039684,7.389482208009954,6.843417695136121,,,,
652,168,109704,4.308753728866577,14716.93606209755,96.73220323375244,9673.220323375244,12716.058437996735,160.9475,2881.890614621491,526.8260884116107,513.8937859989508,11125.437905082248,1590.6205329144873,12716.058437996735,60.70833333333333,804.7375,5.763781229242982,7.217565744102318,6.266423751596058,7.1277015468883285,6.6916661530578425,,,,
653,168,109872,4.303028583526611,14761.682088851929,75.66700497328884,7566.700497328884,12468.157972743054,158.8174999999999,4742.6399754141685,523.6364299896568,455.5700550490121,11138.514523974049,1329.6434487690033,12468.157972743054,62.29166666666663,794.0874999999994,9.485279950828337,7.1154675079182,5.661679674214233,7.132895614069794,6.136557982869207,,,,
654,168,110040,4.385005950927734,14806.43989443779,89.50625407208923,8950.625407208923,12706.11062163446,174.47999999999968,3581.005214425538,573.3067192424583,560.6975902709119,11158.654961235588,1547.4556603988726,12706.11062163446,64.62499999999986,872.3999999999985,7.162010428851074,7.461515683053403,6.313827880429426,7.285271385894261,6.635688951997327,,,,
655,168,110208,4.378397464752197,14849.453317403793,95.05177896541487,9505.177896541487,12609.873475565924,138.91833333333338,2965.7772456911034,540.9065270290153,529.9354440104945,11132.642300893662,1477.2311746722623,12609.873475565924,50.70833333333333,694.5916666666668,5.931554491382208,7.635479244899095,6.758796447303257,7.209918036138385,6.7739552069909825,-0.028547639027237892,36.849090576171875,3.0189156532287598,0.004519767127931118
656,168,110376,4.3817479610443115,14892.074784517288,89.13469312002266,8913.469312002264,12748.737050310981,180.7683333333333,3654.499404975383,599.2766112717429,586.3063491568598,11112.897346563994,1635.8397037469863,12748.737050310981,69.12499999999997,903.8416666666662,7.308998809950767,7.076669022731453,5.2870554564646435,7.314499171261071,6.65334734618218,,,,
657,168,110544,4.484199285507202,14935.177488327026,85.95034698988655,8595.034698988657,12711.17771233845,203.91333333333336,3912.2296800164613,624.9806160816552,608.4763790768707,11149.586457091284,1561.591255247166,12711.17771233845,73.70833333333331,1019.5666666666666,7.824459360032922,7.318750153514577,6.507950213993328,7.370728250084629,6.698035231538566,,,,
658,168,110712,4.353820085525513,14977.633341789246,87.63969238036415,8763.969238036414,12769.100749724195,135.79999999999973,3869.3315116877807,691.3738273155775,679.3436473758061,11182.390103541642,1586.710646182552,12769.100749724195,48.166666666666586,678.9999999999986,7.738663023375562,7.380521992697233,7.121545018864189,7.448668144929508,6.780224220020947,,,,
659,168,110880,4.337078809738159,15019.425348758698,94.44052899367742,9444.052899367744,12807.748176110355,143.28500000000014,3220.410276742613,576.684127684438,564.4902382037724,11172.512677419512,1635.2354986908426,12807.748176110355,51.125000000000064,716.4250000000008,6.440820553485225,7.220499696932517,6.614132295046108,7.313291208840816,7.089063009217013,,,,
660,168,111048,4.3730645179748535,15061.485351085663,80.06937486812598,8006.937486812597,12635.376243909712,198.09583333333353,4430.342923763782,565.610834070434,546.4069331812018,11074.70276861226,1560.673475297453,12635.376243909712,75.12500000000006,990.4791666666675,8.860685847527566,7.342243333718032,5.350923281205781,7.247270258755206,6.34462914286087,,,,
661,168,111216,4.352002143859863,15104.630411624908,86.62940986064206,8662.940986064204,12563.542754215834,164.01999999999992,3736.581768151629,561.298564334855,538.3855376947683,11055.957147414269,1507.5856068015648,12563.542754215834,63.58333333333327,820.0999999999996,7.473163536303258,7.259940125451323,5.2340980244807325,7.157142069820501,6.503744902721732,,,,
662,168,111384,4.346864700317383,15147.136772871017,97.79985862691862,9779.985862691863,12703.50744574046,154.25499999999965,2769.266583048598,527.2193682869256,514.4796547611745,11086.029253285615,1617.478192454846,12703.50744574046,59.66666666666651,771.274999999998,5.538533166097196,7.0154675170673615,5.880354606433186,7.131004105213224,6.8631862462347195,,,,
663,168,111552,4.385585069656372,15189.411071062088,87.48681656554346,8748.681656554347,12615.239165966934,137.6316666666668,3728.92584274592,526.3888896425619,493.857564666349,11134.83007995208,1480.4090860148542,12615.239165966934,55.291666666666714,688.158333333334,7.45785168549184,7.064747989450563,5.62888423996123,7.133130953505635,6.431208645977579,-0.052167557179927826,37.15326690673828,3.0161170959472656,0.00374385854229331
664,168,111720,4.403894662857056,15233.069260597229,78.29209276262925,7829.209276262926,12701.589477048288,209.8233333333329,4662.556867452029,624.5888550337675,597.9811022713304,11205.479253972455,1496.1102230758318,12701.589477048288,75.66666666666652,1049.1166666666645,9.325113734904058,7.535579914298967,6.558243385952114,7.378860949037119,6.514866892897918,,,,
665,168,111888,4.391354322433472,15275.467900514603,91.12716950666615,9112.716950666614,12713.490165559724,180.31916666666686,3420.454048226445,577.2057780815392,565.0933437308356,11153.308254075844,1560.181911483881,12713.490165559724,65.54166666666671,901.5958333333342,6.84090809645289,6.9329993142594155,6.550324852697791,7.301989705714502,6.7456247107028355,,,,
666,168,112056,4.338761806488037,15319.005194664001,93.88752637426681,9388.75263742668,12544.485738504223,171.04416666666674,2984.6889344108754,551.9096155384726,539.4235988310643,11165.838798523784,1378.6469399804384,12544.485738504223,57.75,855.2208333333338,5.969377868821751,7.32104332002268,7.222285692430023,7.2484514880618,7.133680008186921,,,,
667,168,112224,4.354418516159058,15361.7437748909,99.7938741728291,9979.387417282913,12697.249015900992,113.41000000000014,2604.4515986180795,524.9605253275762,512.3227539845104,11094.873755749588,1602.375260151405,12697.249015900992,40.5833333333334,567.0500000000006,5.208903197236159,7.048850234154086,6.788860067596893,7.143984746775493,7.216290755735237,,,,
668,168,112392,4.401381015777588,15405.057336091995,94.16294465008957,9416.294465008958,12775.425875615438,131.5816666666666,3227.549743939814,593.1192176878061,581.4536468980544,11119.963879065323,1655.4619965501165,12775.425875615438,47.916666666666636,657.9083333333328,6.455099487879629,7.290743949060168,6.646552154368653,7.311522930847784,6.951950762517805,,,,
669,168,112560,4.342642784118652,15448.18651342392,101.79126351121678,10179.126351121678,12503.584000203562,127.15916666666679,2197.298482415217,536.5412191642191,524.9075374936455,11070.423329794754,1433.1606704088078,12503.584000203562,45.000000000000014,635.7958333333339,4.394596964830434,6.935698072775189,7.171933931624985,7.027158494418638,7.013452696516279,,,,
670,168,112728,4.394917964935303,15490.21370768547,95.07830008045649,9507.830008045648,12636.043090906973,182.3599999999999,2945.8530828613248,574.2306995048043,562.6462933770745,11078.721562082012,1557.3215288249621,12636.043090906973,65.33333333333329,911.7999999999995,5.891706165722651,6.977515406772088,6.633607230371198,7.22939022310172,6.899722820448254,,,,
671,168,112896,4.3484907150268555,15533.584437847137,91.49573447446153,9149.573447446153,12712.981214492578,157.81333333333336,3405.5944337130913,560.6000066601075,545.4979130458468,11138.143208992928,1574.83800549965,12712.981214492578,61.291666666666686,789.0666666666668,6.811188867426182,7.134779908936908,5.811026717076952,7.181560414984771,6.555675818665006,-0.06257563829421997,34.612770080566406,2.998748302459717,0.0033232748974114656
672,168,113064,4.393151760101318,15578.4771630764,97.90374880604651,9790.37488060465,11993.965407712067,167.1874999999998,2036.4030271074166,577.3085968227747,562.8347698273899,10445.254863416347,1548.7105442957181,11993.965407712067,59.12499999999991,835.937499999999,4.0728060542148325,5.192724085019326,6.750391133865337,6.918789232475977,7.3482151165227245,,,,
673,168,113232,4.40732741355896,15621.835827112198,101.66594340695077,10166.594340695077,12620.219860681014,148.31916666666672,2305.3063533192694,530.0418896167838,518.2695973867394,11083.223087359826,1536.9967733211886,12620.219860681014,52.29166666666666,741.5958333333335,4.610612706638539,7.1636673611806225,7.250750003185783,7.053824117176362,6.896355375185162,,,,
674,168,113400,4.434393405914307,15665.551793813705,95.26066009719702,9526.066009719703,12751.504394833775,136.77499999999998,3088.6633851140728,576.1111522109861,564.554341544446,11114.484472556689,1637.0199222770862,12751.504394833775,50.41666666666666,683.8749999999999,6.177326770228146,7.1776899009840625,6.592412256005817,7.274934933080594,6.835713338565378,,,,
675,168,113568,4.416864633560181,15709.216551065445,70.05979328809491,7005.979328809492,12667.949600650263,203.11250000000027,5458.857771840772,613.1246407888649,587.4717352745195,11127.777523357545,1540.172077292719,12667.949600650263,77.04166666666677,1015.5625000000011,10.917715543681545,7.352016331989866,1.9537587541526167,7.365096073706688,6.296828864502006,,,,
676,168,113736,4.377112865447998,15753.004092931747,88.29045572511163,8829.045572511162,12520.76753662497,170.93583333333328,3520.786130780475,553.6400260912197,538.6682684264679,10975.756128362342,1545.0114082626285,12520.76753662497,63.208333333333286,854.6791666666663,7.041572261560949,8.095932078357846,6.2661538291319125,7.211202714039357,6.594075535593791,,,,
677,168,113904,4.3977696895599365,15798.707172870636,93.36108067910392,9336.108067910394,12821.43456791308,123.40583333333336,3361.9206666693535,590.9031724417671,578.4888608046597,11164.149308500258,1657.2852594128208,12821.43456791308,45.20833333333335,617.0291666666667,6.723841333338705,7.504908107265672,6.609407361515863,7.335264603957272,6.864807406462846,,,,
678,168,114072,4.496276140213013,15844.26911354065,101.00181603004444,10100.181603004445,12562.741874035208,201.52000000000015,2261.0402710307644,1109.4527933143834,1094.9509964254898,10742.412960779777,1820.3289132554305,12562.741874035208,71.08333333333337,1007.6000000000007,4.522080542061529,6.980067593869291,6.658418435589144,6.800645433159965,7.009836329998739,,,,
679,168,114240,4.394048452377319,15889.05897808075,89.29994168138107,8929.994168138108,12800.43680754587,204.92166666666665,3665.5209727410943,701.1029349953338,688.2091501674595,11157.821027756614,1642.615779789252,12800.43680754587,72.08333333333331,1024.6083333333331,7.331041945482189,7.401212836695461,6.367828095348396,7.434816948824112,7.064338748962136,-0.005693995859473944,46.197242736816406,2.98694109916687,0.002373769646510482
680,168,114408,4.415852785110474,15932.798993587494,93.37137173903787,9337.137173903786,12750.868918484963,143.88500000000005,3269.846744581177,611.1585155836597,599.3077126660096,11115.635982806582,1635.2329356783825,12750.868918484963,49.87500000000003,719.4250000000003,6.539693489162355,7.46243312687925,6.768483794967266,7.334547826174882,7.094068201969579,,,,
681,168,114576,4.403742551803589,15976.55116724968,99.75316072112122,9975.316072112124,12610.236041185097,127.7758333333334,2507.1441357396398,522.7859691867569,511.3971636326521,11123.621538265268,1486.6145029198278,12610.236041185097,44.666666666666664,638.8791666666668,5.01428827147928,7.101601762206368,7.0410023025646735,7.116353338823761,7.024272659257038,,,,
682,168,114744,4.37177848815918,16020.191631555557,93.51814753784748,9351.81475378475,12679.82441968707,181.6424999999996,3146.36716590232,540.1050722417291,527.7717206773036,11126.76443964001,1553.059980047059,12679.82441968707,67.54166666666649,908.2124999999977,6.29273433180464,7.350429467512139,6.22112412740631,7.195886654773768,6.661676323172569,,,,
683,168,114912,4.3696959018707275,16062.88544178009,102.33951836564901,10233.951836564902,12644.73593085842,132.88166666666658,2277.902427626852,506.53457692891175,494.6654843780971,11053.535623947424,1591.200306910997,12644.73593085842,50.91666666666662,664.4083333333328,4.5558048552537045,6.9426674400608395,6.490276190104491,7.000935123073994,6.78106031723588,,,,
684,168,115080,4.38578724861145,16107.122634649277,86.53086084925889,8653.08608492589,12737.972978680224,221.23500000000016,3863.651893754334,674.2713897170697,660.3910433539148,11134.586421277829,1603.386557402392,12737.972978680224,79.95833333333337,1106.1750000000006,7.727303787508667,7.1694195855710126,6.307168731403738,7.364888151069573,6.674589121308943,,,,
685,168,115248,4.4580605030059814,16150.204851150513,92.6412161229169,9264.121612291689,12676.374479658962,189.25250000000023,3223.000367367272,538.5119041502156,521.7745542545549,11094.372768014318,1582.0017116446434,12676.374479658962,71.66666666666676,946.2625000000011,6.446000734734544,6.941178444556179,5.777071339311861,7.134116990160682,6.756872181882034,,,,
686,168,115416,4.435319185256958,16193.49514222145,90.95849504341844,9095.849504341844,12582.639972280547,152.81083333333356,3333.979634605368,522.8774804886584,502.8210372116454,11103.376368201363,1479.2636040791829,12582.639972280547,59.583333333333414,764.0541666666677,6.667959269210737,7.191424018660276,5.948120148541751,7.123820316007647,6.517680798100054,,,,
687,168,115584,4.345319509506226,16236.744138479233,96.66760520898578,9666.760520898577,12619.706785752587,140.20583333333337,2812.7404315206772,532.4068954063232,520.9788213081597,11160.820104851977,1458.8866809006117,12619.706785752587,50.16666666666667,701.0291666666668,5.625480863041354,7.150639506309518,7.1780878019015475,7.1733765048440326,6.741222631583009,-0.023395929485559464,41.2691535949707,2.958937644958496,0.002083679661154747
688,168,115752,4.3926262855529785,16281.540976285934,100.6627828763034,10066.278287630339,12637.49229210459,160.7058333333332,2410.5081711409166,515.2137314695253,503.55674145708946,11124.542196031112,1512.9500960734763,12637.49229210459,58.83333333333331,803.529166666666,4.821016342281833,6.418845380623023,6.687649985365269,7.058750939106287,6.875392814559588,,,,
689,168,115920,4.367448806762695,16326.656123876572,97.4707779024085,9747.077790240848,12648.32027697244,149.4541666666666,2751.788320064923,531.2871528094538,518.5622476205828,11068.070172857795,1580.2501041146459,12648.32027697244,54.20833333333333,747.270833333333,5.503576640129847,7.2621949145379,7.002563932115153,7.142506641936289,6.826220578058101,,,,
690,168,116088,4.411829710006714,16369.346574306488,103.30299826322666,10330.299826322665,12752.042688798578,121.2108333333332,2300.532029142578,518.7008139672221,506.7095172001299,11086.884720951606,1665.1579678469698,12752.042688798578,45.49999999999994,606.0541666666659,4.601064058285155,6.974981803629578,6.54326605330451,7.050274626102226,7.0691265197874085,,,,
691,168,116256,4.4173665046691895,16411.346440792084,94.83608958520855,9483.608958520856,12679.248999667394,139.84500000000003,3055.795041146538,564.1382126468943,547.6283390569812,11154.82136823173,1524.4276314356648,12679.248999667394,46.87500000000001,699.2250000000003,6.111590082293077,7.296143827499028,7.020405572434156,7.271380759049147,7.246755350951849,,,,
692,168,116424,4.420407772064209,16454.364625930786,97.30133240425155,9730.133240425155,12716.233667893881,111.45833333333331,2874.6420941353927,544.8469748788549,532.9799375981297,11121.661575875456,1594.5720920184265,12716.233667893881,39.41666666666666,557.2916666666665,5.749284188270785,7.413697596765161,6.863754608511306,7.221952864457654,7.033028147042963,,,,
693,168,116592,4.677148103713989,16497.818305015564,99.41939941597028,9941.939941597027,12634.765848502337,154.1816666666665,2538.644240238642,507.7589856099189,494.5549131220014,11104.55399766085,1530.2118508414867,12634.765848502337,57.916666666666615,770.9083333333326,5.077288480477284,7.154265055354647,6.6247469577073055,7.005779399224534,6.691799971176941,,,,
694,168,116760,4.504247665405273,16542.52649950981,92.16752286882326,9216.752286882325,12681.1241950023,207.13999999999996,3257.231908119972,573.4210518773837,558.5829953540481,11096.170307913006,1584.9538870892916,12681.1241950023,70.79166666666666,1035.6999999999998,6.514463816239944,6.830154512149343,6.761860179003942,7.275989649846681,7.395451868380532,,,,
695,168,116928,4.518711566925049,16586.441440582275,90.30532489890619,9030.532489890618,12744.14546820548,130.49250000000006,3583.1204783148605,683.8589467421563,672.4779276778781,11162.034733189474,1582.110735016006,12744.14546820548,45.66666666666669,652.4625000000003,7.166240956629721,6.9268230441639735,6.8866455807251095,7.422957990068132,6.975207623740208,0.10009056329727173,45.69956588745117,2.9522335529327393,0.0021206182427704334
696,168,117096,4.530696153640747,16632.10694551468,84.9747656522809,8497.47656522809,12835.62458359114,180.5325000000001,4157.615518363051,729.0950754693378,715.654985285644,11156.842191458592,1678.7823921325498,12835.62458359114,67.00000000000006,902.6625000000004,8.3152310367261,7.416290159374479,6.064379560154889,7.4738577750271675,6.653220276881858,,,,
697,168,117264,4.387732028961182,16675.889965057373,101.25244058696428,10125.24405869643,12753.94675883081,151.77666666666693,2476.926033467714,519.4924445766909,507.3839550267237,11131.83047414311,1622.1162846876991,12753.94675883081,55.79166666666676,758.8833333333345,4.953852066935428,7.469778426697789,6.43465637346421,7.082135893444491,6.898578429865012,,,,
698,168,117432,4.32647705078125,16720.793340682983,94.8406790661378,9484.067906613778,12674.031151623136,145.22833333333304,3044.7349116760233,513.6906272958693,497.3194023764244,11089.335507413594,1584.6956442095407,12674.031151623136,57.541666666666565,726.1416666666652,6.089469823352046,6.989262835796161,5.77423016271464,7.0623649568099856,6.6367698346238475,,,,
699,168,117600,4.386015176773071,16765.561688184738,92.12557828776323,9212.557828776324,12719.503178869376,143.44249999999994,3363.502850093051,535.0244051750885,521.2493887490496,11127.917889890148,1591.5852889792272,12719.503178869376,55.79166666666664,717.2124999999996,6.727005700186103,6.933791544413691,6.211172578166371,7.18049742875864,6.592529807119211,,,,
700,168,117768,4.39775538444519,16810.639281749725,98.23911095370612,9823.911095370611,12697.043406449626,141.70000000000005,2731.432311079013,547.1059040767499,535.7980651393428,11128.617301062925,1568.4261053867017,12697.043406449626,53.00000000000001,708.5000000000002,5.462864622158026,6.980808439143045,6.5851035723516,7.129430465161257,6.728370268493806,,,,
701,168,117936,4.35787296295166,16854.444136619568,87.67039717114868,8767.039717114869,12746.973898191052,187.98583333333372,3791.9483477428507,601.3993817211333,585.0549026857216,11166.3726182682,1580.6012799228517,12746.973898191052,70.50000000000017,939.9291666666686,7.583896695485701,7.2568121662817235,5.59091943704558,7.341768522216236,6.718020233718453,,,,
702,168,118104,4.390862941741943,16898.707546710968,100.128677072257,10012.8677072257,12606.286460339314,140.99833333333345,2452.4204197802806,540.5838073949949,528.4423339701566,11010.73231595972,1595.5541443795935,12606.286460339314,52.08333333333338,704.9916666666671,4.904840839560561,6.695202853547633,6.648451520354653,7.0805387569219045,7.004194014732811,,,,
703,168,118272,4.372104644775391,16946.147086381912,99.21963526921812,9921.963526921812,12712.328723156661,141.4533333333333,2648.9118629015156,530.2539639128447,518.5633564079758,11159.259450829426,1553.069272327235,12712.328723156661,49.70833333333334,707.2666666666664,5.297823725803031,7.116526731648454,6.797075746720499,7.155850326394729,7.0648591078522145,-0.05962686613202095,34.200836181640625,2.963672161102295,0.0027947810012847185
704,168,118440,4.3611838817596436,16993.468655347824,100.52174410457222,10052.17441045722,12759.74951974347,131.2474999999999,2576.327609286249,522.341729491196,510.54429698239505,11121.518935030812,1638.2305847126586,12759.74951974347,48.37499999999995,656.2374999999995,5.152655218572498,7.031177852472165,6.5498777988519015,7.1322879410973155,6.981784731045219,,,,
705,168,118608,4.373699903488159,17040.224895715714,93.7275049656032,9372.750496560318,12801.594272914825,142.30749999999992,3286.5362763545045,553.1725478212045,540.6635066781555,11172.522143728795,1629.0721291860286,12801.594272914825,53.87499999999996,711.5374999999996,6.573072552709009,7.236065369708974,6.349202079604894,7.2382996597179465,6.739523561894852,,,,
706,168,118776,4.369633436203003,17087.152940750122,96.1403037448217,9614.030374482169,12644.561516735042,162.17250000000016,2868.358642252873,569.5410818935093,558.5162703800145,11061.49480128432,1583.066715450723,12644.561516735042,59.5833333333334,810.8625000000009,5.736717284505746,6.843183697473278,6.573725632161784,7.187633408728916,6.830818827920033,,,,
707,168,118944,4.358482360839844,17131.934321641922,96.16047903694223,9616.047903694223,12739.981241534413,127.41833333333318,2996.515004506856,547.6725907150433,535.9948129956005,11150.13878290828,1589.842458626131,12739.981241534413,46.124999999999936,637.0916666666658,5.993030009013712,7.284605135966327,6.703115840436796,7.2378585600314,6.93977713959877,,,,
708,168,119112,4.406322956085205,17180.20609498024,90.73959065066174,9073.959065066174,12692.0364436076,148.47250000000014,3469.604878541427,637.9521806913826,626.0929078224972,11076.208466252117,1615.8279773554823,12692.0364436076,53.87500000000006,742.3625000000008,6.939209757082853,7.7177771547991245,6.552128125691843,7.352955246310138,6.806363757509085,,,,
709,168,119280,4.3302435874938965,17225.07626104355,104.2011276987337,10420.11276987337,12713.154744884792,118.14416666666656,2174.897808344755,511.93615525727955,498.50865635195765,11111.47821335078,1601.6765315340135,12713.154744884792,42.374999999999936,590.7208333333328,4.34979561668951,6.915766644840598,6.7759543091434935,7.021044248853071,7.323337103748519,,,,
710,168,119448,4.3819215297698975,17268.426938533783,61.51467025631883,6151.467025631882,6905.546190105094,189.68166666666642,564.3974978065437,5189.117445262708,5158.780890918504,3642.9333938852787,3262.6127962198143,6905.546190105094,63.874999999999915,948.408333333332,1.1287949956130876,4.8632893799266625,8.14495942784669,5.583927932310842,6.9983635921516925,,,,
711,168,119616,4.32638144493103,17313.877024173737,95.32279785164081,9532.27978516408,12737.982086369333,133.19,3072.5123012052527,550.0566624648561,538.5389054734285,11139.52164416586,1598.4604422034754,12737.982086369333,50.74999999999999,665.9499999999998,6.145024602410505,7.219139283934212,6.437551072513456,7.210622386575285,6.698285987620339,0.08255773037672043,44.354923248291016,2.9895737171173096,0.0020766700617969036
712,168,119784,4.413933992385864,17358.308467149734,94.42998443214324,9442.998443214325,12716.667985328357,156.91416666666646,3116.7553754473656,610.0443430316323,597.9169910563364,11132.418611663486,1584.249373664872,12716.667985328357,55.791666666666586,784.5708333333321,6.23351075089473,7.4375065931640725,6.688308855039729,7.280525181160532,6.930014443132041,,,,
713,168,119952,4.388644456863403,17401.734721183777,96.08104730307448,9608.104730307448,12685.199722998206,148.92833333333337,2928.1666593574246,540.3039379731077,529.3182074259587,11099.679607973725,1585.5201150244795,12685.199722998206,55.54166666666666,744.6416666666668,5.8563333187148485,7.035172423407567,6.496676099415938,7.193601763444535,6.798232929126622,,,,
714,168,120120,4.4177610874176025,17448.907891511917,100.85417121753865,10085.417121753866,12657.226776406755,157.87166666666621,2413.937987986222,811.78235339706,799.0326828304428,11022.772825136235,1634.4539512705173,12657.226776406755,58.7916666666665,789.3583333333311,4.827875975972445,6.960607435672823,6.637176358113789,6.987937724373839,6.782782226471752,,,,
715,168,120288,4.35949182510376,17493.81493282318,96.87267687135558,9687.267687135558,12706.129101312003,130.63166666666663,2888.2297475097794,546.4994899446131,535.2537130935328,11125.783914276248,1580.3451870357549,12706.129101312003,47.04166666666667,653.1583333333331,5.776459495019559,7.2629379186899765,6.73173778089868,7.225387706491453,6.923472504730254,,,,
716,168,120456,4.406175374984741,17538.376543045044,98.94516942608095,9894.516942608097,12747.55697450225,160.25166666666655,2692.7883652274863,527.3568663729718,515.1673382227201,11136.477056203466,1611.0799182987837,12747.55697450225,59.541666666666615,801.2583333333328,5.385576730454973,7.124939787998467,6.325600559151027,7.137336435670526,6.978403290237276,,,,
717,168,120624,4.483022451400757,17582.06859087944,42.32705430192338,4232.705430192338,12376.490116363868,194.48250000000007,7949.30218617153,537.3301571914182,482.61603177120594,11076.936448068845,1299.553668295022,12376.490116363868,75.04166666666669,972.4125000000003,15.898604372343058,7.687662259236244,2.006577823227646,7.176777460790064,5.276435947807008,,,,
718,168,120792,4.420825719833374,17627.04342341423,88.88609036888742,8888.609036888742,12693.130598875514,155.9549999999998,3648.5665619867714,541.4315314033506,521.3639755011104,11131.247150017794,1561.883448857719,12693.130598875514,61.833333333333265,779.7749999999991,7.297133123973542,7.255151386821548,2.2564640613196993,7.206448484798019,6.534050925325398,,,,
719,168,120960,4.380178451538086,17672.527858018875,93.46373384643786,9346.373384643786,12771.7137376835,157.28583333333333,3268.05451970638,620.2407033844278,604.5717863733821,11181.002132660758,1590.7116050227403,12771.7137376835,54.54166666666667,786.4291666666667,6.536109039412759,7.161183191792668,6.805652199853477,7.332425387378494,7.126820668177691,0.05506674200296402,47.61777877807617,2.974458694458008,0.0023456166964024305
720,168,121128,4.403979539871216,17718.006883621216,84.7560854297152,8475.60854297152,10348.304063702666,153.82750000000016,1718.8680207311463,1131.0182659143168,1117.4725860592189,8808.830075996155,1539.4739877065113,10348.304063702666,52.708333333333385,769.1375000000007,3.4377360414622924,4.89320582106301,7.561706528434818,6.608505605173928,7.043913167897448,,,,
721,168,121296,4.370216131210327,17761.92321538925,98.57019389187332,9857.019389187331,12774.396254513511,122.11166666666665,2795.265198659513,533.8193481267922,521.6871813787254,11098.695102366964,1675.7011521465477,12774.396254513511,47.66666666666665,610.5583333333332,5.590530397319026,7.1452924234441815,6.262005170354596,7.154512308315778,6.919772269583448,,,,
722,168,121464,4.368006706237793,17806.65563893318,63.87984370593172,6387.984370593173,9265.73557922658,159.0158333333332,2718.7353753000766,1032.1623599898867,1013.1133016145128,7469.9876470188465,1795.747932207735,9265.73557922658,53.79166666666664,795.079166666666,5.437470750600154,4.68611915971832,7.551866529337477,5.812234172961228,7.271896572194895,,,,
723,168,121632,4.417304992675781,17850.932344913483,90.2960630256658,9029.60630256658,12773.053525128968,154.21583333333342,3589.231389229054,579.3902070147562,566.3429264431982,11141.853954344271,1631.1995707846966,12773.053525128968,58.08333333333336,771.0791666666669,7.178462778458108,7.498632184056376,6.18531076257616,7.310523516067254,6.709440056691885,,,,
724,168,121800,4.363080739974976,17896.692264080048,96.9568015390776,9695.68015390776,12744.47648551481,139.8308333333332,2908.965498273717,540.5373292551456,528.8639553192428,11108.294420187158,1636.1820653276511,12744.47648551481,52.37499999999997,699.1541666666659,5.817930996547434,7.087881596915059,6.443404233868578,7.202502631929382,6.9211121923568,,,,
725,168,121968,4.355416774749756,17942.02453994751,107.19055494006291,10719.055494006292,12621.163567572521,127.10333333333313,1775.0047402328973,505.5614286285613,493.761838367565,11030.15939728607,1591.0041702864519,12621.163567572521,48.20833333333325,635.5166666666655,3.5500094804657945,6.862253778501152,6.601111314347007,6.87836433659903,6.917210136641374,,,,
726,168,122136,4.3575944900512695,17988.360513687134,94.2756371976833,9427.563719768332,12702.520463414741,143.3866666666667,3131.570076979743,554.0117533341966,543.1680619618202,11146.90371252131,1555.616750893431,12702.520463414741,53.29166666666667,716.9333333333336,6.263140153959487,7.147259930674184,6.538950632342654,7.249382015468076,6.746983193917476,,,,
727,168,122304,4.3372721672058105,18034.10086297989,101.91031795729599,10191.0317957296,12720.029735014843,145.27416666666673,2383.7237726185776,518.1479688751265,505.4500351297032,11128.073612727996,1591.9561222868467,12720.029735014843,51.50000000000004,726.3708333333336,4.767447545237156,7.074465891422649,6.700637831947381,7.078078151780583,7.198005398408673,0.07003019750118256,42.56901931762695,2.972693920135498,0.0017088607419282198
728,168,122472,4.403446197509766,18079.573225975037,84.7051424481784,8470.514244817841,10586.02960204516,206.1550000000003,1909.3603572273198,1685.2968302456807,1665.3345053371413,8946.884359028914,1639.1452430162476,10586.02960204516,71.41666666666674,1030.7750000000015,3.81872071445464,6.6076930415285275,7.981338363190872,6.4511475584291675,6.9296175582618,,,,
729,168,122640,4.404723405838013,18124.92484688759,101.05933724996515,10105.933724996514,12649.050312750798,138.34166666666653,2404.7749210876186,514.022907588533,502.41368903273536,11149.755620375778,1499.294692375023,12649.050312750798,50.958333333333286,691.7083333333327,4.809549842175237,7.1138862212787854,6.7585811878019575,7.070643958856174,6.800933084726326,,,,
730,168,122808,4.339247941970825,18170.494007349014,91.18741293668586,9118.741293668587,12773.610338997725,131.58166666666665,3523.2873786624723,649.1224446051249,638.0467963161059,11141.56557761477,1632.0447613829542,12773.610338997725,47.91666666666667,657.9083333333333,7.046574757324944,7.211753846010682,6.64619785148523,7.403258655288177,6.799410459163407,,,,
731,168,122976,4.330404996871948,18218.795486927032,93.13458243940914,9313.458243940915,12802.78434188334,127.455,3361.8710979424272,591.7388748731216,580.1340578721754,11179.958281125113,1622.826060758227,12802.78434188334,46.999999999999986,637.2750000000001,6.723742195884855,7.246250483860642,6.610899150005028,7.333861662703147,6.789840114559955,,,,
732,168,123144,4.404095888137817,18266.84227705002,93.53914493646661,9353.91449364666,12747.52595087959,103.61083333333333,3290.0006238995966,611.7334355111108,599.9047883767123,11109.785204226446,1637.7407466531438,12747.52595087959,36.499999999999986,518.0541666666666,6.580001247799194,7.504756473880283,6.853300269293066,7.340433867278871,7.0297298296880495,,,,
733,168,123312,4.440371990203857,18314.636679172516,103.4632964712908,10346.32964712908,12798.34437806227,151.58333333333337,2300.4313975998557,591.700423199474,579.9551125381662,11154.031154376866,1644.313223685403,12798.34437806227,54.2916666666667,757.9166666666667,4.600862795199712,7.157268645650255,6.649698013822084,7.020977248523596,7.0467902389245625,,,,
734,168,123480,4.403678894042969,18363.02614879608,98.66215026005749,9866.21502600575,12555.659778901292,154.97250000000014,2534.4722528955426,519.5444517232581,508.01063363492375,11054.523634654743,1501.136144246549,12555.659778901292,57.45833333333338,774.8625000000006,5.068944505791085,6.738462422468736,6.653202464775544,7.0816310134657625,6.801195644486263,,,,
735,168,123648,4.389275789260864,18410.691035985947,97.17774460011745,9717.774460011746,12661.137783086237,124.38583333333332,2818.97748974116,538.8224028728501,525.9718597703912,11119.199875244092,1541.9379078421453,12661.137783086237,43.16666666666668,621.9291666666666,5.63795497948232,7.2623174224727665,6.9281634338010045,7.19667215249013,7.206311083892477,-0.04126850143074989,37.19943618774414,2.9403748512268066,0.002879757434129715
736,168,123816,4.374000072479248,18457.500755786896,82.92582672224698,8292.582672224697,12654.744284563498,150.10083333333347,4212.060779005467,589.299004800913,557.6526380908117,11143.739626989274,1511.0046575742233,12654.744284563498,56.66666666666673,750.5041666666674,8.424121558010935,7.722705069812359,6.193208646510948,7.331675687430872,6.582663566130216,,,,
737,168,123984,4.295174598693848,18503.25829601288,76.05794524417857,7605.794524417856,8741.383574325728,136.3458333333332,999.2432165745387,3356.77017190191,3337.695276187718,6266.248141320013,2475.135433005715,8741.383574325728,46.791666666666615,681.7291666666658,1.9984864331490773,5.1071270206407196,7.319450472909307,6.159084457122638,7.0199699556469985,,,,
738,168,124152,4.470666170120239,18549.116447925568,93.15710537316033,9315.710537316034,12656.237758972336,133.17500000000004,3207.352221656303,592.7398143489646,580.8820120557616,11119.991924319453,1536.2458346528842,12656.237758972336,46.500000000000014,665.8750000000001,6.414704443312605,7.289311749878995,6.958952892868377,7.316646726079666,6.960741288640512,,,,
739,168,124320,4.401088714599609,18594.837154865265,97.61833590321098,9761.833590321097,12698.147077086713,130.31166666666647,2806.0018200989493,573.680515386335,562.2099972252972,11120.294989433292,1577.852087653423,12698.147077086713,47.70833333333328,651.5583333333323,5.612003640197898,7.105111165452976,6.742964184651888,7.196331434634617,6.8364774074635974,,,,
740,168,124488,4.425185203552246,18641.54083752632,95.07781904868627,9507.781904868627,12619.03324465282,190.70833333333348,2920.543006450859,589.3935751401448,577.505907512699,11057.830307678289,1561.2029369745305,12619.03324465282,65.54166666666671,953.5416666666677,5.841086012901718,6.896833833176857,7.2451182454031775,7.229454140814095,6.995771077538458,,,,
741,168,124656,4.364677906036377,18687.157605409622,99.93214265045592,9993.21426504559,12501.999024017856,114.58333333333337,2394.201425638931,512.8007947028536,500.77390036490544,11061.20510006694,1440.7939239509153,12501.999024017856,40.04166666666667,572.916666666667,4.788402851277862,6.884313866488341,7.190408966495563,7.083530807553886,7.129021690152567,,,,
742,168,124824,4.585152626037598,18732.291785001755,100.0992697844608,10009.92697844608,12650.744796117067,119.74416666666669,2521.0736510043207,521.0634038058887,509.6642253922265,11062.886999731836,1587.8577963852308,12650.744796117067,44.750000000000014,598.7208333333333,5.042147302008642,6.706026049737134,6.706377590908577,7.112973957279142,6.907048880774845,,,,
743,168,124992,4.410290718078613,18777.750098466873,94.97379331575507,9497.379331575508,12522.075432935351,150.47750000000002,2874.218601359843,558.910482973148,546.7216814116302,11099.54042021986,1422.5350127154886,12522.075432935351,51.124999999999986,752.3874999999999,5.7484372027196855,6.979565133949252,7.220512026589769,7.220265618142161,7.189993569132479,0.03465840592980385,34.86572265625,2.9376285076141357,0.0027797676157206297
744,168,125160,4.373110055923462,18823.537299871445,81.05740887042352,8105.7408870423515,12566.687331917421,201.57583333333343,4259.370611541735,583.162366183912,560.9060448286245,11157.408511128746,1409.2788207886738,12566.687331917421,73.58333333333336,1007.8791666666671,8.518741223083472,7.3640905528119704,6.438851157096616,7.333599157984064,6.458567149377305,,,,
745,168,125328,4.602448463439941,18868.78810930252,102.90060309217971,10290.06030921797,12465.152890104542,176.6291666666669,1998.463414219903,540.5425964824985,528.2743742481782,11039.052966636902,1426.0999234676383,12465.152890104542,64.66666666666671,883.1458333333344,3.9969268284398054,7.129270711984808,6.776003787900814,6.910200604647459,6.809597544868751,,,,
746,168,125496,4.412381887435913,18912.021497011185,95.17162286543225,9517.162286543227,12691.187916103285,128.2274999999999,3045.7981295600584,539.2183037757825,527.1005675968128,11096.226071964422,1594.9618441388602,12691.187916103285,48.958333333333286,641.1374999999995,6.091596259120116,7.185239649217122,6.518550560525127,7.196112115048669,6.728429788496033,,,,
747,168,125664,4.446961879730225,18957.466729164124,102.22597578944553,10222.597578944551,12691.104099837568,140.89333333333337,2327.6131875596807,514.2828554492315,502.8948215429324,11107.59721957332,1583.5068802642468,12691.104099837568,50.875000000000014,704.4666666666669,4.655226375119361,7.031289919870132,6.6927234588536795,7.064298351473767,6.969992132677065,,,,
748,168,125832,4.36869478225708,19004.254867076874,95.3756541393727,9537.565413937271,12748.16262257388,125.04666666666668,3085.550541969944,557.0333403446239,545.6484825327351,11137.367176815442,1610.7954457584392,12748.16262257388,45.83333333333334,625.2333333333333,6.171101083939888,7.172769082678793,6.667223787323546,7.271742547618693,6.872439617614072,,,,
749,168,126000,4.409136772155762,19049.870193719864,96.6679810346822,9666.79810346822,12661.882623956062,142.26666666666654,2852.817853821175,543.6955198042793,531.9815350389023,11139.196819997615,1522.6858039584445,12661.882623956062,49.91666666666666,711.3333333333328,5.705635707642349,7.4872882824758715,6.999006618301297,7.204283004966693,6.937103481290386,,,,
750,168,126168,4.40569281578064,19094.80504631996,96.6279289172574,9662.792891725738,12548.18325328051,146.09333333333345,2739.297028221437,546.7146602320672,534.959735518959,11068.276523566035,1479.906729714474,12548.18325328051,51.45833333333337,730.4666666666672,5.478594056442873,6.827115940232087,6.936854969294641,7.181991903197901,7.027167422339032,,,,
751,168,126336,4.400345087051392,19140.958865642548,88.73783875806826,8873.783875806825,12767.857516338609,160.74500000000012,3733.328640531782,645.1735394190787,632.8441573704939,11142.594330933285,1625.2631854053232,12767.857516338609,60.41666666666673,803.7250000000006,7.466657281063564,7.044598496794101,6.261777160247594,7.371622446222576,6.733804436996645,-0.000719454896170646,39.899959564208984,2.901874542236328,0.003526594489812851
752,168,126504,4.390120029449463,19186.73888683319,100.23078770092039,10023.078770092037,12718.879882945479,123.13999999999993,2572.661112853443,521.0283858581412,509.30750983046937,11081.37205440445,1637.5078285410304,12718.879882945479,45.999999999999964,615.6999999999996,5.1453222257068845,7.083570258633504,6.578264110557826,7.125740111971354,6.930711110471362,,,,
753,168,126672,4.35082221031189,19232.60793375969,100.35689220877552,10035.689220877553,12637.141917359,125.80500000000018,2475.6476964814483,519.1381434249664,507.596047266394,11049.390109773249,1587.751807585753,12637.141917359,47.5833333333334,629.0250000000008,4.951295392962898,6.725682047242605,6.62013545264019,7.07751077791459,6.877618213792325,,,,
754,168,126840,4.377357721328735,19278.346180438995,97.562722975433,9756.272297543299,12655.911071891096,175.65083333333357,2723.987941014463,530.2072623550146,516.9212198527234,11104.75049044445,1551.160581446646,12655.911071891096,63.37500000000009,878.2541666666677,5.447975882028926,6.613170498733605,6.6048144936751765,7.150225402950848,6.9972288056599705,,,,
755,168,127008,4.578677415847778,19325.479639053345,93.46251577693519,9346.25157769352,12636.918758461648,146.77333333333343,3143.893847434795,536.4171242341151,523.7922738941811,11089.30834199119,1547.610416470457,12636.918758461648,55.75000000000004,733.8666666666672,6.287787694869591,6.936679830636534,6.472847989793936,7.181015269691802,6.692644880736587,,,,
756,168,127176,4.502691984176636,19372.595952510834,100.51459214747462,10051.459214747461,12686.191343775521,113.16833333333334,2521.5637956947276,510.80676560126966,498.8772830256335,11057.689019453428,1628.5023243220935,12686.191343775521,44.41666666666667,565.8416666666667,5.043127591389455,7.071414661066443,6.461671829893091,7.0587109994405965,6.814959114997387,,,,
757,168,127344,4.4568421840667725,19419.042086839676,97.82578963665357,9782.578963665355,12662.649309929671,148.67083333333326,2731.399512930983,511.560946890689,499.0550936703296,11076.333049482497,1586.3162604471752,12662.649309929671,56.79166666666667,743.3541666666663,5.462799025861965,7.113861839662223,6.304830169329866,7.0881306148315915,6.762774450155418,,,,
758,168,127512,4.58322286605835,19466.80547976494,98.8759941863085,9887.59941863085,12658.010778310352,216.2791666666668,2554.1321930128343,527.2097766359195,516.5426026339748,11162.105037954001,1495.9057403563513,12658.010778310352,76.25000000000003,1081.395833333334,5.108264386025669,7.052060652880597,6.797765894858747,7.1055527805118075,6.793959231268577,,,,
759,168,127680,4.423954725265503,19516.140672683716,100.43265308261633,10043.265308261634,12588.46210527829,169.8516666666668,2375.3451303499896,571.982661002351,560.074214777645,11078.773193978224,1509.6889113000657,12588.46210527829,62.37500000000002,849.2583333333339,4.750690260699979,7.006754064654746,6.6113957123581955,7.03660083194506,6.874638868486443,0.00044884494855068624,34.797828674316406,2.905352830886841,0.001962689682841301
760,168,127848,4.364875316619873,19565.082673311234,89.24578051150772,8924.578051150773,12548.560705147662,196.48666666666676,3427.495987330224,541.488060067474,524.3575859999274,11079.273459650334,1469.2872454973262,12548.560705147662,73.95833333333336,982.4333333333338,6.854991974660448,6.806631038874702,6.086751337449993,7.1757522544671835,6.518794336517051,,,,
761,168,128016,4.362628221511841,19614.412434577942,94.02018440140105,9402.018440140106,12739.994347294134,159.15333333333336,3178.8225738206943,560.4667354785781,548.8414888206103,11141.179915469842,1598.8144318242917,12739.994347294134,58.50000000000001,795.7666666666667,6.357645147641388,7.3023162881070895,6.415615225334444,7.274608778969541,6.793884195006273,,,,
762,168,128184,4.392235994338989,19663.520023345947,95.79147534110788,9579.147534110789,12608.5922669467,156.69500000000008,2872.749732835914,521.5819741877593,505.2376436033512,11073.490365365415,1535.1019015812867,12608.5922669467,54.58333333333335,783.4750000000004,5.745499465671827,7.0974050013609205,6.832855122509291,7.131344752375158,7.353825361669248,,,,
763,168,128352,4.391676664352417,19712.919615507126,96.55068961829514,9655.068961829515,12682.659429520223,161.36166666666654,2866.2288010240427,552.4742447350419,540.4839728143676,11097.654445561224,1585.0049839590006,12682.659429520223,60.08333333333331,806.8083333333327,5.732457602048086,7.0208881847335345,6.441326576839803,7.154372873597912,6.793970449312502,,,,
764,168,128520,4.36788272857666,19759.970665216446,100.61473846614606,10061.473846614605,12504.883753071052,157.4733333333334,2285.9365731231123,507.9163663834648,496.33266200744396,10974.021244848382,1530.86250822267,12504.883753071052,56.2916666666667,787.3666666666668,4.571873146246226,7.898590124189056,6.726321153706336,7.036325841300742,6.892820369955901,,,,
765,168,128688,4.409868478775024,19806.99686717987,83.21669488326864,8321.669488326865,12573.633213356658,185.3341666666667,4066.6295583631263,522.280577555641,489.177829210003,11109.284206601576,1464.3490067550813,12573.633213356658,70.7916666666667,926.6708333333336,8.133259116726252,7.1353058154955695,5.048854118872702,7.090321884094315,6.393132605083756,,,,
766,168,128856,4.4676172733306885,19855.316472053528,95.50879750140156,9550.879750140157,12708.624025046338,129.7274999999999,3028.0167749061816,512.3046717655131,497.2837246116088,11103.804749347772,1604.8192756985663,12708.624025046338,51.54166666666664,648.6374999999995,6.056033549812362,6.940481037795288,6.205835032436144,7.080404705223229,6.634609911867519,,,,
767,168,129024,4.357313632965088,19901.955938339233,101.00856309667213,10100.856309667211,12714.439842881153,152.0366666666665,2461.5468665472736,511.4828732977105,500.00756258029554,11113.71584699083,1600.7239958903244,12714.439842881153,55.2499999999999,760.1833333333325,4.923093733094548,7.193722658367765,6.563678406894374,7.0824880317387,6.950102812324058,-0.07788951694965363,32.174808502197266,2.9268746376037598,0.0031128041446208954
768,168,129192,4.337932109832764,19950.241806268692,97.26971116192249,9726.97111619225,12677.513378148338,133.26333333333343,2817.278928622755,516.1935016594683,503.3853666955929,11098.67609705073,1578.8372810976086,12677.513378148338,52.50000000000004,666.3166666666671,5.634557857245509,7.053577086922427,6.184570864594242,7.085710984494537,6.645921661283402,,,,
769,168,129360,4.380285024642944,19996.94225549698,99.73416222865576,9973.416222865575,12723.071954111896,112.74916666666655,2636.9065645796522,524.1288861150886,512.6084339612127,11108.305617833961,1614.7663362779335,12723.071954111896,43.624999999999964,563.7458333333327,5.273813129159305,6.958158429458334,6.589946990082715,7.104599335760493,6.772422267364763,,,,
770,168,129528,4.433682680130005,20042.937258005142,101.54185506121694,10154.185506121696,12542.552374622288,159.72999999999993,2228.636868500594,538.0257896614607,525.598550887896,11021.963030262097,1520.5893443601915,12542.552374622288,58.249999999999936,798.6499999999996,4.457273737001188,6.9143771558534945,7.14104426375661,6.97570973813797,6.880228814920985,,,,
771,168,129696,4.416211843490601,20089.75480723381,101.5387382941302,10153.87382941302,12403.262863015696,162.89833333333343,2086.4907002693426,829.472852127247,816.242336764639,10746.380200284715,1656.8826627309802,12403.262863015696,57.83333333333336,814.491666666667,4.172981400538686,6.675686183105528,6.73675047338178,6.921897984651064,7.090837603869568,,,,
772,168,129864,4.373018741607666,20137.009673833847,95.28798202353376,9528.798202353377,12705.9358397894,152.72416666666652,3024.413470769355,543.3435626341009,531.6336593754061,11117.159657468648,1588.7761823207493,12705.9358397894,55.95833333333329,763.6208333333326,6.04882694153871,7.134640486222338,6.563128566809053,7.224243273003941,6.8115362069795875,,,,
773,168,130032,4.482541561126709,20183.778839111328,81.90270668921872,8190.270668921874,12652.97701333759,161.99666666666673,4300.70967774905,584.9670031608504,559.0440882819713,11120.103347730223,1532.873665607367,12652.97701333759,63.04166666666667,809.9833333333336,8.6014193554981,7.028699921823065,5.4948488963753,7.259765748103037,6.475135221585486,,,,
774,168,130200,4.416705369949341,20229.742522716522,99.08099161551573,9908.099161551574,12791.09336691566,173.23666666666668,2709.7575386974204,548.7801101975369,532.7178525638556,11161.879106754219,1629.2142601614416,12791.09336691566,62.45833333333333,866.1833333333336,5.41951507739484,7.258991565703444,6.492983283398492,7.141196232895763,6.9911854350164635,,,,
775,168,130368,4.386764287948608,20276.890550374985,102.04496755906136,10204.496755906135,12685.493404103352,147.9125000000001,2333.0841481972157,515.03591900865,502.93373546425556,11045.050526212479,1640.4428778908714,12685.493404103352,55.041666666666735,739.5625000000005,4.6661682963944315,6.8631605208009265,6.430645037339429,7.051066943135657,7.05994607698418,0.031186604872345924,41.56695556640625,2.929133176803589,0.0017425765981897712
776,168,130536,4.385387420654297,20322.407356500626,89.75679994986021,8975.679994986021,12765.69615016353,172.88833333333332,3617.1278218441767,650.6751985044782,639.2238323014373,11144.579063501946,1621.1170866615853,12765.69615016353,62.70833333333331,864.4416666666666,7.234255643688354,7.211696662883619,6.441520914429439,7.397458784446617,6.786529840846586,,,,
777,168,130704,4.42733097076416,20370.82344007492,78.01269104495506,7801.269104495507,12606.141553052152,168.23999999999992,4636.632448556645,658.0635262001438,636.887319897882,11059.225986034393,1546.9155670177583,12606.141553052152,66.20833333333329,841.1999999999995,9.27326489711329,7.572695883584306,2.02980771392476,6.9312181140959,6.042166849388924,,,,
778,168,130872,4.421535491943359,20417.213755130768,97.90647921053643,9790.647921053642,12593.393535544434,159.3375000000002,2643.408114490791,532.5408032200374,520.1669337299783,11078.069636424667,1515.3238991197677,12593.393535544434,55.50000000000006,796.6875000000009,5.286816228981582,7.157918095197473,6.817949259835718,7.155270748453978,7.182110689634649,,,,
779,168,131040,4.418348550796509,20464.441923618317,91.94549883793778,9194.549883793778,12785.051922260569,156.91083333333336,3433.591205133457,632.5230437165839,620.6713899669608,11150.187184879673,1634.8647373808972,12785.051922260569,56.74999999999999,784.5541666666668,6.867182410266915,7.164532295851662,6.620523199966411,7.345689664955157,6.810145948102296,,,,
780,168,131208,4.3329784870147705,20511.622559309006,99.27372971024002,9927.372971024002,12613.258752293068,129.76166666666631,2556.1241146023995,521.7288916026214,510.3262745372699,11093.773784316054,1519.4849679770155,12613.258752293068,45.99999999999987,648.8083333333313,5.112248229204798,7.179712366223612,6.95905737515183,7.130436079754009,6.980337431524832,,,,
781,168,131376,4.470561504364014,20559.858506917953,104.30371458054503,10430.371458054502,12662.456839421915,152.28416666666686,2079.8012147007457,511.01031693927666,499.6281323822718,11042.358220312537,1620.0986191093775,12662.456839421915,56.87500000000007,761.4208333333344,4.159602429401491,6.822693575688297,6.481043339513466,6.969185401786859,6.859704720586018,,,,
782,168,131544,4.381269931793213,20608.481364011765,101.16279413673459,10116.27941367346,12521.942571887903,155.6649999999999,2249.998158214444,511.9948405263938,499.6884648772402,11023.110597218685,1498.8319746692182,12521.942571887903,59.58333333333326,778.3249999999996,4.499996316428888,6.931632943780839,6.354484222223504,6.921320662613608,6.642828858324779,,,,
783,168,131712,4.4756410121917725,20656.172005414963,92.13469053812014,9213.469053812014,12767.549350099336,191.54250000000005,3362.537796287322,601.3012807963576,588.7015843095123,11173.436866042613,1594.1124840567236,12767.549350099336,69.75,957.7125000000003,6.725075592574645,7.188370407141606,6.3994922203665645,7.263654298674957,6.673471163131115,-0.026706773787736893,36.79657745361328,2.9004530906677246,0.0022889485117048025
784,168,131880,4.376356363296509,20704.101014137268,94.97800792295729,9497.80079229573,11828.31978229522,170.01416666666637,2160.504823332826,628.6275448993508,615.567744889658,10238.17288113432,1590.1469011609001,11828.31978229522,62.749999999999886,850.0708333333318,4.321009646665653,5.547599736350992,6.484476107467919,6.903073587827495,7.027621397183599,,,,
785,168,132048,4.4188501834869385,20754.588934898376,91.95450445441976,9195.450445441977,11416.287166204278,186.18666666666684,2034.6500540956367,789.0452956377723,776.5949138688761,9897.767232174174,1518.519934030107,11416.287166204278,66.87500000000006,930.9333333333341,4.069300108191273,5.064647815879426,6.796224113194742,6.877794874595415,6.890997175071659,,,,
786,168,132216,4.36749792098999,20805.634014606476,99.6701886707264,9967.01886707264,12623.62595551899,158.2758333333335,2498.3312551130157,526.0839405909035,514.6759038017776,11122.843553378887,1500.7824021401022,12623.62595551899,55.33333333333337,791.3791666666675,4.996662510226031,6.942647329507161,7.338856088605234,7.109022452987682,6.8887687568214835,,,,
787,168,132384,4.3463969230651855,20856.27434372902,97.59637416858236,9759.637416858235,12506.468923909537,142.0858333333331,2604.745673717968,530.9300564807154,519.5062712790038,11043.257881628304,1463.2110422812325,12506.468923909537,51.95833333333326,710.4291666666655,5.209491347435938,6.7760110772141475,6.935774648484846,7.111655313735189,6.861299072034326,,,,
788,168,132552,4.318164587020874,20906.250102043152,77.52115095344078,7752.115095344078,12583.141459143613,161.0949999999999,4669.931363799536,518.7214302721351,494.7186568371798,11082.783089836405,1500.3583693072085,12583.141459143613,62.541666666666615,805.4749999999997,9.33986272759907,7.153924130427821,5.891561574574168,7.117853106634108,6.18317032739996,,,,
789,168,132720,4.344601631164551,20957.081347465515,71.4756216983239,7147.56216983239,8511.236875197115,161.99333333333337,1201.6813720313924,2579.078720600146,2559.6674222073802,6207.3849465330095,2303.8519286641067,8511.236875197115,58.29166666666668,809.9666666666669,2.4033627440627843,5.2011531857570015,6.940983246107549,6.08200359702902,6.899585088450489,,,,
790,168,132888,4.429788112640381,21007.244378566742,71.82978515030842,7182.978515030842,8881.291809009836,183.44416666666655,1514.869127312328,2696.7470633007383,2661.9675769703836,6549.377145636317,2331.914663373519,8881.291809009836,60.45833333333324,917.2208333333326,3.0297382546246556,5.2932736431253815,7.420085020540901,6.132115540663629,7.355370181826691,,,,
791,168,133056,4.478538990020752,21057.93286895752,86.7480592476187,8674.80592476187,12718.447656716642,173.66333333333336,3869.978398621438,572.1988391679745,556.4638606101389,11121.614494033814,1596.8331626828262,12718.447656716642,65.375,868.3166666666668,7.7399567972428756,7.23975362151879,6.2465373156787445,7.2908802745996395,6.552651166817174,0.04055659845471382,34.9293212890625,2.949915647506714,0.001539488323032856
792,168,133224,4.36939263343811,21106.157173633575,92.75449731377897,9275.449731377896,12754.625385663605,131.855,3347.320654285708,571.7232386410608,559.8468565080675,11150.54199032649,1604.0833953371148,12754.625385663605,49.249999999999986,659.2749999999999,6.694641308571416,7.557508997443088,6.499624499478092,7.276293274271528,6.676127322650734,,,,
793,168,133392,4.412535190582275,21154.69714307785,96.84706490132095,9684.706490132095,12177.804985357743,174.74083333333357,2318.357661892316,822.4924268390926,810.1070660840006,10549.775560767726,1628.0294245900172,12177.804985357743,62.41666666666672,873.7041666666678,4.636715323784633,6.399746240737248,7.0694759699065814,6.9111571030858405,6.834980893075958,,,,
794,168,133560,4.456050634384155,21202.75429916382,95.89498208288131,9589.498208288132,12393.70425149868,172.8733333333334,2631.332709877216,553.1674922969527,538.8466928423172,10873.992539754665,1519.711711744017,12393.70425149868,64.16666666666666,864.366666666667,5.262665419754432,7.886489674621824,6.358098748047311,7.04095442108929,6.7575921591291195,,,,
795,168,133728,4.405234098434448,21251.701921463013,102.1735231907814,10217.35231907814,12646.322018932966,143.8291666666667,2285.140533188159,524.9813855628852,508.3821923855111,11037.926210042817,1608.3958088901477,12646.322018932966,53.08333333333336,719.1458333333335,4.570281066376318,6.893649959305419,6.691473379879798,7.017710247227514,6.982792302048505,,,,
796,168,133896,4.394498586654663,21299.518627882004,95.39363699508462,9539.363699508462,12534.729165200832,171.90583333333328,2823.4596323590386,546.3710458214964,533.4969333793786,11104.686228117502,1430.0429370833313,12534.729165200832,58.33333333333332,859.5291666666662,5.646919264718077,6.974383808088597,7.094471815926805,7.200754422844925,7.186569170993422,,,,
797,168,134064,4.3885486125946045,21346.577527046204,98.84517424329692,9884.517424329691,12667.06343870815,152.77916666666664,2629.766847711792,529.0632842908055,517.8087227084484,11128.034503430812,1539.0289352773384,12667.06343870815,54.41666666666666,763.8958333333333,5.259533695423583,7.148334009593736,6.750638786875242,7.148765202848332,6.9310673357493355,,,,
798,168,134232,4.3991639614105225,21392.765833377838,78.97686509521327,7897.686509521329,10365.668476901952,179.44000000000005,2288.5419673806246,935.6379524428429,920.5249378451981,8932.556817819524,1433.1116590824267,10365.668476901952,60.000000000000014,897.2000000000003,4.577083934761249,5.0197643754988555,8.02983048144017,6.573405993414776,7.11608983304665,,,,
799,168,134400,4.4235804080963135,21439.805478572845,102.3292571680855,10232.925716808551,12580.455840671137,162.4725000000002,2185.0576238625836,528.041109350123,516.4477612468127,11109.45592635694,1470.9999143141936,12580.455840671137,58.95833333333337,812.362500000001,4.370115247725167,7.043887373476674,6.840485618605011,6.982939622346621,6.797644541975815,0.016902167350053787,39.87743377685547,2.9033071994781494,0.0034142485819756985
800,168,134568,4.443576097488403,21487.01061153412,97.92667702156882,9792.667702156883,12724.828468844025,147.72500000000025,2784.435766687142,533.4148233315284,521.9237265756685,11108.556785694851,1616.2716831491762,12724.828468844025,53.29166666666676,738.6250000000014,5.568871533374285,7.113954711611301,6.593602849218874,7.189542204598816,6.975095590836516,,,,
801,168,134736,4.373777151107788,21534.51267337799,91.44707396821336,9144.707396821335,12656.051959545124,138.34000000000003,3373.0045627237873,522.8881225840562,501.18123315711813,11095.584574462224,1560.467385082898,12656.051959545124,54.29166666666669,691.7000000000002,6.746009125447573,7.451230852726489,5.957834109293915,7.131452912104169,6.641506993014492,,,,
802,168,134904,4.402173757553101,21582.856216669083,96.40256689528687,9640.256689528687,12821.926567549439,135.84166666666684,3045.828211354085,596.6671817513881,585.1350114081845,11152.72605745868,1669.200510090758,12821.926567549439,50.45833333333341,679.2083333333342,6.091656422708169,6.996935675248622,6.550414105271314,7.250497777755224,6.845178569506619,,,,
803,168,135072,4.4226415157318115,21631.651252269745,95.91290339904893,9591.290339904892,12713.593405176875,176.69416666666677,2945.608898605314,573.3260723077303,560.6735962759708,11156.240243562126,1557.3531616147475,12713.593405176875,60.25000000000001,883.4708333333338,5.891217797210628,7.381717806219236,6.791354416956662,7.238847939975624,7.170928006210247,,,,
804,168,135240,4.448585033416748,21681.86966562271,98.84144446240664,9884.144446240665,12730.154658147374,152.76333333333338,2693.2468785733768,552.541629791152,540.2062465802446,11090.910006968565,1639.2446511788105,12730.154658147374,57.54166666666668,763.8166666666668,5.386493757146754,7.436546130144168,6.279597164023401,7.106138770210781,6.880074654484179,,,,
805,168,135408,4.361736297607422,21732.281737089157,98.44381361098588,9844.38136109859,12670.364588208486,137.20916666666676,2688.7740604432297,525.0334257029871,514.3723204871982,11120.749964208091,1549.6146240003955,12670.364588208486,49.75000000000001,686.0458333333337,5.377548120886459,7.19974638520153,6.961781025490568,7.148828968244141,6.761695822684842,,,,
806,168,135576,4.336445331573486,21826.995324611664,68.58015386356023,6858.015386356023,12370.405626819882,167.50083333333336,5344.889407130527,512.686987938919,434.33870392290737,11095.483677470378,1274.9219493495032,12370.405626819882,66.08333333333334,837.5041666666667,10.689778814261054,7.364310289270573,4.506373567005551,7.0541067515635785,5.838828403176972,,,,
807,168,135744,4.416919946670532,21971.322829961777,92.80622284659307,9280.622284659308,12748.880021445853,161.38583333333344,3306.871903453213,619.7112854083525,607.2856294500572,11163.120917028986,1585.7591044168682,12748.880021445853,57.41666666666672,806.9291666666671,6.613743806906426,7.26342487505204,6.961516166519925,7.281660805166872,6.789657896573436,-0.05233040452003479,30.180591583251953,2.9031805992126465,0.0021653282456099987
808,168,135912,4.386513948440552,22057.970539569855,98.20267345073611,9820.267345073611,12567.925004201483,156.69500000000016,2590.9626591278707,522.603118780354,511.057314241844,11092.25253875899,1475.6724654424916,12567.925004201483,54.58333333333336,783.4750000000008,5.181925318255741,7.35204027391867,7.09613557855969,7.133273011293464,6.927834800960549,,,,
809,168,136080,4.344602584838867,22108.779876470566,101.65019408461757,10165.019408461756,12664.305357744657,126.5316666666667,2372.754282616236,518.7473073916085,505.92046548002594,11135.460990983109,1528.844366761551,12664.305357744657,44.16666666666667,632.6583333333334,4.7455085652324716,7.036538134080251,6.928131029204227,7.077765985983976,7.283457157499974,,,,
810,168,136248,4.367191791534424,22168.083483695984,96.33698666168542,9633.69866616854,12722.070479894657,159.6591666666667,2928.7126470594485,546.9468488751068,534.6283142519342,11122.26905407535,1599.8014258193061,12722.070479894657,57.20833333333336,798.2958333333336,5.8574252941188965,6.917287819837585,6.659239560297567,7.2203793488802015,7.040741410007025,,,,
811,168,136416,4.348095417022705,22231.335392951965,96.70157419598713,9670.157419598712,12769.226762051,103.78833333333333,2995.281009118953,539.2879661505204,527.6684024561359,11110.50821090443,1658.7185511465714,12769.226762051,41.124999999999986,518.9416666666666,5.990562018237907,7.088227241551853,6.4242274051661,7.207132479825183,6.777877416585809,,,,
812,168,136584,4.3475353717803955,22291.72432565689,64.56717222841601,6456.717222841602,8491.661640168935,188.2108333333333,1846.733583994002,2460.0335204194453,2416.6169198188227,6768.342369240034,1723.3192709289024,8491.661640168935,60.04166666666663,941.0541666666666,3.693467167988004,4.882116595987894,8.572511765290603,6.283377593792582,7.351827267612365,,,,
813,168,136752,4.334448337554932,22349.88898420334,89.18922274402377,8918.922274402375,12819.473575540658,141.87583333333336,3758.675467804947,585.0277731016569,571.7245878528104,11178.273752873381,1641.1998226672758,12819.473575540658,55.25000000000001,709.3791666666668,7.517350935609894,7.345464858845215,5.731837169103057,7.329249423931755,6.634887044178095,,,,
814,168,136920,4.4056665897369385,22418.93642926216,104.55087601138209,10455.087601138208,12686.644597443523,147.9408333333334,2083.616162971982,510.9807025737488,499.5206054162268,11072.79779762647,1613.8467998170536,12686.644597443523,55.458333333333314,739.7041666666669,4.167232325943964,6.959130937798129,6.473003424013812,6.961334333784699,6.813946398919375,,,,
815,168,137088,4.359579086303711,22476.803081274033,47.618712347298306,4761.871234729831,12506.288487703538,178.10000000000008,7566.317252973708,558.8776316919609,528.1279691054262,11114.45673483537,1391.8317528681675,12506.288487703538,68.5,890.5000000000002,15.132634505947415,7.620203694813541,2.447834308366017,7.278871728278563,5.495127986535847,0.031064217910170555,31.07046127319336,2.91310977935791,0.002800026210024953
816,168,137256,4.37951135635376,22536.600048303604,95.372973972295,9537.2973972295,12676.62676305146,114.17583333333332,3025.153532488627,559.8430332866703,547.9878525596073,11160.53106169296,1516.0957013585012,12676.62676305146,38.75,570.8791666666666,6.050307064977254,7.410521141854862,7.03440564991612,7.264850154610702,7.129126293182034,,,,
817,168,137424,4.566615343093872,22595.28375697136,93.87938889303385,9387.938889303387,12683.894754076471,159.54416666666683,3136.411698106418,551.6029850107882,539.8017889809717,11109.632555694687,1574.2621983817835,12683.894754076471,58.875000000000036,797.7208333333342,6.272823396212836,7.486870663321023,6.4742160561166555,7.2390411125531795,6.735710392870696,,,,
818,168,137592,4.46533989906311,22652.14583182335,99.08996807298486,9908.996807298487,12680.948911507876,125.68916666666661,2646.2629375427227,537.4699917523967,526.1619297055881,11086.23956694105,1594.709344566823,12680.948911507876,45.20833333333331,628.445833333333,5.292525875085445,7.038995710774057,6.828808113098873,7.155907720418123,6.999970331380892,,,,
819,168,137760,4.459317684173584,22712.48468518257,100.54197343311549,10054.197343311549,12589.778285087628,134.72333333333322,2400.857608442746,522.6660049406105,511.21316783514476,11052.01605519266,1537.7622298949682,12589.778285087628,49.458333333333286,673.6166666666661,4.801715216885492,6.82822862072216,6.716699723176073,7.0853316628718925,6.96244935065408,,,,
820,168,137928,4.467930316925049,22772.00612616539,96.92925371215625,9692.925371215626,12787.265723666387,132.5775000000002,2961.7628524507613,552.1258134212987,540.793288322248,11177.812127411958,1609.4535962544278,12787.265723666387,48.4583333333334,662.8875000000012,5.923525704901522,7.309068816578441,6.601446913066944,7.235102268410688,6.863857725864845,,,,
821,168,138096,4.441446781158447,22834.547228574753,96.89523621872648,9689.52362187265,12531.19713105454,205.9983333333331,2635.675175848558,518.6244349558333,502.1323507911559,11074.516136261775,1456.680994792765,12531.19713105454,70.79166666666663,1029.9916666666657,5.271350351697115,6.290849975013702,6.92753611382467,7.084715205787425,7.31549571199739,,,,
822,168,138264,4.3323493003845215,22895.520975589752,91.65619122140984,9165.619122140983,12748.55733455232,127.1125,3455.825712411337,639.1735614926592,627.3572379224872,11146.684440476245,1601.8728940760752,12748.55733455232,46.99999999999999,635.5625,6.911651424822674,7.125944981192658,6.710275760194827,7.352407957608118,6.801268286201202,,,,
823,168,138432,4.364836692810059,22951.637763738632,88.52103498720976,8852.103498720975,12865.873603840144,150.54083333333338,3863.2292717858354,659.8280391864803,647.5518737712295,11164.49352804191,1701.3800757982342,12865.873603840144,55.75000000000002,752.7041666666669,7.72645854357167,7.4248970252212985,6.2658243390043,7.422224658465119,6.762171012109481,0.004408542066812515,26.80170249938965,2.8963913917541504,0.0013870166148990393
824,168,138600,4.421614408493042,23036.652603149414,90.4601373872265,9046.01373872265,12841.36761252405,150.66833333333335,3644.685540468069,758.0875859109408,745.0209576723948,11177.235357415459,1664.1322551085932,12841.36761252405,51.9166666666667,753.3416666666667,7.28937108093614,7.147646729336168,6.789189003328588,7.440907158235301,7.165355858052876,,,,
825,168,138768,4.346415996551514,23087.45573782921,92.00636858970813,9200.636858970815,12749.809839568163,128.34499999999997,3420.82798059735,571.0207836463043,559.2703366028359,11151.219017884956,1598.590821683207,12749.809839568163,47.999999999999986,641.7249999999999,6.8416559611947,7.270993715515682,6.569807959268766,7.304443063147747,6.729021705094768,,,,
826,168,138936,4.35749626159668,23152.89341211319,95.68238161974615,9568.238161974614,12745.113758517182,131.1958333333332,3045.6797632092344,550.8736190841081,539.3849681514776,11141.983974353356,1603.1297841638275,12745.113758517182,48.95833333333327,655.9791666666661,6.091359526418469,7.268565906480573,6.550513096238624,7.237459277965017,6.767898942675428,,,,
827,168,139104,4.407069444656372,23224.520904302597,92.90284774929535,9290.284774929536,12691.176617625255,183.57583333333343,3217.316009362386,573.0191158647176,559.319437624112,11118.293391045994,1572.8832265792594,12691.176617625255,65.41666666666669,917.8791666666673,6.434632018724772,7.440897262825271,6.5598769966315515,7.254912193953043,7.055524657391051,,,,
828,168,139272,4.725735664367676,23275.23344063759,93.59965321300814,9359.965321300815,12743.181581492281,135.15250000000015,3248.063760191466,614.3870108607505,602.8130816897283,11161.187674681481,1581.9939068108001,12743.181581492281,47.37500000000004,675.7625000000005,6.496127520382931,7.406226317498094,6.820346004707312,7.327264411669646,6.898703700346834,,,,
829,168,139440,4.409577369689941,23334.28853702545,95.31122705028602,9531.122705028603,12755.022785499625,138.9358333333334,3084.9642471376874,564.2707453931905,552.4664810702668,11118.785062233354,1636.2377232662682,12755.022785499625,49.958333333333385,694.679166666667,6.169928494275376,7.299747386168404,6.618165765135745,7.272060413024879,7.030007584452049,,,,
830,168,139608,4.403983116149902,23389.061580896378,99.94166654171946,9994.166654171946,12636.495393141795,137.91833333333335,2504.410405636516,537.0188508090696,525.5269067997814,11071.345813696164,1565.1495794456307,12636.495393141795,52.791666666666664,689.5916666666668,5.008820811273033,6.894835212575978,6.390787071132059,7.084201874801568,6.799987920031637,,,,
831,168,139776,4.430965423583984,23442.165266752243,93.84114895849312,9384.114895849312,12683.789465808939,174.3066666666667,3125.36790329296,604.6154841604482,592.789046928888,11116.28577531569,1567.5036904932504,12683.789465808939,63.08333333333333,871.5333333333335,6.25073580658592,6.991932565211877,6.677307851182281,7.245070022213123,6.788111053931324,0.051858268678188324,30.456335067749023,2.8863651752471924,0.003256720257923007
832,168,139944,4.425727844238281,23500.13112807274,99.55961332025421,9955.961332025421,12661.001362691932,120.7383333333333,2584.3016973331773,526.7506030865725,514.0876548284359,11085.229983107021,1575.7713795849108,12661.001362691932,42.91666666666667,603.6916666666664,5.168603394666354,7.2234489626947544,6.8201733616743345,7.138503791038953,7.135912380957895,,,,
833,168,140112,4.470950126647949,23556.247074365616,93.1987349328597,9319.87349328597,12681.100139944287,155.86916666666696,3205.3574799916505,557.5418177502236,544.5966895102226,11099.234071959218,1581.8660679850689,12681.100139944287,56.54166666666678,779.3458333333347,6.410714959983301,7.310775709869735,6.836451339962559,7.245683206017425,6.891112520063435,,,,
834,168,140280,4.4946935176849365,23617.562569141388,97.07527919308247,9707.527919308246,12186.713068279667,143.43666666666675,2335.7484823047525,554.2118687632192,542.7229001867988,10666.94137738736,1519.7716908923064,12186.713068279667,50.33333333333337,717.1833333333336,4.6714969646095055,4.463208507170973,7.353193034551495,7.01429663695173,7.015037843387076,,,,
835,168,140448,4.423119783401489,23691.12540435791,85.44525007910886,8544.525007910885,12625.13687795593,168.07666666666648,3912.5352033783793,655.1174283420299,640.9759037744134,10983.23084582694,1641.9060321289894,12625.13687795593,61.7916666666666,840.3833333333324,7.82507040675676,7.965181978447377,6.207036988812379,7.399178522671651,6.8129905995884075,,,,
836,168,140616,4.406869649887085,23793.868339776993,93.80680324559499,9380.680324559498,12675.094959461127,137.49583333333342,3156.918801568295,577.7808876229482,564.9678331348025,11111.314493804672,1563.780465656454,12675.094959461127,47.250000000000014,687.479166666667,6.31383760313659,7.221420788178108,6.8312691170544,7.301355073497983,7.252447592779796,,,,
837,168,140784,4.4243528842926025,23895.056177139282,92.71805068079149,9271.80506807915,12771.674368804277,152.16750000000002,3347.701800725129,563.9144007760677,552.0900665412189,11149.893009251484,1621.781359552795,12771.674368804277,56.166666666666686,760.8374999999999,6.695403601450257,7.408076835945255,6.491464454725666,7.277453576043921,6.731880824663584,,,,
838,168,140952,4.433451890945435,23971.891117572784,104.62620083374208,10462.620083374208,12725.84409392944,142.36333333333317,2120.8606772219,535.5719613724524,524.1376666269821,11125.614972136715,1600.2291217927263,12725.84409392944,50.66666666666662,711.8166666666657,4.2417213544438,7.324293774779108,6.979912941685559,7.001967027446261,6.892262967289328,,,,
839,168,141120,4.411654710769653,24033.887453079224,98.96278612442268,9896.278612442267,12567.091890291878,148.08083333333298,2522.7324445162767,524.8339190176716,512.9699719310129,11039.363291835889,1527.7285984559899,12567.091890291878,55.16666666666655,740.4041666666649,5.045464889032553,6.800756253835907,6.7441498792617,7.07463899685347,6.862298573039366,0.0745231956243515,28.93646812438965,2.884366273880005,0.0011948334285989404
840,168,141288,4.404325723648071,24109.825425863266,100.95255404777322,10095.255404777323,12570.910254233204,165.3641666666668,2310.290682789215,518.9425231743347,507.6312911014425,11053.622639481753,1517.2876147514512,12570.910254233204,58.1666666666667,826.8208333333339,4.62058136557843,6.935577838781436,7.120872035704805,7.056150874259277,6.916615610753067,,,,
841,168,141456,4.3929712772369385,24170.044763326645,88.02154839684049,8802.154839684048,12731.738838194713,159.41166666666675,3770.172331843999,701.9089805272322,689.4940626901441,11142.957641577656,1588.7811966170586,12731.738838194713,55.58333333333334,797.0583333333338,7.540344663687998,7.361427613675193,6.841694793823704,7.459842237686481,6.904143758443756,,,,
842,168,141624,4.4382805824279785,24248.868000507355,99.78364152079462,9978.364152079463,12513.117347031475,169.61749999999967,2365.135694952014,526.4542589289944,513.965634376196,11073.706002587685,1439.4113444437887,12513.117347031475,56.916666666666615,848.0874999999984,4.730271389904027,6.833645032818258,7.674044448115068,7.075199021230208,7.206537379108086,,,,
843,168,141792,4.582717180252075,24296.980595111847,96.30925704386132,9630.925704386133,12692.81479902972,163.4166666666668,2898.4724279769216,529.2664567905912,515.8772843096255,11126.50440345281,1566.3103955769102,12692.81479902972,60.08333333333337,817.0833333333339,5.796944855953843,7.2882999022001265,6.682760143111509,7.138067020015215,6.775057846970587,,,,
844,168,141960,4.3970935344696045,24362.354564666748,84.88129668040683,8488.129668040685,11065.096521542697,141.97249999999988,2434.994353502013,672.186492118544,659.7871349818115,9561.067337045384,1504.029184497311,11065.096521542697,50.291666666666636,709.8624999999995,4.869988707004026,4.55610001522096,7.65555316744196,6.668075162860605,6.940958997073695,,,,
845,168,142128,4.420908212661743,24410.1922018528,103.33344024660583,10333.344024660582,12681.2554074143,151.16583333333327,2196.7455494203846,518.4499717961044,506.63761325690234,11092.825265726111,1588.4301416881908,12681.2554074143,55.874999999999964,755.8291666666664,4.393491098840769,6.92365290694407,6.780592540218194,6.970374552891441,6.776958193019904,,,,
846,168,142296,4.409260272979736,24476.31626033783,91.60561582102923,9160.561582102922,12126.00154759775,159.16416666666686,2806.275798828161,601.1532659691704,587.6079566220637,10721.734169378473,1404.2673782192787,12126.00154759775,53.95833333333337,795.8208333333342,5.6125515976563225,7.18593378936992,8.096410576595451,7.105530824046809,7.0840223408302965,,,,
847,168,142464,4.3986334800720215,24522.948900938034,93.06052279637329,9306.05227963733,12717.927663723654,124.77000000000001,3287.105384086326,604.6658460753617,593.0625379945052,11114.47846517128,1603.4491985523748,12717.927663723654,45.45833333333333,623.8499999999999,6.574210768172652,7.228465583709908,6.74080676472912,7.339092354209787,6.846423027959981,0.03425569087266922,31.750864028930664,2.8722734451293945,0.001798823126591742
848,168,142632,4.381340026855469,24584.15347123146,86.80143500019811,8680.14350001981,12656.10995752069,166.51333333333332,3809.4531241675463,522.1062865403547,506.05591109614573,11107.820672695578,1548.289284825113,12656.10995752069,66.0,832.5666666666667,7.618906248335093,7.26403702628671,2.0214406604261423,7.105544394372636,6.378066190503814,,,,
849,168,142800,4.3715667724609375,24632.365913391113,81.44765474090484,8144.765474090484,12526.75950494572,175.81416666666678,4206.179864188568,568.6999223052405,537.5877718209854,11053.13470717711,1473.6247977686076,12526.75950494572,67.79166666666673,879.0708333333339,8.412359728377135,7.247733879643347,5.487551206598164,7.210741194100483,6.381277229750814,,,,
850,168,142968,4.350525617599487,24701.76044368744,102.1758899328548,10217.58899328548,12539.810742390222,109.1933333333334,2213.028415771407,518.7198719780142,506.8594359863303,10890.289793753764,1649.5209486364586,12539.810742390222,42.70833333333334,545.9666666666669,4.426056831542812,6.606097944760471,6.554990877508572,6.999171438421443,6.884278536937226,,,,
851,168,143136,4.419134140014648,24750.147642850876,91.20330021870285,9120.330021870284,12668.131400521292,117.60666666666657,3430.194711984341,637.9807391691941,624.1272113511619,11143.54502380831,1524.586376712983,12668.131400521292,38.49999999999998,588.0333333333328,6.860389423968682,7.338857606972298,7.21071269708981,7.380134556632898,7.335009913693181,,,,
852,168,143304,4.433744668960571,24818.464045763016,85.83719217872348,8583.719217872347,12644.175389292033,160.39083333333338,3900.0653380863523,552.0094476145907,526.7356890558872,11100.366886326832,1543.8085029652027,12644.175389292033,60.916666666666686,801.9541666666667,7.800130676172706,7.621156507948286,5.959579615295738,7.244313574455648,6.538490031783957,,,,
853,168,143472,4.392991781234741,24865.272185325623,89.42378537643582,8942.37853764358,12668.811816630476,174.9225,3551.510778986895,569.611769026963,556.8179755872834,11138.59284664633,1530.218969984146,12668.811816630476,64.41666666666666,874.6125,7.10302155797379,7.285583963116501,6.473949364038553,7.274440331854139,6.609943660472456,,,,
854,168,143640,4.399868011474609,24929.825850486755,93.91253861843893,9391.253861843892,12695.155788022363,167.43333333333348,3136.468592845137,546.4018504532474,527.3513032447597,11132.720371418989,1562.4354166033754,12695.155788022363,64.08333333333343,837.1666666666674,6.272937185690274,7.250365940650255,5.671021211248529,7.059530330246427,6.723842886609646,,,,
855,168,143808,4.366393804550171,24975.50203847885,92.79902688249351,9279.902688249353,12614.018969780687,148.90249999999972,3185.2137815313345,577.8170645922075,566.1739573160605,11140.419126731966,1473.5998430487211,12614.018969780687,50.12499999999994,744.5124999999986,6.37042756306267,7.597308875746016,7.264703985835385,7.310951054988163,6.993397880528216,-0.03586886078119278,21.777828216552734,2.8710074424743652,0.001288223429583013
856,168,143976,4.445417881011963,25035.56933736801,92.27407342073522,9227.407342073522,12607.146474341422,164.23000000000008,3215.509132267899,620.8389679122079,607.457910574544,11129.84153571304,1477.3049386283808,12607.146474341422,54.58333333333336,821.1500000000003,6.431018264535798,7.213712017993481,7.117341304680902,7.31849236683444,7.326915662527093,,,,
857,168,144144,4.380638122558594,25084.647084712982,92.58424648876007,9258.424648876009,12682.364994295647,155.5633333333335,3268.377012086307,549.6818478888499,535.6797925618785,11176.519409857492,1505.8455844381563,12682.364994295647,57.416666666666714,777.8166666666675,6.536754024172614,7.25609303625901,6.6281612604129885,7.21843637839478,6.77411725653088,,,,
858,168,144312,4.4307756423950195,25150.89691543579,101.06633017243847,10106.633017243847,12603.916538263098,126.86583333333314,2370.4176876859183,520.1306397840356,507.4647613330736,11069.083577812251,1534.8329604508467,12603.916538263098,43.7083333333333,634.3291666666656,4.740835375371837,6.964653025762699,7.165788917979671,7.076906415522077,7.285419923349867,,,,
859,168,144480,4.397860288619995,25199.943761348724,87.81040928532805,8781.040928532804,12740.541813130914,151.6025000000002,3807.8983845981093,582.0353355674164,566.6819533762537,11154.122386894505,1586.419426236409,12740.541813130914,55.916666666666714,758.012500000001,7.615796769196218,7.443653322035523,6.693413050391278,7.324826647390423,6.641600469347201,,,,
860,168,144648,4.42265248298645,25270.235692977905,95.05104108938578,9505.104108938576,12742.361087271773,130.09249999999986,3107.164478333195,566.1342865218477,554.438774517409,11159.020877924038,1583.3402093477346,12742.361087271773,46.49999999999997,650.4624999999993,6.214328956666389,7.363483473911377,6.738343452126957,7.275472116925349,6.94911083843221,,,,
861,168,144816,4.4854042530059814,25317.618317604065,101.83795274420669,10183.795274420669,12663.385078420755,122.80249999999995,2356.787304000087,512.1194259213021,499.9733380444976,11099.352303614733,1564.0327748060217,12663.385078420755,47.41666666666665,614.0124999999996,4.713574608000173,6.997382248423986,6.580505058408805,6.976680527245952,6.731270562337706,,,,
862,168,144984,4.4212141036987305,25385.941870212555,102.92326061583981,10292.32606158398,12615.985463816065,145.0750000000002,2178.584402232086,516.0478295995756,504.6695731075197,11068.830797736095,1547.1546660799727,12615.985463816065,50.25000000000003,725.3750000000009,4.357168804464172,6.951348956134869,7.654862904589151,7.016990900010024,6.965294222884798,,,,
863,168,145152,7.489629745483398,25436.594609737396,87.55535393929709,8755.53539392971,12832.44534224835,130.09083333333322,3946.819114985307,667.5472363674387,653.856876761422,11130.602361317151,1701.8429809311986,12832.44534224835,49.833333333333286,650.4541666666661,7.893638229970614,7.254218803727512,6.349987659504965,7.41198816907713,6.754743774089369,0.03397746756672859,25.338010787963867,2.863571882247925,0.00103788822889328
864,168,145320,4.471470832824707,25505.335151433945,98.31255245379315,9831.255245379314,12755.969165645134,160.90333333333325,2763.8105869324863,572.4762749018591,561.0261387495481,11143.8558936698,1612.1132719753357,12755.969165645134,57.708333333333336,804.5166666666663,5.527621173864973,6.897213155711868,6.8920847275664325,7.1655348698398,6.870921673727942,,,,
865,168,145488,4.474348068237305,25554.734498500824,100.40185575211794,10040.185575211794,12625.950067420179,163.18083333333328,2422.5836588750517,525.0424913772786,513.1372179025996,11114.166958709382,1511.783108710797,12625.950067420179,57.95833333333327,815.9041666666662,4.845167317750103,7.0638268047470145,6.822102084184189,7.085242567854737,7.004468068296752,,,,
866,168,145656,4.444104433059692,25609.765241861343,83.49796635345285,8349.796635345283,10626.635234279693,186.94750000000008,2089.8910989344085,1028.0097099143888,1013.6923110543532,9117.755784087363,1508.8794501923303,10626.635234279693,63.625000000000014,934.7375000000004,4.179782197868817,5.151246960034458,8.060913587463142,6.663358291118922,6.98118622016044,,,,
867,168,145824,4.387888193130493,25653.59494304657,97.19594658052534,9719.594658052534,12722.06863183929,143.4041666666669,2859.069807120089,543.0175125238736,531.7432985644612,11127.686593859833,1594.382037979457,12722.06863183929,52.54166666666674,717.0208333333344,5.718139614240178,7.205962326505858,6.593641276238616,7.202672687946968,6.907597838330903,,,,
868,168,145992,4.432128667831421,25719.953003168106,97.56342552513166,9756.342552513168,12438.80792122725,150.36666666666662,2532.098702047416,515.3840728477484,501.0788193599128,11065.155536004582,1373.652385222668,12438.80792122725,50.16666666666665,751.833333333333,5.0641974040948305,7.32699986868109,7.258986352906073,7.100049232206736,7.4626992504468985,,,,
869,168,146160,4.403770446777344,25766.66287255287,59.17690717876235,5917.690717876236,7152.647302479679,193.68666666666664,1041.2699179367773,4399.016070768258,4348.358786563214,4609.216865465985,2543.430437013693,7152.647302479679,62.66666666666664,968.4333333333332,2.0825398358735545,4.9345776133255885,8.346853285853602,5.7943897943428455,7.308995898503885,,,,
870,168,146328,4.4408183097839355,25851.110236167908,98.43734717875219,9843.734717875219,12573.77121153787,136.64499999999998,2593.3914936626506,525.6425544267346,513.468402171258,11071.890126566026,1501.8810849718443,12573.77121153787,47.83333333333334,683.2249999999999,5.1867829873253015,7.0369356621440495,6.89063680753816,7.140715951681926,7.170750632649375,,,,
871,168,146496,4.404552698135376,25901.302693367004,87.55700079870952,8755.700079870952,12706.786737390023,194.35083333333307,3756.7358241857355,593.1916982497407,579.3666916850259,11112.571267591298,1594.2154697987246,12706.786737390023,70.08333333333329,971.7541666666655,7.513471648371473,8.087907025011297,6.172187044440659,7.345289320100784,6.7116195819157705,-0.09587229788303375,19.286056518554688,2.9373526573181152,0.0022558835335075855
872,168,146664,4.466416835784912,25979.03204870224,99.23378603527689,9923.37860352769,12482.870649465225,133.61666666666656,2425.8753792708685,573.6801407067054,562.2726490961165,10853.15007660096,1629.7205728642643,12482.870649465225,47.958333333333314,668.0833333333326,4.851750758541738,7.830131186011672,6.669287499179687,7.0919399981307425,6.953994967279716,,,,
873,168,146832,4.491794586181641,26029.45067834854,89.74372528893561,8974.37252889356,12565.358151911949,133.74499999999995,3457.2406230183888,639.6731855869783,627.220077635613,11062.933739329157,1502.4244125827906,12565.358151911949,48.166666666666664,668.7249999999999,6.914481246036777,7.382086398001281,7.082604221509125,7.3014884928884385,6.767149129860757,,,,
874,168,147000,4.656283378601074,26107.24042916298,98.76009082621704,9876.009082621704,12695.141292734403,140.6899999999997,2678.4422101127,552.2650088832063,540.6936315455853,11149.911222227423,1545.2300705069804,12695.141292734403,46.541666666666615,703.4499999999985,5.3568844202254,7.299772543534949,7.997736950134755,7.164782580489817,6.984527865482374,,,,
875,168,147168,5.453309535980225,26166.061504602432,82.66040797786951,8266.04079778695,12847.104109023341,194.0350000000002,4387.028311236389,654.7977394979955,635.2238089246891,11219.962121798304,1627.1419872250362,12847.104109023341,73.8333333333334,970.1750000000009,8.774056622472777,7.337955790669654,2.053402003864378,7.386651264000797,6.486251204608406,,,,
876,168,147336,5.081615447998047,26243.26953125,89.46303087982126,8946.303087982127,12767.063069709548,173.80583333333362,3646.9541483940875,660.2809540879498,648.4217254753557,11108.671143449512,1658.391926260035,12767.063069709548,60.08333333333346,869.0291666666682,7.293908296788175,7.677566642012605,6.9321033703135795,7.407309820879897,6.8720349110493615,,,,
877,168,147504,5.02079701423645,26302.73736691475,97.03385722916275,9703.385722916273,12538.86678593943,196.4549999999998,2639.0260630231564,516.2781934169655,503.962810250116,11110.454621353803,1428.4121645856274,12538.86678593943,68.79166666666666,982.2749999999991,5.278052126046312,7.577697699213654,7.3564586572008155,7.062211262791517,6.735375901828344,,,,
878,168,147672,4.892751693725586,26379.150126218796,97.22646018052109,9722.646018052106,12672.564802850176,131.375,2818.5437847980693,528.0435730653508,516.3171306939903,11088.673757397364,1583.8910454528125,12672.564802850176,50.25,656.8749999999999,5.637087569596138,6.4016859509264545,6.6276325903765345,7.1423041482789635,6.7478740931323875,,,,
879,168,147840,4.854185581207275,26425.793726205826,96.29513260539699,9629.513260539698,12538.051887591839,158.62333333333336,2749.915293718809,527.397708918039,515.5910297420724,11141.934599162309,1396.1172884295327,12538.051887591839,56.74999999999998,793.1166666666668,5.499830587437619,6.889033504488674,7.018762735149178,7.146725633532487,6.874180960444941,-0.0143294557929039,23.148761749267578,2.879272699356079,0.001903353026136756
880,168,148008,4.723522901535034,26504.141156435013,103.26992239911243,10326.992239911244,12661.875629986764,134.09749999999997,2200.7858900755195,502.0356147065184,490.2267807387182,11049.059056435992,1612.81657355077,12661.875629986764,50.99999999999997,670.4875,4.401571780151039,6.819567314472783,6.512943315277141,6.989381350506919,6.846953700512746,,,,
881,168,148176,4.739230155944824,26559.88252210617,86.77050423930733,8677.050423930734,12646.754355133893,174.08916666666656,3795.6147645364936,632.4472461737112,615.5745395008896,11105.221378306336,1541.532976827557,12646.754355133893,64.25000000000001,870.4458333333328,7.5912295290729865,7.440436542380664,6.485197567640063,7.312283002699468,6.5817425966929175,,,,
882,168,148344,4.8489296436309814,26637.26965379715,96.90363574658812,9690.363574658813,12684.188365436567,104.3666666666667,2889.4581241110864,551.1651895371017,539.6715230725089,11092.939809309788,1591.248556126778,12684.188365436567,37.541666666666664,521.8333333333335,5.778916248222172,7.372408556805236,6.857821020246246,7.226031449059008,6.990592930102534,,,,
883,168,148512,4.6469409465789795,26693.336518764496,92.95446992063975,9295.446992063975,12683.2118397744,124.32083333333321,3263.4440143770917,598.0837914690298,585.7076675010405,11195.347069368392,1487.8647704060102,12683.2118397744,41.874999999999964,621.604166666666,6.526888028754184,7.282554479754134,7.102288771975752,7.332605472811914,7.120088038305364,,,,
884,168,148680,4.620192050933838,26769.583585739136,100.10842627416568,10010.842627416569,12710.829411419269,124.92333333333337,2575.0634506693655,514.611144905221,502.8591329874141,11079.159777083405,1631.669634335863,12710.829411419269,47.04166666666667,624.616666666667,5.150126901338731,7.258666722455638,6.558126584529537,7.110442608685561,6.847570329595473,,,,
885,168,148848,5.391859292984009,26830.583589553833,92.4464753421718,9244.64753421718,12721.719429537556,146.4925000000002,3330.579395320375,536.4898053272975,521.4333661777225,11113.876241042864,1607.8431884946908,12721.719429537556,58.00000000000009,732.462500000001,6.661158790640751,7.080989104842702,5.484509811223452,7.174236509079593,6.618583462711629,,,,
886,168,149016,5.566826820373535,26901.482630491257,104.78846825983595,10478.846825983597,12542.530133156848,162.6041666666667,1901.079140506586,794.1972804676029,781.9143065982267,10872.487694738651,1670.0424384181986,12542.530133156848,58.20833333333334,813.0208333333335,3.802158281013172,7.9345930817771695,6.678188254956268,6.8608803757804635,6.909532502462275,,,,
887,168,149184,5.375239849090576,26964.338180541992,95.97912684913216,9597.912684913215,12714.378962101102,156.31750000000005,2960.1487771878847,547.4367184057066,535.5484802103457,11135.329905594026,1579.0490565070745,12714.378962101102,56.08333333333334,781.5875000000001,5.92029755437577,7.229068578905126,6.6502003070467985,7.234890155420014,6.927163277606461,0.016290821135044098,24.77664566040039,2.878019332885742,0.002123157260939479
888,168,149352,5.950017690658569,27032.066447496414,98.97764143226149,9897.764143226148,12754.890240434372,136.1608333333334,2720.9652638748903,521.9236414068707,510.19135648108966,11124.279842522317,1630.610397912055,12754.890240434372,51.45833333333336,680.8041666666669,5.441930527749781,7.12226868116398,6.404304608151425,7.139661323616289,6.830258999222714,,,,
889,168,149520,5.304527044296265,27100.253264665604,95.49448362311117,9549.44836231112,12661.562263796079,144.08416666666676,2968.029734818296,505.048555560879,487.35959681932553,11109.487345124118,1552.0749186719609,12661.562263796079,56.83333333333339,720.4208333333338,5.936059469636593,7.469632699640071,5.8094329173605965,7.023512289647807,6.530904513516395,,,,
